date,portfolio_value,daily_return
1962-01-02,1215.38,
1962-01-03,1220.12,0.0039000148101826504
1962-01-04,1212.26,-0.006441989312526597
1962-01-05,1189.01,-0.019179053998317208
1962-01-08,1172.38,-0.013986425681869696
1962-01-09,1183.24,0.009263208174823845
1962-01-10,1182.74,-0.0004225685406172852
1962-01-11,1195.5,0.010788508040651346
1962-01-12,1193.37,-0.0017816813048934232
1962-01-15,1192.24,-0.0009468982796616565
1962-01-16,1182.01,-0.00858048715023818
1962-01-17,1165.75,-0.013756228796710679
1962-01-18,1166.88,0.0009693330473945494
1962-01-19,1177.12,0.0087755381873027
1962-01-22,1178.5,0.001172352861220638
1962-01-23,1167.63,-0.009223589308442803
1962-01-24,1169.88,0.0019269802934147595
1962-01-25,1160.74,-0.00781276712141421
1962-01-26,1153.76,-0.00601340524148386
1962-01-29,1146.13,-0.006613160449313482
1962-01-30,1140.88,-0.004580632214495783
1962-01-31,1168.0,0.023771124044597025
1962-02-01,1181.63,0.011669520547945345
1962-02-02,1190.5,0.007506579893875376
1962-02-05,1181.5,-0.007559848803023961
1962-02-06,1185.87,0.003698688108336734
1962-02-07,1188.98,0.002622547159469635
1962-02-08,1190.99,0.001690524651381864
1962-02-09,1196.0,0.004206584438156469
1962-02-12,1196.13,0.0001086956521740845
1962-02-13,1189.5,-0.005542875774372402
1962-02-14,1187.25,-0.001891551071878994
1962-02-15,1187.13,-0.00010107391029678947
1962-02-16,1187.5,0.00031167605906667895
1962-02-19,1181.37,-0.005162105263157968
1962-02-20,1182.6399999999999,0.0010750230664398064
1962-02-21,1175.99,-0.00562301292024614
1962-02-23,1173.25,-0.002329951785304263
1962-02-26,1172.0,-0.0010654165778819502
1962-02-27,1176.5,0.0038395904436860917
1962-02-28,1172.99,-0.002983425414364582
1962-03-01,1183.75,0.009173138730935504
1962-03-02,1189.1100000000001,0.004527983104540834
1962-03-05,1186.01,-0.0026069917837712175
1962-03-06,1186.49,0.0004047183413293798
1962-03-07,1186.01,-0.0004045546106583586
1962-03-08,1191.63,0.004738577246397702
1962-03-09,1196.87,0.004397338099913384
1962-03-12,1202.49,0.004695580973706592
1962-03-13,1204.49,0.0016632154945155353
1962-03-14,1205.12,0.0005230429476374976
1962-03-15,1202.62,-0.002074482209240558
1962-03-16,1208.38,0.004789542831484805
1962-03-19,1206.63,-0.0014482199308164523
1962-03-20,1204.37,-0.0018729850907073242
1962-03-21,1201.37,-0.0024909288673746754
1962-03-22,1199.74,-0.0013567843378807787
1962-03-23,1202.87,0.0026088985946954857
1962-03-26,1197.75,-0.004256486569620854
1962-03-27,1182.63,-0.012623669380087521
1962-03-28,1185.62,0.002528263277609799
1962-03-29,1184.6100000000001,-0.0008518749683708027
1962-03-30,1173.6100000000001,-0.009285756493698338
1962-04-02,1166.5,-0.006058230587674074
1962-04-03,1142.87,-0.020257179597085395
1962-04-04,1139.8899999999999,-0.002607470665955014
1962-04-05,1155.25,0.013474984428322179
1962-04-06,1153.8600000000001,-0.0012032027699631076
1962-04-09,1152.01,-0.0016033140935642898
1962-04-10,1152.25,0.00020833152489996287
1962-04-11,1142.52,-0.0084443480147538
1962-04-12,1124.8600000000001,-0.015457059832650555
1962-04-13,1136.99,0.010783564176875204
1962-04-16,1135.63,-0.0011961406872530445
1962-04-17,1139.38,0.00330213185632644
1962-04-18,1141.75,0.0020800786392598525
1962-04-19,1144.63,0.0025224436172543996
1962-04-23,1145.76,0.0009872185771819808
1962-04-24,1147.38,0.0014139086719733296
1962-04-25,1129.74,-0.015374156774564773
1962-04-26,1112.89,-0.014914936180005944
1962-04-27,1095.62,-0.015518155433151715
1962-04-30,1051.0,-0.04072579909092555
1962-05-01,1065.88,0.01415794481446242
1962-05-02,1076.62,0.010076181183622746
1962-05-03,1093.0,0.015214281733573642
1962-05-04,1090.89,-0.0019304666056724207
1962-05-07,1076.51,-0.013181897349870408
1962-05-08,1053.0,-0.021839091137100475
1962-05-09,1035.1100000000001,-0.016989553656220235
1962-05-10,1027.75,-0.007110355421163117
1962-05-11,1014.01,-0.01336900997324253
1962-05-14,1024.25,0.010098519738464207
1962-05-15,1033.25,0.008786917256529136
1962-05-16,1036.25,0.00290345995644814
1962-05-17,1025.87,-0.010016887816646669
1962-05-18,1032.8899999999999,0.006842972306432493
1962-05-21,1028.25,-0.004492249900763801
1962-05-22,1001.5,-0.026015074155117945
1962-05-23,973.62,-0.02783824263604595
1962-05-24,949.14,-0.02514327971898689
1962-05-25,944.76,-0.004614703837157896
1962-05-28,878.25,-0.07039883144925696
1962-05-29,918.14,0.04541986905778539
1962-05-31,942.25,0.026259611823904905
1962-06-01,937.12,-0.005444414964181465
1962-06-04,889.37,-0.05095398668260198
1962-06-05,871.77,-0.01978928904730315
1962-06-06,883.0,0.012881838099498832
1962-06-07,882.74,-0.00029445073612688333
1962-06-08,887.24,0.005097763780954834
1962-06-11,869.75,-0.019712817276047123
1962-06-12,830.12,-0.04556481747628627
1962-06-13,811.76,-0.022117284248060587
1962-06-14,781.87,-0.03682122794914755
1962-06-15,828.5,0.059639070433703756
1962-06-18,821.75,-0.008147254073627042
1962-06-19,825.24,0.004247033769394504
1962-06-20,811.13,-0.017098056323009092
1962-06-21,786.62,-0.03021710453318205
1962-06-22,779.64,-0.008873407744527273
1962-06-25,787.51,0.010094402544764236
1962-06-26,775.13,-0.01572043529605971
1962-06-27,789.26,0.018229200263181644
1962-06-28,818.25,0.0367306084180119
1962-06-29,817.37,-0.0010754659333944705
1962-07-02,841.63,0.029680560823127866
1962-07-03,851.5,0.011727243563085965
1962-07-05,856.24,0.0055666470933646295
1962-07-06,843.51,-0.014867326917686663
1962-07-09,852.38,0.010515583691953934
1962-07-10,864.25,0.013925713883479185
1962-07-11,883.01,0.021706682094301488
1962-07-12,889.12,0.006919513935289556
1962-07-13,882.25,-0.007726741047327734
1962-07-16,888.62,0.007220175687163488
1962-07-17,867.51,-0.023755936170691605
1962-07-18,859.25,-0.009521504074880949
1962-07-19,867.25,0.00931044515565893
1962-07-20,875.99,0.010077832228307937
1962-07-23,876.5,0.0005821984269227531
1962-07-24,863.01,-0.015390758699372564
1962-07-25,867.25,0.004913036928888337
1962-07-26,872.88,0.006491784375900922
1962-07-27,885.38,0.014320410594812483
1962-07-30,902.37,0.019189500553434602
1962-07-31,912.88,0.01164710706251304
1962-08-01,898.25,-0.016026202786784682
1962-08-02,909.87,0.01293626495964384
1962-08-03,912.25,0.0026157582951411573
1962-08-06,901.63,-0.011641545628939487
1962-08-07,892.38,-0.01025919723168045
1962-08-08,903.12,0.012035231627781862
1962-08-09,898.14,-0.005514217379750219
1962-08-10,900.0,0.002070946623020875
1962-08-13,903.49,0.003877777777777869
1962-08-14,921.87,0.020343335288713682
1962-08-15,929.15,0.00789699198368532
1962-08-16,930.51,0.0014637033848141634
1962-08-17,936.62,0.006566291603529173
1962-08-20,943.26,0.007089321176144026
1962-08-21,939.0,-0.0045162521468099515
1962-08-22,957.62,0.01982960596379124
1962-08-23,960.87,0.003393830538209297
1962-08-24,959.5,-0.0014257912100492653
1962-08-27,955.14,-0.004544033350703525
1962-08-28,935.88,-0.020164583202462505
1962-08-29,929.62,-0.006688891738257041
1962-08-30,924.88,-0.005098857597728101
1962-08-31,940.62,0.017018424011763678
1962-09-04,923.86,-0.017818034913142378
1962-09-05,915.26,-0.009308769727014887
1962-09-06,924.26,0.009833271420143008
1962-09-07,920.11,-0.0044900785493259265
1962-09-10,922.76,0.0028800904239709713
1962-09-11,923.87,0.0012029130001300903
1962-09-12,929.38,0.005964042560100413
1962-09-13,929.12,-0.0002797563967376071
1962-09-14,933.75,0.004983209919063203
1962-09-17,939.5,0.006157965194109716
1962-09-18,934.38,-0.005449707291112271
1962-09-19,929.63,-0.005083584837004218
1962-09-20,919.7,-0.010681669051127773
1962-09-21,903.12,-0.01802761770142447
1962-09-24,876.37,-0.02961954114624854
1962-09-25,889.75,0.01526752399100828
1962-09-26,866.37,-0.026277044113515058
1962-09-27,857.62,-0.010099611020695565
1962-09-28,863.89,0.007310930248828118
1962-10-01,841.86,-0.02550093183159885
1962-10-02,859.01,0.02037155821633041
1962-10-03,859.63,0.0007217610970768895
1962-10-04,874.51,0.01730977280923196
1962-10-05,884.0,0.010851791288835955
1962-10-08,883.61,-0.0004411764705881671
1962-10-09,890.75,0.008080487998098684
1962-10-10,883.61,-0.008015717092337948
1962-10-11,877.24,-0.007209062821833201
1962-10-12,873.89,-0.0038187953125712326
1962-10-15,891.5,0.020151277620753305
1962-10-16,881.24,-0.01150869321368475
1962-10-17,883.25,0.002280876946121335
1962-10-18,872.61,-0.012046419473535241
1962-10-19,854.77,-0.020444413884782464
1962-10-22,845.12,-0.011289586672438179
1962-10-23,826.01,-0.022612173419159443
1962-10-24,853.63,0.03343785184198733
1962-10-25,849.37,-0.004990452537984802
1962-10-26,841.86,-0.00884184748696093
1962-10-29,862.88,0.024968522082056355
1962-10-30,880.13,0.019991192286296977
1962-10-31,874.88,-0.005965027893606645
1962-11-01,891.24,0.018699707388441844
1962-11-02,904.5,0.014878147300390498
1962-11-05,909.36,0.005373134328358287
1962-11-07,910.75,0.0015285475499251522
1962-11-08,900.63,-0.01111172110897607
1962-11-09,913.61,0.014412133728612275
1962-11-12,929.88,0.017808474075371228
1962-11-13,923.5,-0.006861100357035355
1962-11-14,941.63,0.019631835408771003
1962-11-15,937.37,-0.004524069963786181
1962-11-16,945.88,0.009078592231456017
1962-11-19,935.6,-0.010868186239269217
1962-11-20,942.61,0.007492518170158169
1962-11-21,947.76,0.005463553325341319
1962-11-23,963.37,0.016470414450915793
1962-11-26,957.0,-0.006612205071779287
1962-11-27,968.88,0.012413793103448256
1962-11-28,973.76,0.0050367434563620694
1962-11-29,978.75,0.005124465987512261
1962-11-30,974.14,-0.004710089399744599
1962-12-03,964.74,-0.009649537027531907
1962-12-04,983.0,0.018927379397557953
1962-12-05,985.03,0.0020651068158696884
1962-12-06,980.99,-0.004101397926966621
1962-12-07,980.13,-0.0008766654094333193
1962-12-10,961.62,-0.018885249915827518
1962-12-11,960.74,-0.0009151223976207046
1962-12-12,969.24,0.008847346836813319
1962-12-13,965.25,-0.004116627460690858
1962-12-14,970.38,0.0053146853146852635
1962-12-17,962.26,-0.00836785589150646
1962-12-18,953.0,-0.009623178766653528
1962-12-19,969.01,0.01679958027282269
1962-12-20,969.31,0.00030959432823185473
1962-12-21,961.5,-0.008057277857444922
1962-12-24,973.24,0.012210088403536101
1962-12-26,977.0,0.003863384160124994
1962-12-27,974.62,-0.002436028659160705
1962-12-28,975.63,0.0010363013276968314
1962-12-31,972.86,-0.0028391910867848758
1963-01-02,961.24,-0.011944164628004073
1963-01-03,981.49,0.021066539053722355
1963-01-04,987.38,0.00600107999062649
1963-01-07,981.13,-0.006329883125038016
1963-01-08,996.24,0.015400609501289297
1963-01-09,996.38,0.00014052838673417334
1963-01-10,1001.5,0.005138601738292614
1963-01-11,1006.74,0.005232151772341487
1963-01-14,1017.37,0.010558833462462891
1963-01-15,1017.99,0.0006094144706449978
1963-01-16,1005.0,-0.01276043968997731
1963-01-17,1015.63,0.010577114427860801
1963-01-18,1014.38,-0.0012307631716275136
1963-01-21,1015.24,0.0008478085135747992
1963-01-22,1016.87,0.0016055316969385558
1963-01-23,1016.63,-0.00023601837009645799
1963-01-24,1019.75,0.0030689631429330344
1963-01-25,1026.62,0.006736945329737676
1963-01-28,1032.25,0.005484015507198459
1963-01-29,1030.13,-0.002053766045047145
1963-01-30,1025.25,-0.004737266170289245
1963-01-31,1029.38,0.00402828578395531
1963-02-01,1028.88,-0.0004857292739318675
1963-02-04,1023.5,-0.005228986859497797
1963-02-05,1024.01,0.0004982901807522033
1963-02-06,1021.74,-0.0022167752268044127
1963-02-07,1019.12,-0.0025642531368058608
1963-02-08,1019.6,0.00047099458356236745
1963-02-11,1016.63,-0.002912907022361688
1963-02-12,1013.99,-0.002596814967097183
1963-02-13,1016.62,0.0025937139419520694
1963-02-14,1018.37,0.0017213904900552635
1963-02-15,1021.87,0.0034368647937390584
1963-02-18,1022.39,0.0005088709914176093
1963-02-19,1016.51,-0.005751229961169391
1963-02-20,1010.25,-0.006158326037127071
1963-02-21,1010.12,-0.00012868101954965905
1963-02-25,999.62,-0.010394804577673944
1963-02-26,1004.26,0.00464176387027071
1963-02-27,996.12,-0.008105470694840022
1963-02-28,980.12,-0.01606232180861744
1963-03-01,978.87,-0.0012753540382810513
1963-03-04,990.26,0.01163586584531151
1963-03-05,986.62,-0.0036758023145436747
1963-03-06,991.11,0.004550890920516526
1963-03-07,997.49,0.006437226947563879
1963-03-08,998.38,0.0008922395211981016
1963-03-11,997.61,-0.0007712494240669221
1963-03-12,999.12,0.001513617545934709
1963-03-13,997.86,-0.0012611097766034307
1963-03-14,994.37,-0.0034974846170805485
1963-03-15,999.13,0.004786950531492362
1963-03-18,992.24,-0.0068959995195819745
1963-03-19,989.63,-0.0026304119970974593
1963-03-20,996.26,0.006699473540616285
1963-03-21,991.75,-0.004526930720896161
1963-03-22,994.99,0.003266952356944852
1963-03-25,992.87,-0.002130674680147493
1963-03-26,997.76,0.004925116077633573
1963-03-27,1009.88,0.012147209749839627
1963-03-28,1009.13,-0.0007426624945537919
1963-03-29,1009.49,0.00035674293698528814
1963-04-01,1010.38,0.0008816332999832532
1963-04-02,1004.76,-0.005562263702765247
1963-04-03,1013.38,0.008579163183247696
1963-04-04,1022.74,0.009236416743965803
1963-04-05,1039.6100000000001,0.01649490584117186
1963-04-08,1046.65,0.006771770183049419
1963-04-09,1039.75,-0.006592461663402327
1963-04-10,1035.6100000000001,-0.003981726376532713
1963-04-11,1039.87,0.004113517636948005
1963-04-15,1041.38,0.0014521045899971163
1963-04-16,1041.24,-0.00013443699706172652
1963-04-17,1039.49,-0.0016806884099727082
1963-04-18,1037.01,-0.002385785337040258
1963-04-19,1049.26,0.011812807976779416
1963-04-22,1051.76,0.002382631568915272
1963-04-23,1060.49,0.008300372708602843
1963-04-24,1062.25,0.0016596101801997776
1963-04-25,1064.63,0.002240527182866714
1963-04-26,1070.6100000000001,0.005616974911471617
1963-04-29,1075.0,0.004100466089425492
1963-04-30,1075.63,0.00058604651162808
1963-05-01,1081.12,0.005103985571246472
1963-05-02,1089.12,0.00739973360959012
1963-05-03,1084.38,-0.00435213750550878
1963-05-06,1078.26,-0.00564377801139837
1963-05-07,1079.04,0.0007233876801513439
1963-05-08,1096.63,0.01630152728351142
1963-05-09,1099.6200000000001,0.0027265349297393993
1963-05-10,1104.5,0.004437896727960355
1963-05-13,1103.74,-0.0006880941602535051
1963-05-14,1099.76,-0.003605921684454727
1963-05-15,1104.63,0.00442823888848487
1963-05-16,1099.0,-0.0050967292215493565
1963-05-17,1098.0,-0.0009099181073702889
1963-05-20,1087.25,-0.009790528233151186
1963-05-21,1094.12,0.006318693952632737
1963-05-22,1093.75,-0.00033817131576052706
1963-05-23,1091.1399999999999,-0.002386285714285785
1963-05-24,1088.49,-0.002428652601865866
1963-05-27,1082.0,-0.005962388262639062
1963-05-28,1085.6100000000001,0.0033364140480591775
1963-05-29,1095.01,0.008658726430301744
1963-05-31,1109.25,0.01300444744796847
1963-06-03,1105.63,-0.003263466306062557
1963-06-04,1107.24,0.001456183352477769
1963-06-05,1102.01,-0.004723456522524483
1963-06-06,1103.88,0.001696899302184196
1963-06-07,1096.63,-0.006567742870601911
1963-06-10,1084.25,-0.011289131247549378
1963-06-11,1088.26,0.0036984090385059343
1963-06-12,1099.23,0.010080311690221055
1963-06-13,1093.5,-0.005212739826969792
1963-06-14,1094.37,0.000795610425240012
1963-06-17,1086.25,-0.007419794036751637
1963-06-18,1087.38,0.0010402761795167415
1963-06-19,1088.12,0.0006805348636169661
1963-06-20,1086.25,-0.0017185604528910936
1963-06-21,1088.26,0.0018504027617951557
1963-06-24,1078.87,-0.00862845275945101
1963-06-25,1076.26,-0.002419197864432121
1963-06-26,1061.38,-0.013825655510750101
1963-06-27,1052.74,-0.00814034558781973
1963-06-28,1056.38,0.0034576438626823247
1963-07-01,1044.86,-0.010905166701376645
1963-07-02,1059.01,0.013542484160557589
1963-07-03,1069.99,0.010368174049347978
1963-07-05,1074.38,0.004102842082636338
1963-07-08,1062.12,-0.011411232524805248
1963-07-09,1072.0,0.009302150416149013
1963-07-10,1067.48,-0.0042164179104476895
1963-07-11,1063.13,-0.004075017798928271
1963-07-12,1058.37,-0.004477345197671179
1963-07-15,1053.38,-0.004714797282613592
1963-07-16,1051.25,-0.002022062313695061
1963-07-17,1048.75,-0.0023781212841854638
1963-07-18,1042.25,-0.006197854588796181
1963-07-19,1036.99,-0.005046773806668292
1963-07-22,1030.25,-0.006499580516687753
1963-07-23,1025.62,-0.004494054841058137
1963-07-24,1029.88,0.004153585148495731
1963-07-25,1025.74,-0.00401988581193935
1963-07-26,1029.37,0.0035389084953301175
1963-07-29,1031.87,0.0024286699631814734
1963-07-30,1050.01,0.01757973388120604
1963-07-31,1045.99,-0.0038285349663336188
1963-08-01,1046.77,0.0007457050258605769
1963-08-02,1045.3899999999999,-0.001318341182876992
1963-08-05,1054.98,0.009173609848956099
1963-08-06,1066.99,0.011384102068285662
1963-08-07,1059.99,-0.006560511344998576
1963-08-08,1063.88,0.003669845941942862
1963-08-09,1073.25,0.008807384291461329
1963-08-12,1075.01,0.0016398788725833224
1963-08-13,1085.38,0.009646421893749979
1963-08-14,1087.87,0.002294127402384216
1963-08-15,1087.63,-0.00022061459549371776
1963-08-16,1084.62,-0.0027674852661293547
1963-08-19,1084.63,9.219818922989731e-06
1963-08-20,1079.12,-0.005080073389082229
1963-08-21,1080.26,0.0010564163392394743
1963-08-22,1086.25,0.005544961398181947
1963-08-23,1084.26,-0.0018319907940160807
1963-08-26,1085.63,0.001263534576577685
1963-08-27,1072.87,-0.011753544025128515
1963-08-28,1079.86,0.006515234837398687
1963-08-29,1078.26,-0.0014816735502749534
1963-08-30,1080.87,0.0024205664681986594
1963-09-03,1083.12,0.00208165644342051
1963-09-04,1083.75,0.0005816530024373989
1963-09-05,1090.24,0.005988465974625212
1963-09-06,1095.87,0.005164000587026596
1963-09-09,1090.26,-0.005119220345478848
1963-09-10,1093.99,0.0034212022820245824
1963-09-11,1097.12,0.0028610864815947767
1963-09-12,1098.63,0.001376330756891031
1963-09-13,1099.51,0.0008009976061094104
1963-09-16,1098.62,-0.000809451482933432
1963-09-17,1100.12,0.0013653492563396874
1963-09-18,1088.75,-0.010335236156055583
1963-09-19,1099.01,0.009423650975889819
1963-09-20,1101.37,0.00214738719392904
1963-09-23,1096.14,-0.004748631250169999
1963-09-24,1106.51,0.009460470377871344
1963-09-25,1098.13,-0.007573361289098024
1963-09-26,1086.01,-0.01103694462404281
1963-09-27,1086.0,-9.208018342365953e-06
1963-09-30,1084.12,-0.0017311233885820565
1963-10-01,1086.89,0.00255506770468239
1963-10-02,1086.76,-0.00011960731996807361
1963-10-03,1098.0,0.010342669954727768
1963-10-04,1103.51,0.005018214936247656
1963-10-07,1108.1399999999999,0.00419570280287429
1963-10-08,1100.01,-0.0073366181168443845
1963-10-09,1096.26,-0.0034090599176370695
1963-10-10,1099.13,0.002617992082170506
1963-10-11,1105.49,0.00578639469398512
1963-10-14,1111.25,0.0052103592072294536
1963-10-15,1115.5,0.0038245219347581294
1963-10-16,1129.38,0.012442850739578848
1963-10-17,1135.76,0.005649117214754806
1963-10-18,1138.76,0.002641403113333718
1963-10-21,1145.12,0.005585022304963161
1963-10-22,1132.01,-0.011448581808019997
1963-10-23,1128.88,-0.002764993242109104
1963-10-24,1132.48,0.00318900148820056
1963-10-25,1143.51,0.009739686352076893
1963-10-28,1155.01,0.010056755078661217
1963-10-29,1149.38,-0.004874416671717063
1963-10-30,1137.8899999999999,-0.009996693869738671
1963-10-31,1145.25,0.006468112031918771
1963-11-01,1137.24,-0.00699410609037332
1963-11-04,1130.24,-0.006155253068833355
1963-11-06,1124.88,-0.0047423556058889815
1963-11-07,1126.3899999999999,0.0013423654078654756
1963-11-08,1136.13,0.008647093812977902
1963-11-11,1140.62,0.003952012533776861
1963-11-12,1139.99,-0.0005523311883010029
1963-11-13,1142.88,0.0025351099571049307
1963-11-14,1140.48,-0.002099958000840063
1963-11-15,1136.3600000000001,-0.0036125140291806135
1963-11-18,1124.8600000000001,-0.010120032384103639
1963-11-19,1119.75,-0.004542787546894855
1963-11-20,1125.1399999999999,0.004813574458584435
1963-11-21,1074.74,-0.044794425582594055
1963-11-22,1058.49,-0.015119935984517219
1963-11-26,1093.5,0.03307541875690845
1963-11-27,1101.99,0.007764060356652891
1963-11-29,1119.5,0.015889436383270228
1963-12-02,1130.37,0.009709691826708333
1963-12-03,1131.63,0.0011146792643119685
1963-12-04,1126.75,-0.004312363581736145
1963-12-05,1140.74,0.01241624140226305
1963-12-06,1133.8899999999999,-0.006004874029139073
1963-12-09,1132.13,-0.0015521787827741385
1963-12-10,1129.38,-0.0024290496674410633
1963-12-11,1123.01,-0.005640262799058049
1963-12-12,1119.75,-0.0029029127078120665
1963-12-13,1118.75,-0.0008930564858227186
1963-12-16,1119.24,0.00043798882681556073
1963-12-17,1126.24,0.006254243951252736
1963-12-18,1129.0,0.0024506321920727547
1963-12-19,1128.74,-0.0002302922940655705
1963-12-20,1128.35,-0.0003455180112338363
1963-12-23,1126.87,-0.0013116497540657246
1963-12-24,1125.0,-0.0016594638245759352
1963-12-26,1137.1100000000001,0.010764444444444576
1963-12-27,1144.24,0.006270281678993239
1963-12-30,1148.0,0.0032860239110676925
1963-12-31,1160.73,0.011088850174216125
1964-01-02,1171.38,0.00917526039647476
1964-01-03,1163.76,-0.006505147774420017
1964-01-06,1164.25,0.0004210490135423406
1964-01-07,1163.88,-0.0003178011595447172
1964-01-08,1170.75,0.005902670378389541
1964-01-09,1186.5,0.013452914798206317
1964-01-10,1193.99,0.0063126843657816956
1964-01-13,1198.38,0.0036767477114549862
1964-01-14,1199.1100000000001,0.000609155693519492
1964-01-15,1225.5,0.022007989258700178
1964-01-16,1217.1100000000001,-0.006846185230518054
1964-01-17,1223.75,0.005455546335170869
1964-01-20,1216.12,-0.00623493360572025
1964-01-21,1209.02,-0.005838239647403154
1964-01-22,1216.37,0.006079303899025668
1964-01-23,1222.75,0.005245114562181019
1964-01-24,1215.88,-0.005618482927826518
1964-01-27,1212.5,-0.002779879593380996
1964-01-28,1209.37,-0.002581443298969144
1964-01-29,1197.24,-0.010030015627971456
1964-01-30,1202.75,0.004602251845912342
1964-01-31,1221.24,0.01537310330492625
1964-02-03,1221.75,0.00041760833251447416
1964-02-04,1223.87,0.0017352158788621619
1964-02-05,1222.98,-0.0007272014184511733
1964-02-06,1226.01,0.0024775548250992596
1964-02-07,1235.76,0.007952626813810593
1964-02-10,1232.75,-0.0024357480416908883
1964-02-11,1237.87,0.004153315757452702
1964-02-12,1241.12,0.002625477634969675
1964-02-13,1250.8899999999999,0.007871922134845999
1964-02-14,1252.62,0.001383015293111356
1964-02-17,1247.88,-0.0037840685922304607
1964-02-18,1248.6399999999999,0.0006090329198318312
1964-02-19,1245.25,-0.0027149538698102438
1964-02-20,1245.24,-8.030515960655293e-06
1964-02-24,1244.63,-0.0004898654074715347
1964-02-25,1256.5,0.009536970826671265
1964-02-26,1264.62,0.006462395543175292
1964-02-27,1257.8899999999999,-0.005321756733247973
1964-02-28,1260.01,0.0016853619950871757
1964-03-02,1260.26,0.0001984111237212094
1964-03-03,1263.49,0.002562963198070145
1964-03-04,1257.0,-0.00513656617780911
1964-03-05,1261.01,0.0031901352426411123
1964-03-06,1270.25,0.0073274597346570935
1964-03-09,1277.6399999999999,0.005817752410942623
1964-03-10,1281.38,0.0029272721580415606
1964-03-11,1293.8899999999999,0.009762911860650147
1964-03-12,1305.25,0.008779726251845421
1964-03-13,1304.12,-0.0008657345336143818
1964-03-16,1300.13,-0.0030595343986747903
1964-03-17,1299.24,-0.0006845469299224805
1964-03-18,1294.52,-0.0036328930759521594
1964-03-19,1290.24,-0.0033062447857120647
1964-03-20,1284.0,-0.004836309523809534
1964-03-23,1290.51,0.005070093457943958
1964-03-24,1293.99,0.0026966083176418465
1964-03-25,1297.99,0.0030912139970169505
1964-03-26,1300.62,0.0020262097550827196
1964-03-30,1302.25,0.0012532484507390418
1964-03-31,1310.87,0.006619312727970783
1964-04-01,1317.61,0.005141623501949022
1964-04-02,1327.26,0.007323866698036641
1964-04-03,1331.88,0.00348085529587272
1964-04-06,1330.76,-0.0008409165990931333
1964-04-07,1315.5,-0.01146713156391832
1964-04-08,1314.13,-0.0010414291144050791
1964-04-09,1312.75,-0.001050124416914655
1964-04-10,1327.0,0.01085507522376683
1964-04-13,1322.3899999999999,-0.0034740015071591523
1964-04-14,1317.01,-0.00406839132177339
1964-04-15,1314.24,-0.002103249026203291
1964-04-16,1315.1399999999999,0.000684806428049578
1964-04-17,1319.0,0.0029350487400581216
1964-04-20,1313.4,-0.004245640636846071
1964-04-21,1324.25,0.008261001979594784
1964-04-22,1323.51,-0.0005588068718141992
1964-04-23,1313.24,-0.007759669364039601
1964-04-24,1306.62,-0.005040967378392436
1964-04-27,1296.38,-0.007837014587255497
1964-04-28,1300.25,0.0029852358104875965
1964-04-29,1285.87,-0.01105941165160551
1964-04-30,1276.74,-0.007100251191800022
1964-05-01,1291.38,0.011466704262418359
1964-05-04,1301.75,0.008030169276278087
1964-05-05,1301.48,-0.00020741309775296202
1964-05-06,1301.3899999999999,-6.915204229041017e-05
1964-05-07,1304.63,0.0024896456865353134
1964-05-08,1306.25,0.0012417313721131418
1964-05-11,1308.77,0.0019291866028707805
1964-05-12,1310.74,0.0015052301015456848
1964-05-13,1309.25,-0.001136762439537975
1964-05-14,1306.5,-0.0021004391827381674
1964-05-15,1315.25,0.006697282816685801
1964-05-18,1196.13,-0.09056833301653666
1964-05-19,1201.5,0.0044894785683828875
1964-05-20,1208.6399999999999,0.005942571785268358
1964-05-21,1211.88,0.0026806989674346138
1964-05-22,1213.38,0.0012377463115160747
1964-05-25,1201.0,-0.010202904283901248
1964-05-26,1196.49,-0.0037552039966693984
1964-05-27,1190.74,-0.004805723407633966
1964-05-28,1193.62,0.0024186640240522195
1964-06-01,1181.73,-0.00996129421423897
1964-06-02,1179.38,-0.001988609919355455
1964-06-03,1174.88,-0.0038155641099560933
1964-06-04,1158.13,-0.014256775160016333
1964-06-05,1165.12,0.006035591859290257
1964-06-08,1155.9099999999999,-0.00790476517440264
1964-06-09,1168.37,0.010779385938351593
1964-06-10,1169.6399999999999,0.0010869844313017296
1964-06-11,1176.75,0.006078793474915578
1964-06-12,1177.75,0.0008497981729338466
1964-06-15,1186.62,0.007531309700700373
1964-06-16,1191.35,0.003986111813385929
1964-06-17,1197.13,0.004851638897049648
1964-06-18,1193.49,-0.003040605448029976
1964-06-19,1192.75,-0.0006200303312134947
1964-06-22,1196.25,0.0029343953049674187
1964-06-23,1189.88,-0.005324973876697947
1964-06-24,1195.77,0.004950078999562901
1964-06-25,1194.25,-0.0012711474614682805
1964-06-26,1190.99,-0.002729746702951674
1964-06-29,1191.3600000000001,0.00031066591659056897
1964-06-30,1190.38,-0.0008225893096964754
1964-07-01,1199.12,0.007342193249214368
1964-07-02,1206.25,0.005946027086530137
1964-07-06,1182.62,-0.019589637305699625
1964-07-07,1187.75,0.004337826182543969
1964-07-08,1184.88,-0.0024163334034938977
1964-07-09,1184.74,-0.00011815542502202625
1964-07-10,1182.6100000000001,-0.0017978628222224957
1964-07-13,1184.37,0.0014882336526833573
1964-07-14,1172.12,-0.010343051580165019
1964-07-15,1180.0,0.0067228611404976935
1964-07-16,1182.75,0.002330508474576165
1964-07-17,1186.51,0.0031790319171423054
1964-07-20,1178.5,-0.006750891269353021
1964-07-21,1176.38,-0.0017988969028425172
1964-07-22,1176.51,0.00011050850915506061
1964-07-23,1174.5,-0.0017084427671673064
1964-07-24,1166.75,-0.006598552575564076
1964-07-27,1162.38,-0.003745446753803172
1964-07-28,1157.5,-0.00419828283349688
1964-07-29,1164.63,0.0061598272138230215
1964-07-30,1164.0,-0.0005409443342522247
1964-07-31,1165.12,0.0009621993127146844
1964-08-03,1161.0,-0.003536116451524185
1964-08-04,1137.6100000000001,-0.020146425495262577
1964-08-05,1146.12,0.007480595283093194
1964-08-06,1130.0,-0.014064844867902049
1964-08-07,1140.62,0.009398230088495385
1964-08-10,1141.0,0.0003331521453244779
1964-08-11,1133.5900000000001,-0.006494303242769339
1964-08-12,1143.13,0.008415741140976873
1964-08-13,1148.76,0.004925074138549368
1964-08-14,1143.3600000000001,-0.004700720777185752
1964-08-17,1145.25,0.001653022670025095
1964-08-18,1149.12,0.003379174852652156
1964-08-19,1144.24,-0.004246727930938388
1964-08-20,1131.62,-0.011029154722785539
1964-08-21,1136.0,0.003870557254201934
1964-08-24,1133.26,-0.0024119718309859595
1964-08-25,1124.5,-0.007729911935478118
1964-08-26,1120.0,-0.0040017785682525675
1964-08-27,1127.3600000000001,0.006571428571428672
1964-08-28,1138.13,0.009553292648311063
1964-08-31,1140.25,0.0018627046119510382
1964-09-01,1145.13,0.004279763209822596
1964-09-02,1147.87,0.0023927414354700804
1964-09-03,1152.63,0.0041468110500320066
1964-09-04,1155.6100000000001,0.0025853916694862367
1964-09-08,1155.49,-0.00010384126132534366
1964-09-09,1151.87,-0.0031328700378195906
1964-09-10,1149.63,-0.0019446638943628747
1964-09-11,1156.13,0.005653993023842396
1964-09-14,1136.88,-0.01665037668774272
1964-09-15,1137.6,0.0006333122229256194
1964-09-16,1144.12,0.005731364275668005
1964-09-17,1156.88,0.011152676292696784
1964-09-18,1147.62,-0.008004287393679754
1964-09-21,1151.24,0.0031543542287517656
1964-09-22,1152.5,0.0010944720475314362
1964-09-23,1158.37,0.00509327548806926
1964-09-24,1159.12,0.0006474615192038069
1964-09-25,1163.63,0.0038908827386294753
1964-09-28,1163.12,-0.00043828364686393506
1964-09-29,1167.0,0.0033358552857831736
1964-09-30,1167.1399999999999,0.00011996572407868555
1964-10-01,1162.49,-0.0039840978802884175
1964-10-02,1160.75,-0.0014967870691361407
1964-10-05,1160.99,0.0002067628688349199
1964-10-06,1156.13,-0.004186082567463889
1964-10-07,1154.51,-0.0014012265056698725
1964-10-08,1155.5,0.0008575066478420101
1964-10-09,1157.87,0.002051060147122419
1964-10-12,1152.88,-0.004309637524074206
1964-10-13,1145.0,-0.006835056554021279
1964-10-14,1146.62,0.0014148471615720304
1964-10-15,1141.12,-0.004796706842720377
1964-10-16,1155.73,0.012803210880538485
1964-10-19,1155.38,-0.0003028388983585817
1964-10-20,1157.0,0.001402136093752615
1964-10-21,1154.1399999999999,-0.0024719101123596987
1964-10-22,1151.38,-0.0023913909924270227
1964-10-23,1149.1399999999999,-0.0019454914971601678
1964-10-26,1142.51,-0.005769531997841804
1964-10-27,1142.01,-0.0004376329310027405
1964-10-28,1143.25,0.0010858048528472608
1964-10-29,1140.75,-0.002186748305270103
1964-10-30,1143.01,0.0019811527503834636
1964-11-02,1145.25,0.0019597378850579883
1964-11-04,1144.74,-0.0004453176162410033
1964-11-05,1144.87,0.00011356290511366218
1964-11-06,1143.75,-0.0009782770096167237
1964-11-09,1146.75,0.0026229508196722318
1964-11-10,1143.25,-0.003052103771528203
1964-11-11,1145.0,0.0015307238136890167
1964-11-12,1149.37,0.003816593886462716
1964-11-13,1161.75,0.010771118090780352
1964-11-16,1169.99,0.007092748009468464
1964-11-17,1177.0,0.005991504200890674
1964-11-18,1182.98,0.00508071367884444
1964-11-19,1123.25,-0.050491132563526
1964-11-20,1123.75,0.0004451368795905797
1964-11-23,1118.12,-0.005010011123470659
1964-11-24,1113.49,-0.004140879333166314
1964-11-25,1112.26,-0.0011046349765152508
1964-11-27,1115.87,0.003245644004099768
1964-11-30,1108.13,-0.006936291861955102
1964-12-01,1096.38,-0.010603449053811387
1964-12-02,1101.8899999999999,0.005025629799886744
1964-12-03,1107.51,0.005100327618909439
1964-12-04,1113.38,0.005300177876497836
1964-12-07,1121.51,0.007302089133988332
1964-12-08,1111.62,-0.008818467958377596
1964-12-09,1103.5,-0.0073046544682534575
1964-12-10,1100.25,-0.0029451744449479067
1964-12-11,1106.87,0.006016814360372491
1964-12-14,1099.8600000000001,-0.00633317372410469
1964-12-15,1100.6100000000001,0.0006819049697233126
1964-12-16,1104.1399999999999,0.003207312308628696
1964-12-17,1111.38,0.006557139493180486
1964-12-18,1118.5,0.006406449639187128
1964-12-21,1121.25,0.0024586499776486637
1964-12-22,1122.63,0.0012307692307693685
1964-12-23,1116.38,-0.005567283967112924
1964-12-24,1117.01,0.0005643239757071594
1964-12-28,1115.76,-0.0011190589162137776
1964-12-29,1113.76,-0.001792500179250034
1964-12-30,1119.73,0.005360221232581619
1964-12-31,1124.12,0.003920587998892389
1965-01-04,1116.38,-0.00688538590186083
1965-01-05,1125.37,0.008052813558107275
1965-01-06,1131.51,0.00545598336547104
1965-01-07,1143.74,0.010808565545156412
1965-01-08,1150.62,0.006015353139699586
1965-01-11,1145.01,-0.004875632267820729
1965-01-12,1148.24,0.0028209360616937573
1965-01-13,1152.12,0.0033790845119485713
1965-01-14,1153.5,0.0011977918966774581
1965-01-15,1166.26,0.011061985262245333
1965-01-18,1175.12,0.007596933788349025
1965-01-19,1177.51,0.0020338348423991626
1965-01-20,1175.13,-0.002021214257203696
1965-01-21,1175.12,-8.509696799663402e-06
1965-01-22,1180.62,0.004680373068282284
1965-01-25,1182.3899999999999,0.001499212278294415
1965-01-26,1180.37,-0.0017084041644466197
1965-01-27,1190.13,0.008268593746028952
1965-01-28,1197.77,0.006419466780939853
1965-01-29,1200.27,0.0020872120690951235
1965-02-01,1199.37,-0.0007498312879602453
1965-02-02,1197.12,-0.0018759848920683053
1965-02-03,1194.6100000000001,-0.0020966987436512596
1965-02-04,1201.99,0.006177748386502646
1965-02-05,1195.37,-0.005507533340543658
1965-02-08,1188.87,-0.005437646921036987
1965-02-09,1202.25,0.011254384415453345
1965-02-10,1190.13,-0.010081097941359807
1965-02-11,1185.0,-0.004310453479872023
1965-02-12,1191.25,0.0052742616033756295
1965-02-15,1185.38,-0.004927597061909705
1965-02-16,1175.88,-0.008014307648180341
1965-02-17,1179.63,0.0031891009286661998
1965-02-18,1192.25,0.01069826979646149
1965-02-19,1120.75,-0.05997064374082617
1965-02-23,1123.5,0.002453714030782983
1965-02-24,1129.5,0.005340453938584844
1965-02-25,1138.0,0.007525453740593102
1965-02-26,1147.1100000000001,0.008005272407733077
1965-03-01,1143.25,-0.0033649780753373104
1965-03-02,1144.76,0.0013207959763830157
1965-03-03,1137.37,-0.006455501589852974
1965-03-04,1129.75,-0.0066996667751039185
1965-03-05,1129.8899999999999,0.00012392122150917118
1965-03-08,1134.38,0.0039738381612370866
1965-03-09,1136.25,0.0016484775824678888
1965-03-10,1129.87,-0.005614961496149706
1965-03-11,1130.74,0.0007700000885058067
1965-03-12,1139.0,0.007304950740223193
1965-03-15,1145.49,0.005697980684811199
1965-03-16,1140.13,-0.004679220246357363
1965-03-17,1135.25,-0.004280213659845877
1965-03-18,1133.13,-0.0018674300814797151
1965-03-19,1129.1399999999999,-0.003521219983585455
1965-03-22,1128.13,-0.0008944860690435208
1965-03-23,1129.5,0.001214399049754844
1965-03-24,1128.76,-0.0006551571491810737
1965-03-25,1124.01,-0.004208157624295716
1965-03-26,1109.0,-0.01335397371909497
1965-03-29,1109.49,0.000441839495040508
1965-03-30,1108.88,-0.0005498021613533632
1965-03-31,1110.24,0.0012264627371760817
1965-04-01,1113.0,0.00248594898400345
1965-04-02,1117.0,0.003593890386343279
1965-04-05,1122.37,0.004807520143240707
1965-04-06,1120.37,-0.001781943565847266
1965-04-07,1117.88,-0.002222480073546973
1965-04-08,1129.0,0.009947400436540521
1965-04-09,1146.62,0.015606731620903425
1965-04-12,1149.74,0.0027210409725977325
1965-04-13,1155.87,0.0053316401969139005
1965-04-14,1159.26,0.0029328557709777936
1965-04-15,1159.25,-8.626192571137281e-06
1965-04-19,1166.87,0.0065732154410178545
1965-04-20,1166.3899999999999,-0.000411356877801361
1965-04-21,1166.12,-0.00023148346607904102
1965-04-22,1172.5,0.005471135046136055
1965-04-23,1174.49,0.0016972281449894044
1965-04-26,1178.1399999999999,0.0031077318665972964
1965-04-27,1178.48,0.00028859049009466453
1965-04-28,1174.75,-0.0031650940194148935
1965-04-29,1175.1399999999999,0.00033198552883573207
1965-04-30,1179.5,0.0037101962319383563
1965-05-03,1180.63,0.0009580330648579771
1965-05-04,1186.74,0.0051752030695475515
1965-05-05,1192.75,0.005064293779597939
1965-05-06,1204.0,0.009431984908824242
1965-05-07,1198.75,-0.0043604651162790775
1965-05-10,1196.74,-0.0016767466110532148
1965-05-11,1196.99,0.00020890084730185166
1965-05-12,1207.38,0.008680105932380444
1965-05-13,1213.25,0.004861766800841494
1965-05-14,1219.5,0.005151452709664106
1965-05-17,1203.25,-0.013325133251332555
1965-05-18,1207.25,0.0033243299397465176
1965-05-19,1209.87,0.0021702215779664247
1965-05-20,1196.5,-0.011050774050104462
1965-05-21,1185.75,-0.008984538236523232
1965-05-24,1166.51,-0.01622601728863593
1965-05-25,1184.13,0.015104885513197663
1965-05-26,1176.37,-0.006553334515636111
1965-05-27,1172.5,-0.0032897812762990863
1965-05-28,1187.12,0.012469083155650207
1965-06-01,1171.74,-0.01295572477929774
1965-06-02,1174.0,0.0019287555259699385
1965-06-03,1169.01,-0.004250425894378185
1965-06-04,1174.8899999999999,0.005029897092411417
1965-06-07,1175.38,0.00041706032054089626
1965-06-08,1160.1100000000001,-0.012991543160509766
1965-06-09,1139.88,-0.017438001568816808
1965-06-10,1127.76,-0.010632698178755784
1965-06-11,1134.99,0.006410938497552587
1965-06-14,1122.37,-0.011119040696393911
1965-06-15,1138.49,0.01436246514072903
1965-06-16,1138.75,0.00022837266906172715
1965-06-17,1145.13,0.005602634467618106
1965-06-18,1141.49,-0.003178678403325419
1965-06-21,1134.63,-0.006009689090574533
1965-06-22,1131.26,-0.0029701312322079065
1965-06-23,1125.26,-0.005303820518713698
1965-06-24,1106.25,-0.016893873415921634
1965-06-25,1096.49,-0.008822598870056542
1965-06-28,1084.0,-0.01139089275779992
1965-06-29,1104.63,0.019031365313653348
1965-06-30,1123.62,0.01719127671709053
1965-07-01,1127.38,0.00334632705007043
1965-07-02,1136.25,0.007867799677127474
1965-07-06,1131.6100000000001,-0.0040836083608359885
1965-07-07,1128.26,-0.0029603838778379243
1965-07-08,1145.5,0.015280165919203004
1965-07-09,1150.12,0.0040331732867742165
1965-07-12,1145.87,-0.003695266580878487
1965-07-13,1144.13,-0.001518496862645713
1965-07-14,1152.37,0.007201978796115727
1965-07-15,1152.0,-0.00032107743172760106
1965-07-16,1153.62,0.0014062499999998312
1965-07-19,1152.38,-0.0010748773426256797
1965-07-20,1136.51,-0.013771498984709973
1965-07-21,1129.12,-0.0065023624957106785
1965-07-22,1125.26,-0.003418591469462884
1965-07-23,1132.75,0.006656239446883427
1965-07-26,1136.3600000000001,0.003186934451556045
1965-07-27,1132.6399999999999,-0.0032736104755537454
1965-07-28,1143.63,0.009702994773273188
1965-07-29,1154.37,0.009391149235329355
1965-07-30,1162.51,0.007051465301419979
1965-08-02,1156.3899999999999,-0.005264470843261648
1965-08-03,1164.01,0.006589472409827213
1965-08-04,1173.12,0.007826393244044105
1965-08-05,1166.5,-0.005643071467539507
1965-08-06,1168.5,0.0017145306472352573
1965-08-09,1167.38,-0.0009584937954641992
1965-08-10,1166.37,-0.0008651852867106458
1965-08-11,1169.87,0.0030007630511759142
1965-08-12,1179.26,0.00802653286262589
1965-08-13,1185.74,0.005494971422756567
1965-08-16,1185.87,0.00010963617656467584
1965-08-17,1186.38,0.0004300640036429826
1965-08-18,1189.25,0.002419123720898808
1965-08-19,1182.12,-0.0059953752364936275
1965-08-20,1182.74,0.0005244814401246245
1965-08-23,1181.75,-0.0008370394169471274
1965-08-24,1192.25,0.008885127988153219
1965-08-25,1190.62,-0.0013671629272384855
1965-08-26,1195.24,0.003880331255984304
1965-08-27,1192.99,-0.0018824671195742937
1965-08-30,1195.37,0.001994987384638547
1965-08-31,1192.75,-0.0021917899897102577
1965-09-01,1188.75,-0.003353594634248558
1965-09-02,1195.8600000000001,0.005981072555205191
1965-09-03,1210.1399999999999,0.011941197130098669
1965-09-07,1213.01,0.0023716264233890616
1965-09-08,1218.24,0.004311588527712074
1965-09-09,1219.12,0.0007223535592328911
1965-09-10,1222.88,0.0030841918761075338
1965-09-13,1232.88,0.008177417244537466
1965-09-14,1225.75,-0.005783206800337504
1965-09-15,1227.37,0.001321639812359665
1965-09-16,1235.37,0.006518001906515636
1965-09-17,1237.0,0.0013194427580400792
1965-09-20,1239.5,0.0020210185933711156
1965-09-21,1240.5,0.0008067769261799196
1965-09-22,1253.13,0.010181378476420866
1965-09-23,1247.25,-0.004692250604486414
1965-09-24,1246.13,-0.0008979755462015238
1965-09-27,1265.63,0.01564844759375017
1965-09-28,1262.5,-0.0024730766495738576
1965-09-29,1252.37,-0.008023762376237698
1965-09-30,1250.25,-0.0016927904692701778
1965-10-01,1245.38,-0.0038952209558087425
1965-10-04,1245.38,0.0
1965-10-05,1250.25,0.003910453034415173
1965-10-06,1247.88,-0.0018956208758247328
1965-10-07,1244.25,-0.002908933551303061
1965-10-08,1251.38,0.005730359654410266
1965-10-11,1262.6399999999999,0.008998066134986882
1965-10-12,1256.74,-0.004672749160488987
1965-10-13,1257.02,0.00022279866957353178
1965-10-14,1249.13,-0.006276749773273194
1965-10-15,1258.75,0.007701360146662006
1965-10-18,1264.27,0.004385302879841069
1965-10-19,1268.0,0.002950319156509229
1965-10-20,1276.0,0.006309148264984188
1965-10-21,1275.99,-7.836990595588844e-06
1965-10-22,1281.75,0.004514141960360263
1965-10-25,1277.3899999999999,-0.0034015993758533813
1965-10-26,1284.75,0.0057617485654342104
1965-10-27,1293.88,0.00710644094181756
1965-10-28,1294.76,0.0006801248956624928
1965-10-29,1304.88,0.007816120362075019
1965-11-01,1303.88,-0.0007663539942369679
1965-11-03,1308.87,0.003827039298094803
1965-11-04,1313.25,0.003346398038002407
1965-11-05,1311.62,-0.0012411955073292624
1965-11-08,1308.25,-0.0025693417300741705
1965-11-09,1294.49,-0.010517867380087864
1965-11-10,1299.74,0.004055651260342019
1965-11-11,1303.8600000000001,0.0031698647421793957
1965-11-12,1307.12,0.002500268433727415
1965-11-15,1307.25,9.945529102162176e-05
1965-11-16,1311.87,0.0035341365461847296
1965-11-17,1315.77,0.0029728555420889258
1965-11-18,1310.62,-0.003914057928057435
1965-11-19,1316.88,0.004776365384322023
1965-11-22,1310.24,-0.005042221007229286
1965-11-23,1306.63,-0.0027552204176333195
1965-11-24,1304.38,-0.0017219870965766715
1965-11-26,1309.76,0.004124564927398433
1965-11-29,1305.88,-0.002962374786220301
1965-11-30,1302.63,-0.0024887432229607764
1965-12-01,1291.74,-0.008360010133345641
1965-12-02,1273.8600000000001,-0.013841794788424844
1965-12-03,1277.24,0.002653352801720743
1965-12-06,1267.0,-0.008017287275688179
1965-12-07,1286.76,0.015595895816890248
1965-12-08,1286.75,-7.771456992711201e-06
1965-12-09,1294.37,0.005921896250242753
1965-12-10,1301.25,0.0053153271475698816
1965-12-13,1298.1399999999999,-0.0023900096061479914
1965-12-14,1292.5,-0.004344677769732019
1965-12-15,1284.74,-0.006003868471953555
1965-12-16,1288.49,0.002918878527951252
1965-12-17,1284.75,-0.002902622449533987
1965-12-20,1286.24,0.0011597587079197336
1965-12-21,1294.63,0.006522888418957651
1965-12-22,1292.62,-0.0015525671427358834
1965-12-23,1286.74,-0.004548900682335044
1965-12-27,1288.37,0.001266767179072703
1965-12-28,1283.74,-0.0035936881485907346
1965-12-29,1285.51,0.0013787838658918528
1965-12-30,1290.87,0.004169551384275438
1965-12-31,1294.38,0.0027190964233425596
1966-01-03,1292.1399999999999,-0.0017305582595530389
1966-01-04,1289.26,-0.0022288606497746777
1966-01-05,1297.24,0.0061895971332393
1966-01-06,1300.88,0.002805957263112502
1966-01-07,1302.0,0.0008609556607834801
1966-01-10,1300.12,-0.001443932411674398
1966-01-11,1303.13,0.002315170907301045
1966-01-12,1301.74,-0.0010666625739566005
1966-01-13,1310.63,0.006829320755296742
1966-01-14,1310.5,-9.918893967031384e-05
1966-01-17,1310.5,0.0
1966-01-18,1311.87,0.0010454025181227955
1966-01-19,1298.51,-0.010183935908283481
1966-01-20,1302.76,0.0032729821102648327
1966-01-21,1310.8899999999999,0.006240596886609939
1966-01-24,1316.75,0.004470245405793216
1966-01-25,1336.0,0.01461932789063991
1966-01-26,1334.63,-0.0010254491017963607
1966-01-27,1331.51,-0.002337726560919573
1966-01-28,1327.25,-0.003199375145511496
1966-01-31,1328.88,0.0012281032209455756
1966-02-01,1318.13,-0.008089518993438127
1966-02-02,1327.62,0.007199593363325096
1966-02-03,1333.75,0.004617285066510046
1966-02-04,1334.37,0.00046485473289581414
1966-02-07,1333.88,-0.00036721449073329193
1966-02-08,1335.88,0.0014993852520466255
1966-02-09,1342.0,0.0045812498128574575
1966-02-10,1348.74,0.005022354694485864
1966-02-11,1355.01,0.004648783308865978
1966-02-14,1348.63,-0.00470845233614503
1966-02-15,1338.5,-0.00751132630892104
1966-02-16,1340.88,0.001778109824430496
1966-02-17,1336.87,-0.0029905733548118985
1966-02-18,1339.0,0.001593273841136389
1966-02-21,1327.6399999999999,-0.008483943241224923
1966-02-23,1318.8899999999999,-0.0065906420415172695
1966-02-24,1304.87,-0.010630151111919894
1966-02-25,1314.25,0.007188455554959505
1966-02-28,1320.37,0.0046566482784857754
1966-03-01,1303.49,-0.012784295311162652
1966-03-02,1286.3899999999999,-0.013118627684140405
1966-03-03,1293.49,0.005519321512138742
1966-03-04,1294.51,0.0007885642718536978
1966-03-07,1270.37,-0.018647982634355964
1966-03-08,1269.5,-0.0006848398498074948
1966-03-09,1288.3899999999999,0.014879873966128221
1966-03-10,1284.12,-0.0033142138638144747
1966-03-11,1277.26,-0.005342179858580098
1966-03-14,1261.63,-0.012237132611997437
1966-03-15,1256.88,-0.0037649707124909337
1966-03-16,1271.75,0.011830882820953459
1966-03-17,1266.12,-0.004426970709652145
1966-03-18,1273.38,0.00573405364420454
1966-03-21,1291.26,0.014041370211562931
1966-03-22,1300.12,0.00686151510927302
1966-03-23,1294.76,-0.004122696366489209
1966-03-24,1308.6399999999999,0.010720133461027403
1966-03-25,1313.13,0.003431042914781912
1966-03-28,1312.25,-0.0006701545163084743
1966-03-29,1310.38,-0.00142503333968369
1966-03-30,1289.5,-0.01593430913170235
1966-03-31,1302.38,0.009988367584335078
1966-04-01,1312.12,0.007478616072113864
1966-04-04,1323.6100000000001,0.008756821022467554
1966-04-05,1333.24,0.007275556999418065
1966-04-06,1337.63,0.0032927304911345434
1966-04-07,1350.62,0.009711205639825415
1966-04-11,1365.38,0.010928314403755524
1966-04-12,1349.38,-0.011718349470477119
1966-04-13,1360.63,0.00833716225229364
1966-04-14,1383.38,0.0167201957916554
1966-04-15,1376.6100000000001,-0.004893810811201549
1966-04-18,1365.63,-0.007976115239610393
1966-04-19,1360.6100000000001,-0.003675959081156699
1966-04-20,1363.88,0.0024033337988107473
1966-04-21,1362.5,-0.001011819221632515
1966-04-22,1358.25,-0.003119266055045866
1966-04-25,1347.0,-0.008282716731087825
1966-04-26,1361.13,0.010489977728285194
1966-04-27,1363.74,0.0019175244098652566
1966-04-28,1351.5,-0.008975317875841493
1966-04-29,1350.62,-0.0006511283758787734
1966-05-02,1346.49,-0.0030578549110777953
1966-05-03,1336.5,-0.007419290154401459
1966-05-04,1318.63,-0.01337074448185549
1966-05-05,1293.24,-0.019254832667238042
1966-05-06,1292.13,-0.0008583093625312843
1966-05-09,1265.63,-0.020508772337148762
1966-05-10,1278.49,0.010160947512306118
1966-05-11,1286.99,0.006648468114729189
1966-05-12,1272.99,-0.010878095400896681
1966-05-13,1259.38,-0.01069136442548635
1966-05-16,1249.38,-0.007940415124902733
1966-05-17,1231.76,-0.014102995085562564
1966-05-18,1021.88,-0.1703903357796973
1966-05-19,1024.49,0.0025541159431636817
1966-05-20,1029.63,0.005017130474675335
1966-05-23,1035.5,0.005701077085943362
1966-05-24,1049.5,0.013520038628681785
1966-05-25,1044.75,-0.004525964745116684
1966-05-26,1047.5,0.002632208662359359
1966-05-27,1049.6100000000001,0.0020143198090694092
1966-05-31,1033.76,-0.015100846981259797
1966-06-01,1023.4,-0.010021668472372736
1966-06-02,1010.39,-0.012712526871213603
1966-06-03,1008.75,-0.0016231356208988856
1966-06-06,997.51,-0.011142503097893441
1966-06-07,991.75,-0.00577437820172233
1966-06-08,998.99,0.0073002268716915175
1966-06-09,1011.26,0.01228240522928159
1966-06-10,1017.75,0.0064177362893815815
1966-06-13,1019.0,0.001228199459592183
1966-06-14,1029.75,0.010549558390579028
1966-06-15,1023.37,-0.006195678562757934
1966-06-16,1028.99,0.005491659907951085
1966-06-17,1042.25,0.01288642260857742
1966-06-20,1046.75,0.004317582153993804
1966-06-21,1048.38,0.0015572008598041531
1966-06-22,1051.01,0.0025086323661267507
1966-06-23,1043.62,-0.007031331766586546
1966-06-24,1038.1399999999999,-0.00525095341216153
1966-06-27,1028.49,-0.009295470745756651
1966-06-28,1020.5,-0.007768670575309389
1966-06-29,1008.87,-0.011396374326310577
1966-06-30,1013.02,0.004113513138461755
1966-07-01,1019.76,0.006653373082466274
1966-07-05,1019.88,0.0001176747469993078
1966-07-06,1034.87,0.014697807585206002
1966-07-07,1042.63,0.0074985263849567385
1966-07-08,1042.12,-0.000489147636266174
1966-07-11,1046.26,0.003972671093540159
1966-07-12,1035.74,-0.010054862080171256
1966-07-13,1022.5,-0.012783130901577677
1966-07-14,1032.8899999999999,0.010161369193153913
1966-07-15,1034.38,0.0014425543862368606
1966-07-18,1034.87,0.00047371372222948516
1966-07-19,1027.1100000000001,-0.007498526384956294
1966-07-20,1014.01,-0.012754232750143757
1966-07-21,1017.11,0.00305716906144915
1966-07-22,1010.89,-0.006115366086264062
1966-07-25,988.62,-0.022030092294908377
1966-07-26,988.12,-0.0005057554975622658
1966-07-27,996.37,0.008349188357689385
1966-07-28,987.76,-0.00864136816644423
1966-07-29,975.12,-0.012796630760508632
1966-08-01,953.87,-0.02179218967921892
1966-08-02,956.13,0.002369295606319488
1966-08-03,971.52,0.016096137554516554
1966-08-04,981.37,0.01013875164690381
1966-08-05,983.25,0.0019156892915006551
1966-08-08,984.26,0.001027205695397937
1966-08-09,976.13,-0.008260012598297228
1966-08-10,972.74,-0.0034728980771003837
1966-08-11,976.62,0.00398873285770085
1966-08-12,985.62,0.009215457393868753
1966-08-15,983.13,-0.002526328605344852
1966-08-16,967.0,-0.01640678241941551
1966-08-17,960.37,-0.006856256463288468
1966-08-18,948.13,-0.012745087830731916
1966-08-19,944.0,-0.00435594275046669
1966-08-22,923.11,-0.02212923728813554
1966-08-23,925.12,0.002177421975712468
1966-08-24,928.88,0.004064337599446466
1966-08-25,916.49,-0.0133386443889415
1966-08-26,891.61,-0.027147050158757846
1966-08-29,873.75,-0.020031179551597722
1966-08-30,891.5,0.020314735336194545
1966-08-31,905.12,0.015277621985417822
1966-09-01,910.13,0.005535177656001311
1966-09-02,901.38,-0.009614011185215321
1966-09-06,896.86,-0.005014533271206378
1966-09-07,891.26,-0.006244006868407537
1966-09-08,879.13,-0.013609945470457574
1966-09-09,888.13,0.010237393787039473
1966-09-12,908.63,0.023082206433742813
1966-09-13,912.75,0.004534298889536936
1966-09-14,925.51,0.013979731580388899
1966-09-15,941.63,0.017417423906818996
1966-09-16,937.75,-0.004120514427110478
1966-09-19,933.76,-0.004254865369234917
1966-09-20,921.62,-0.013001199451679213
1966-09-21,897.0,-0.02671382999500882
1966-09-22,905.63,0.009620958751393571
1966-09-23,903.23,-0.0026500888883981277
1966-09-26,906.64,0.0037753396144946105
1966-09-27,903.13,-0.0038714373952174475
1966-09-28,880.64,-0.02490228427801089
1966-09-29,874.37,-0.007119821947674354
1966-09-30,878.25,0.004437480700389962
1966-10-03,860.5,-0.020210646171363478
1966-10-04,866.62,0.007112144102266127
1966-10-05,861.01,-0.006473425492141915
1966-10-06,845.63,-0.017862742593001246
1966-10-07,829.99,-0.01849508650355358
1966-10-10,859.37,0.03539801684357635
1966-10-11,857.5,-0.002176012660437321
1966-10-12,879.12,0.025212827988338127
1966-10-13,876.0,-0.00354900354900356
1966-10-14,871.51,-0.00512557077625575
1966-10-17,879.26,0.008892611673991135
1966-10-18,896.13,0.019186588722334585
1966-10-19,879.5,-0.01855757535179048
1966-10-20,877.26,-0.0025469016486640017
1966-10-21,884.37,0.00810478079474719
1966-10-24,888.63,0.00481698836459854
1966-10-25,904.38,0.017723912089395943
1966-10-26,910.89,0.007198301598885459
1966-10-27,925.26,0.015775779731910466
1966-10-28,929.01,0.004052914856364609
1966-10-31,928.13,-0.0009472449166316732
1966-11-01,942.12,0.015073319470332747
1966-11-02,956.25,0.014998089415361182
1966-11-03,951.75,-0.004705882352941226
1966-11-04,957.26,0.005789335434725595
1966-11-07,961.01,0.0039174310009819635
1966-11-09,970.38,0.009750158687214405
1966-11-10,978.62,0.00849151878645471
1966-11-11,981.25,0.0026874578488074174
1966-11-14,977.13,-0.004198726114649665
1966-11-15,986.51,0.009599541514435206
1966-11-16,998.5,0.01215395687828802
1966-11-17,994.62,-0.0038858287431147165
1966-11-18,985.12,-0.009551386459150213
1966-11-21,966.48,-0.01892155270423901
1966-11-22,971.11,0.004790580249979248
1966-11-23,981.38,0.010575526974287097
1966-11-25,1000.62,0.019605045955695122
1966-11-28,1001.25,0.0006296096420219666
1966-11-29,998.86,-0.002387016229712824
1966-11-30,1001.38,0.0025228760787296967
1966-12-01,993.01,-0.00835846531786133
1966-12-02,991.51,-0.0015105588060543296
1966-12-05,996.38,0.004911700335851421
1966-12-06,1000.87,0.004506312852526229
1966-12-07,1014.0,0.013118586829458323
1966-12-08,1017.38,0.0033333333333334103
1966-12-09,1012.25,-0.005042363718571252
1966-12-12,1025.0,0.01259570264262777
1966-12-13,1020.75,-0.004146341463414638
1966-12-14,1021.12,0.0003624785696791921
1966-12-15,1004.88,-0.015904105296145388
1966-12-16,1014.01,0.009085661969588488
1966-12-19,1010.76,-0.0032050965966805567
1966-12-20,1006.5,-0.004214650362103778
1966-12-21,1010.11,0.0035866865375062673
1966-12-22,1013.74,0.003593668016354634
1966-12-23,1010.13,-0.0035610708860259743
1966-12-27,1000.51,-0.0095235266747844
1966-12-28,999.11,-0.0013992863639543662
1966-12-29,1002.87,0.0037633493809490215
1966-12-30,1002.61,-0.00025925593546516357
1967-01-03,1000.0,-0.0026032056332970788
1967-01-04,994.25,-0.005750000000000033
1967-01-05,1008.37,0.014201659542368628
1967-01-06,1022.87,0.014379642393169245
1967-01-09,1031.87,0.008798772082473816
1967-01-10,1034.12,0.0021805072344385223
1967-01-11,1046.38,0.011855490658724488
1967-01-12,1046.87,0.0004682811215808158
1967-01-13,1049.88,0.0028752376130753987
1967-01-16,1044.15,-0.00545776660189734
1967-01-17,1059.75,0.014940382129004393
1967-01-18,1066.0,0.005897617362585539
1967-01-19,1073.38,0.006923076923077032
1967-01-20,1078.13,0.004425273435316512
1967-01-23,1084.37,0.005787799244988845
1967-01-24,1090.25,0.005422503389064692
1967-01-25,1080.13,-0.009282274707635763
1967-01-26,1082.13,0.0018516289705867717
1967-01-27,1086.13,0.00369641355474859
1967-01-30,1088.6399999999999,0.00231095725189423
1967-01-31,1080.1100000000001,-0.007835464432686456
1967-02-01,1070.38,-0.009008341742970605
1967-02-02,1073.12,0.0025598385620058117
1967-02-03,1076.74,0.003373341285224596
1967-02-06,1072.13,-0.004281442130876445
1967-02-07,1068.51,-0.0033764562133324905
1967-02-08,1083.13,0.013682604748668892
1967-02-09,1087.0,0.003572978312852415
1967-02-10,1090.6100000000001,0.0033210671573138395
1967-02-13,1089.49,-0.0010269482216375136
1967-02-14,1099.25,0.008958319947865556
1967-02-15,1104.99,0.005221742096884308
1967-02-16,1094.99,-0.009049855654802319
1967-02-17,1093.62,-0.0012511529785661502
1967-02-20,1090.25,-0.00308150911651206
1967-02-21,1091.62,0.0012565925246501575
1967-02-23,1096.25,0.004241402685916551
1967-02-24,1096.76,0.0004652223489167717
1967-02-27,1082.74,-0.012783106604909
1967-02-28,1100.38,0.01629199992611352
1967-03-01,1119.62,0.017484868863483216
1967-03-02,1122.76,0.0028045229631483704
1967-03-03,1121.37,-0.001238020592112421
1967-03-06,1123.99,0.0023364277624691177
1967-03-07,1123.25,-0.0006583688466978987
1967-03-08,1121.75,-0.001335410638771406
1967-03-09,1121.26,-0.0004368174726989693
1967-03-10,1132.26,0.009810391880562985
1967-03-13,1128.5,-0.003320792044230081
1967-03-14,1118.01,-0.009295525033229945
1967-03-15,1132.12,0.012620638455827615
1967-03-16,1151.38,0.0170123308483201
1967-03-17,1146.62,-0.004134169431465051
1967-03-20,1142.6399999999999,-0.003471071497095801
1967-03-21,1141.5,-0.0009976895610165348
1967-03-22,1146.63,0.004494086727989677
1967-03-23,1163.38,0.014608025256621637
1967-03-27,1164.25,0.0007478210043150302
1967-03-28,1163.76,-0.0004208718058835714
1967-03-29,1162.88,-0.0007561696569738929
1967-03-30,1164.38,0.0012899009356082125
1967-03-31,1153.62,-0.009240969442965596
1967-04-03,1131.13,-0.019495154383592284
1967-04-04,1138.24,0.006285749648581307
1967-04-05,1149.12,0.009558616811920162
1967-04-06,1159.37,0.008919869117237633
1967-04-07,1148.12,-0.009703545891303067
1967-04-10,1131.38,-0.014580357453924497
1967-04-11,1148.37,0.015017058813130646
1967-04-12,1145.0,-0.002934594250981748
1967-04-13,1157.75,0.0111353711790394
1967-04-14,1173.88,0.013932196069963432
1967-04-17,1189.13,0.012991106416328835
1967-04-18,1196.63,0.006307132104984348
1967-04-19,1201.5,0.004069762583254644
1967-04-20,1212.25,0.008947149396587584
1967-04-21,1227.49,0.012571664260672355
1967-04-24,1245.12,0.014362642465518993
1967-04-25,1252.63,0.0060315471601133375
1967-04-26,1249.99,-0.00210756568180559
1967-04-27,1270.75,0.016608132865062908
1967-04-28,1277.37,0.005209521935864547
1967-05-01,1270.37,-0.0054800097074457765
1967-05-02,1264.75,-0.0044239079953083404
1967-05-03,1273.13,0.006625815378533462
1967-05-04,1280.01,0.005404004304352172
1967-05-05,1275.99,-0.0031406004640588403
1967-05-08,1264.5,-0.009004772764676816
1967-05-09,1240.0,-0.019375247133254225
1967-05-10,1236.0,-0.003225806451612856
1967-05-11,1244.75,0.007079288025889863
1967-05-12,1244.62,-0.0001044386422976995
1967-05-15,1233.1100000000001,-0.009247802542141192
1967-05-16,1246.12,0.010550559155306338
1967-05-17,1239.75,-0.0051118672359001804
1967-05-18,1241.0,0.001008267795926665
1967-05-19,1236.12,-0.003932312651087955
1967-05-22,1240.88,0.0038507588260041636
1967-05-23,1229.63,-0.009066146605634762
1967-05-24,1219.63,-0.008132527670925427
1967-05-25,1234.62,0.012290612726810313
1967-05-26,1228.76,-0.004746399701932469
1967-05-29,1226.01,-0.002238028581659557
1967-05-31,1207.5,-0.015097756135757479
1967-06-01,1229.37,0.01811180124223588
1967-06-02,1223.63,-0.004669058135467585
1967-06-05,1208.1399999999999,-0.012659055433423716
1967-06-06,1234.88,0.02213319648385137
1967-06-07,1243.75,0.007182884166882619
1967-06-08,1254.38,0.0085467336683418
1967-06-09,1256.0,0.0012914746727465953
1967-06-12,1265.62,0.007659235668789677
1967-06-13,1273.25,0.006028665792259913
1967-06-14,1277.12,0.0030394659336343555
1967-06-15,1278.75,0.0012763091956904393
1967-06-16,1279.0,0.00019550342130991716
1967-06-19,1280.5,0.0011727912431587217
1967-06-20,1277.37,-0.00244435767278417
1967-06-21,1272.62,-0.0037185780157668047
1967-06-22,1276.1100000000001,0.002742374000094472
1967-06-23,1286.6399999999999,0.008251639748924289
1967-06-26,1292.25,0.004360193993657946
1967-06-27,1282.75,-0.0073515186689881995
1967-06-28,1278.25,-0.0035080880919898805
1967-06-29,1273.24,-0.00391942108351262
1967-06-30,1266.13,-0.005584178945053475
1967-07-03,1264.88,-0.0009872603919028888
1967-07-05,1267.63,0.0021741192840427637
1967-07-06,1268.0,0.0002918832782434766
1967-07-07,1266.88,-0.0008832807570977597
1967-07-10,1268.75,0.0014760671886839827
1967-07-11,1278.76,0.00788965517241369
1967-07-12,1275.0,-0.0029403484625730725
1967-07-13,1275.88,0.0006901960784313488
1967-07-14,1280.25,0.0034250869987773047
1967-07-17,1276.38,-0.0030228471001756407
1967-07-18,1286.75,0.008124539713878276
1967-07-19,1278.25,-0.006605789780454674
1967-07-20,1281.38,0.0024486602777236133
1967-07-21,1290.74,0.007304624701493623
1967-07-24,1278.13,-0.009769589537784396
1967-07-25,1270.62,-0.005875771635123317
1967-07-26,1281.5,0.008562748894240801
1967-07-27,1291.37,0.007701911822083352
1967-07-28,1295.38,0.003105229330091497
1967-07-31,1296.88,0.0011579613704086889
1967-08-01,1313.3899999999999,0.012730553327986893
1967-08-02,1311.62,-0.0013476575883781816
1967-08-03,1311.37,-0.0001906039859105313
1967-08-04,1320.37,0.0068630516177736745
1967-08-07,1318.3899999999999,-0.0014995796632761849
1967-08-08,1322.25,0.0029278134694590285
1967-08-09,1319.0,-0.002457931556059778
1967-08-10,1305.49,-0.01024260803639121
1967-08-11,1294.38,-0.008510214555454199
1967-08-14,1286.37,-0.0061882909192046975
1967-08-15,1285.87,-0.0003886906566540338
1967-08-16,1286.48,0.0004743869909089593
1967-08-17,1286.02,-0.00035756482805793244
1967-08-18,1296.74,0.008335795710797678
1967-08-21,1288.0,-0.006739978715856743
1967-08-22,1280.99,-0.005442546583850905
1967-08-23,1275.63,-0.004184263733518545
1967-08-24,1265.37,-0.00804308459349512
1967-08-25,1253.25,-0.009578226131487177
1967-08-28,1258.49,0.004181129064432465
1967-08-29,1269.5,0.008748579647037236
1967-08-30,1280.5,0.008664828672705793
1967-08-31,1288.13,0.005958609918000901
1967-09-01,1292.76,0.0035943577123425108
1967-09-05,1294.62,0.0014387821405363876
1967-09-06,1292.62,-0.001544854860885847
1967-09-07,1291.38,-0.000959291980628274
1967-09-08,1292.63,0.0009679567594356175
1967-09-11,1308.12,0.011983320826531862
1967-09-12,1313.26,0.003929303122037764
1967-09-13,1317.12,0.0029392504149976517
1967-09-14,1312.12,-0.0037961613216714873
1967-09-15,1321.75,0.007339267749900902
1967-09-18,1327.23,0.004146018536031804
1967-09-19,1319.88,-0.005537849506114134
1967-09-20,1319.3899999999999,-0.0003712458708369226
1967-09-21,1343.0,0.01789463312591444
1967-09-22,1356.13,0.0097766195085629
1967-09-25,1378.0,0.016126772507060405
1967-09-26,1364.38,-0.009883889695210368
1967-09-27,1363.25,-0.0008282150134127919
1967-09-28,1361.49,-0.001291032459196817
1967-09-29,1359.76,-0.001270666696046252
1967-10-02,1346.38,-0.009839971759722177
1967-10-03,1353.76,0.005481364844991621
1967-10-04,1348.49,-0.003892861363904987
1967-10-05,1366.62,0.013444667739471505
1967-10-06,1365.26,-0.000995155932153713
1967-10-09,1370.51,0.0038454213849377084
1967-10-10,1366.5,-0.0029259180888866476
1967-10-11,1374.38,0.005766556897182751
1967-10-12,1368.24,-0.004467468967825572
1967-10-13,1376.62,0.006124656493012859
1967-10-16,1368.88,-0.005622466621144406
1967-10-17,1361.0,-0.005756530886564248
1967-10-18,1366.5,0.004041146216017699
1967-10-19,1369.74,0.0023710208562019996
1967-10-20,1372.12,0.001737556032531673
1967-10-23,1365.75,-0.004642451097571554
1967-10-24,1364.63,-0.0008200622368661481
1967-10-25,1366.99,0.0017294065057926744
1967-10-26,1382.25,0.011163212605798112
1967-10-27,1383.63,0.0009983722192079547
1967-10-30,1383.63,0.0
1967-10-31,1380.5,-0.0022621654633103727
1967-11-01,1363.8600000000001,-0.012053603766751131
1967-11-02,1360.75,-0.0022802926986641436
1967-11-03,1347.62,-0.00964909057505059
1967-11-06,1341.74,-0.0043632477998247765
1967-11-08,1334.75,-0.005209653136971415
1967-11-09,1345.51,0.008061434725604055
1967-11-10,1348.6,0.0022965269674695143
1967-11-13,1345.76,-0.0021058875871273752
1967-11-14,1335.12,-0.007906313161336387
1967-11-15,1348.87,0.010298699742345319
1967-11-16,1318.12,-0.022796859593585794
1967-11-17,1331.25,0.009961156799077608
1967-11-20,1307.6100000000001,-0.017757746478873182
1967-11-21,1339.1399999999999,0.02411269415192585
1967-11-22,1338.12,-0.0007616828710963475
1967-11-24,1341.6100000000001,0.002608136788927906
1967-11-27,1350.12,0.006343125051244236
1967-11-28,1354.25,0.0030589873492727904
1967-11-29,1356.25,0.0014768321949418795
1967-11-30,1353.6399999999999,-0.0019244239631337479
1967-12-01,1357.72,0.003014095328152333
1967-12-04,1369.5,0.008676310284889244
1967-12-05,1367.12,-0.0017378605330413688
1967-12-06,1370.37,0.0023772602258762543
1967-12-07,1375.5,0.0037435145252742164
1967-12-08,1371.37,-0.0030025445292621855
1967-12-11,1368.62,-0.0020052939760969446
1967-12-12,1362.49,-0.004478964212126013
1967-12-13,1366.25,0.002759653281859009
1967-12-14,1368.0,0.0012808783165598747
1967-12-15,1351.62,-0.011973684210526359
1967-12-18,1325.5,-0.01932495819831015
1967-12-19,1327.73,0.0016823840060353756
1967-12-20,1343.25,0.011689123541683832
1967-12-21,1337.26,-0.0044593337055648385
1967-12-22,1322.13,-0.011314179740663621
1967-12-26,1327.63,0.004159954013599254
1967-12-27,1341.0,0.010070576892658334
1967-12-28,1344.12,0.0023266219239372887
1967-12-29,1355.37,0.008369788411748846
1968-01-02,1331.75,-0.017426975659782906
1968-01-03,1319.38,-0.009288530129528683
1968-01-04,1294.75,-0.018667859145962584
1968-01-05,1299.5,0.0036686619038424073
1968-01-08,1302.37,0.0022085417468256097
1968-01-09,1301.88,-0.00037623716762502646
1968-01-10,1307.5,0.004316834116815604
1968-01-11,1313.63,0.004688336520076497
1968-01-12,1320.24,0.005031858285818647
1968-01-15,1326.5,0.004741562140216926
1968-01-16,1314.49,-0.00905390124387484
1968-01-17,1315.8600000000001,0.0010422293056624454
1968-01-18,1321.12,0.003997385740124093
1968-01-19,1320.8899999999999,-0.00017409470752094425
1968-01-22,1295.88,-0.018934203453731757
1968-01-23,1307.37,0.00886656171867739
1968-01-24,1297.74,-0.00736593313293088
1968-01-25,1304.8899999999999,0.005509578189776043
1968-01-26,1306.49,0.001226156994076133
1968-01-29,1299.6399999999999,-0.005243055821322895
1968-01-30,1290.74,-0.006848050229294134
1968-01-31,1265.8600000000001,-0.019275764290252018
1968-02-01,1274.38,0.006730602120297746
1968-02-02,1275.74,0.0010671856118269485
1968-02-05,1266.76,-0.007039051844419775
1968-02-06,1262.74,-0.0031734503773406253
1968-02-07,1269.62,0.005448469201894124
1968-02-08,1248.25,-0.016831807942533916
1968-02-09,1229.0,-0.01542159022631684
1968-02-13,1222.76,-0.00507729861676165
1968-02-14,1245.25,0.01839281625175837
1968-02-15,1245.74,0.00039349528207188733
1968-02-16,1238.25,-0.006012490567855244
1968-02-19,1251.87,0.010999394306480781
1968-02-20,1268.37,0.013180282297682755
1968-02-21,1281.13,0.010060155948185656
1968-02-23,1268.25,-0.010053624534590688
1968-02-26,1250.75,-0.013798541297062927
1968-02-27,1260.75,0.007995202878273044
1968-02-28,1254.37,-0.00506047987309155
1968-02-29,1239.13,-0.012149525259691929
1968-03-01,1235.87,-0.0026308781160977457
1968-03-04,1208.76,-0.021935964138622865
1968-03-05,1216.87,0.00670935504153003
1968-03-06,1241.63,0.020347284426438517
1968-03-07,1244.26,0.0021181833557499807
1968-03-08,1240.37,-0.0031263562277981105
1968-03-11,1263.12,0.018341301385876863
1968-03-12,1269.37,0.004948065108620003
1968-03-13,1266.25,-0.002457912192662448
1968-03-14,1234.74,-0.024884501480750276
1968-03-15,1256.62,0.017720329786027778
1968-03-18,1260.38,0.002992153554774113
1968-03-19,1245.38,-0.011901172662213022
1968-03-20,1250.38,0.004014838844368818
1968-03-21,1240.25,-0.008101537132711778
1968-03-22,1241.63,0.0011126788953841338
1968-03-25,1241.38,-0.0002013482277328782
1968-03-26,1252.62,0.009054439414200255
1968-03-27,1258.62,0.004789960243329894
1968-03-28,1255.37,-0.002582193195722282
1968-03-29,1271.76,0.013055911802894782
1968-04-01,1307.24,0.027898345599798757
1968-04-02,1311.6399999999999,0.0033658700774148453
1968-04-03,1317.5,0.004467689304992417
1968-04-04,1320.13,0.001996204933586432
1968-04-05,1310.62,-0.00720383598585006
1968-04-08,1336.26,0.019563260136423954
1968-04-10,1348.38,0.009070091149925963
1968-04-11,1366.8600000000001,0.013705335291238407
1968-04-15,1373.5,0.004857849377404966
1968-04-16,1370.74,-0.0020094648707681406
1968-04-17,1364.02,-0.004902461444183492
1968-04-18,1360.63,-0.0024853008020409018
1968-04-19,1348.99,-0.008554860616038273
1968-04-22,1344.99,-0.0029651813579048003
1968-04-23,1043.5,-0.22415780042974298
1968-04-24,1042.88,-0.00059415428845222
1968-04-25,1050.25,0.007066968395213147
1968-04-26,1058.1399999999999,0.00751249702451795
1968-04-29,1065.37,0.0068327442493432144
1968-04-30,1072.8899999999999,0.00705858058702602
1968-05-01,1076.0,0.00289871282237697
1968-05-02,1086.63,0.009879182156133925
1968-05-03,1079.38,-0.006672004270082743
1968-05-06,1074.5,-0.004521113972836388
1968-05-07,1079.75,0.004885993485342022
1968-05-08,1081.01,0.0011669367909237227
1968-05-09,1072.5,-0.007872267601594762
1968-05-10,1072.62,0.0001118881118880033
1968-05-13,1069.12,-0.0032630381682235976
1968-05-14,1067.51,-0.0015059114037712096
1968-05-15,1063.25,-0.003990594935878833
1968-05-16,1059.25,-0.003762050317423049
1968-05-17,1046.63,-0.011914090158130608
1968-05-20,1042.24,-0.004194414454009587
1968-05-21,1049.25,0.006725898065704561
1968-05-22,1044.6399999999999,-0.004393614486538078
1968-05-23,1040.88,-0.003599326083626675
1968-05-24,1046.75,0.005639458919375784
1968-05-27,1043.76,-0.0028564604728923415
1968-05-28,1046.87,0.002979612171380319
1968-05-29,1057.99,0.010622140284849202
1968-05-31,1075.0,0.016077656688626485
1968-06-03,1028.75,-0.0430232558139535
1968-06-04,1033.87,0.004976913730255106
1968-06-05,1027.62,-0.006045247468250414
1968-06-06,1037.5,0.009614448920807428
1968-06-07,1038.62,0.0010795180722891207
1968-06-10,1038.88,0.00025033217153547227
1968-06-11,1044.12,0.00504389342368694
1968-06-13,1029.87,-0.013647856568210548
1968-06-14,1019.87,-0.009709963393437882
1968-06-17,1005.76,-0.013835096629962629
1968-06-18,1003.76,-0.0019885459751829426
1968-06-20,1014.0,0.010201641826731445
1968-06-21,1011.49,-0.0024753451676527982
1968-06-24,997.01,-0.01431551473568693
1968-06-25,997.61,0.0006017993801465948
1968-06-27,996.38,-0.0012329467427151242
1968-06-28,984.37,-0.012053634155643422
1968-07-01,978.5,-0.005963204892469265
1968-07-02,979.88,0.0014103219213081886
1968-07-03,992.25,0.012623994774870306
1968-07-08,1013.26,0.021174099269337443
1968-07-09,1015.63,0.0023389850581292393
1968-07-11,1007.39,-0.008113190827368277
1968-07-12,1001.0,-0.00634312431133921
1968-07-15,1002.25,0.0012487512487513452
1968-07-16,1000.37,-0.0018757794961337115
1968-07-18,1003.87,0.0034987054789727967
1968-07-19,985.02,-0.018777331726219537
1968-07-22,968.75,-0.01651743111814985
1968-07-23,968.25,-0.0005161290322580614
1968-07-25,947.51,-0.021420087787245023
1968-07-26,946.75,-0.0008021023524817927
1968-07-29,938.24,-0.008988645365724857
1968-07-30,949.12,0.011596180081855367
1968-08-01,947.99,-0.0011905765340526342
1968-08-02,943.01,-0.0052532199706748495
1968-08-05,947.13,0.0043689886639590725
1968-08-06,951.24,0.004339425422064558
1968-08-08,945.5,-0.006034229006349645
1968-08-09,944.62,-0.0009307244843997919
1968-08-12,954.87,0.0108509241811523
1968-08-13,958.98,0.004304250840428514
1968-08-15,953.14,-0.006089803749817602
1968-08-16,961.38,0.008645109847451593
1968-08-19,964.37,0.003110112546547583
1968-08-20,965.12,0.0007777098001804372
1968-08-22,964.12,-0.0010361405835543902
1968-08-23,964.01,-0.00011409368128445507
1968-08-26,968.75,0.004916961442308798
1968-08-27,964.63,-0.004252903225806404
1968-08-29,969.88,0.005442501269916855
1968-08-30,966.62,-0.003361240565843193
1968-09-03,973.13,0.0067348078872773165
1968-09-04,980.13,0.007193283528408312
1968-09-05,987.63,0.007652046157142323
1968-09-06,989.13,0.001518787400139665
1968-09-09,988.89,-0.000242637469291207
1968-09-10,983.24,-0.005713476726430633
1968-09-12,979.25,-0.0040580122859118495
1968-09-13,981.88,0.0026857288741384266
1968-09-16,985.62,0.0038090194321098725
1968-09-17,991.38,0.005844037255737566
1968-09-19,992.36,0.0009885210514637421
1968-09-20,991.37,-0.0009976218307872209
1968-09-23,993.87,0.002521762813076922
1968-09-24,998.75,0.004910098906295568
1968-09-26,990.49,-0.008270337922402948
1968-09-27,985.75,-0.004785510202021226
1968-09-30,989.25,0.003550595992898753
1968-10-01,987.38,-0.0018903209502147966
1968-10-03,992.62,0.005306974012031951
1968-10-04,1002.75,0.010205315226370582
1968-10-07,1002.87,0.00011967090501130428
1968-10-08,1001.63,-0.001236451384526438
1968-10-10,992.5,-0.009115142318021574
1968-10-11,987.25,-0.005289672544080637
1968-10-14,980.75,-0.006583945302608307
1968-10-15,978.99,-0.0017945449910782285
1968-10-17,990.63,0.011889804798823178
1968-10-18,1007.5,0.017029567043194804
1968-10-21,1011.62,0.004089330024813931
1968-10-22,1005.26,-0.006286945691069801
1968-10-24,994.51,-0.01069375087042157
1968-10-25,995.63,0.0011261827432604843
1968-10-28,989.01,-0.006649056376364704
1968-10-29,984.49,-0.004570226792449006
1968-10-31,977.0,-0.007608000081260391
1968-11-01,978.88,0.0019242579324463271
1968-11-04,985.25,0.006507437070938149
1968-11-06,978.12,-0.007236741943669078
1968-11-07,982.87,0.00485625485625496
1968-11-08,986.12,0.003306642791010006
1968-11-12,994.75,0.008751470409280815
1968-11-13,999.39,0.004664488564966041
1968-11-14,1002.62,0.0032319715026165596
1968-11-15,1005.26,0.002633101274660321
1968-11-18,1002.75,-0.002496866482303073
1968-11-19,1007.87,0.005105958613812023
1968-11-21,1012.38,0.00447478345421537
1968-11-22,1019.12,0.006657579169876859
1968-11-25,1018.88,-0.00023549729178118373
1968-11-26,1021.88,0.002944409547738669
1968-11-27,1028.12,0.0061063921399771015
1968-11-29,1029.6100000000001,0.0014492471695912723
1968-12-02,1028.3600000000001,-0.0012140519225726232
1968-12-03,1034.12,0.005601151347776723
1968-12-05,1032.88,-0.0011990871465591413
1968-12-06,1025.99,-0.006670668422275705
1968-12-09,1026.37,0.00037037398025319135
1968-12-10,1023.12,-0.0031664994105438105
1968-12-12,1018.0,-0.005004300570803033
1968-12-13,1017.38,-0.0006090373280942529
1968-12-16,1017.62,0.00023590005700913075
1968-12-17,1017.74,0.00011792221064843567
1968-12-19,1026.62,0.008725214691374994
1968-12-20,1013.38,-0.01289669010929062
1968-12-23,995.88,-0.01726894156190173
1968-12-24,999.51,0.003645017471984646
1968-12-26,999.89,0.00038018629128266923
1968-12-27,997.26,-0.0026302893318265186
1968-12-30,982.87,-0.014429536931191422
1968-12-31,987.75,0.004965051329270498
1969-01-02,983.25,-0.004555808656036442
1969-01-03,986.13,0.002929061784896936
1969-01-06,968.24,-0.018141624329449435
1969-01-07,956.38,-0.012249029166322423
1969-01-08,959.88,0.003659633200192358
1969-01-09,965.99,0.006365379005708993
1969-01-10,957.5,-0.008788910858290477
1969-01-13,950.75,-0.007049608355091386
1969-01-14,961.62,0.011433079148041037
1969-01-15,964.87,0.003379713400303741
1969-01-16,969.87,0.005182045249619183
1969-01-17,964.64,-0.005392475280192155
1969-01-20,957.62,-0.007277326256427297
1969-01-21,961.77,0.00433366053340567
1969-01-22,962.25,0.0004990798215789294
1969-01-23,968.88,0.006890101325019549
1969-01-24,967.5,-0.001424324993807291
1969-01-27,966.0,-0.0015503875968991832
1969-01-28,966.24,0.0002484472049688602
1969-01-29,964.5,-0.0018007948335817536
1969-01-30,968.0,0.003628823224468558
1969-01-31,972.38,0.004524793388429815
1969-02-03,964.38,-0.008227236265657467
1969-02-04,961.38,-0.0031108069433211094
1969-02-05,961.74,0.00037446171128996397
1969-02-06,964.5,0.002869798490236386
1969-02-07,968.24,0.003877656817003583
1969-02-11,973.37,0.005298273155416089
1969-02-12,973.74,0.00038012266661180405
1969-02-13,980.99,0.007445519337810902
1969-02-14,975.01,-0.006095882730710822
1969-02-17,959.0,-0.01642034440672402
1969-02-18,954.01,-0.005203336809176284
1969-02-19,945.39,-0.009035544700789266
1969-02-20,940.26,-0.005426331989972333
1969-02-24,929.5,-0.011443643247612378
1969-02-25,923.02,-0.0069714900484131315
1969-02-26,931.37,0.009046391194123649
1969-02-27,925.99,-0.005776436861827161
1969-02-28,927.25,0.001360705839155818
1969-03-03,930.49,0.0034942032892963937
1969-03-04,939.13,0.00928543025717632
1969-03-05,945.37,0.006644447520577579
1969-03-06,939.76,-0.005934184499190809
1969-03-07,936.26,-0.0037243551545075304
1969-03-10,939.61,0.0035780659218593858
1969-03-11,940.37,0.000808846223433024
1969-03-12,933.75,-0.007039782213384083
1969-03-13,919.38,-0.015389558232931755
1969-03-14,921.37,0.0021645021645022577
1969-03-17,926.12,0.005155366465155131
1969-03-18,925.48,-0.0006910551548395816
1969-03-19,933.88,0.009076371180360532
1969-03-20,944.62,0.01150040690452725
1969-03-21,943.75,-0.0009210052719612616
1969-03-24,945.23,0.001568211920529805
1969-03-25,947.99,0.0029199242512403245
1969-03-26,954.41,0.006772223335689054
1969-03-27,966.37,0.012531302060959204
1969-03-28,973.0,0.0068607262228752575
1969-04-01,972.75,-0.0002569373072970338
1969-04-02,965.63,-0.007319455152916987
1969-04-03,960.0,-0.005830390522249762
1969-04-07,951.62,-0.008729166666666677
1969-04-08,950.99,-0.0006620289611399821
1969-04-09,962.5,0.012103176689555184
1969-04-10,967.62,0.005319480519480502
1969-04-11,967.51,-0.0001136809904714875
1969-04-14,965.24,-0.002346228979545395
1969-04-15,964.5,-0.0007666487091293472
1969-04-16,958.26,-0.006469673405909759
1969-04-17,956.87,-0.001450545780894541
1969-04-18,959.0,0.0022260077126463607
1969-04-21,956.25,-0.0028675703858185297
1969-04-22,959.12,0.0030013071895425014
1969-04-23,956.87,-0.0023459004087079682
1969-04-24,966.01,0.009551976757553149
1969-04-25,970.98,0.005144874276663769
1969-04-28,973.25,0.00233784423984007
1969-04-29,985.74,0.01283329052144877
1969-04-30,996.11,0.010520015419887674
1969-05-01,989.63,-0.006505305638935477
1969-05-02,992.5,0.0029000737649425012
1969-05-05,995.24,0.002760705289672538
1969-05-06,1000.88,0.005666974800048186
1969-05-07,997.36,-0.003516905123491343
1969-05-08,996.37,-0.0009926205181679526
1969-05-09,991.87,-0.0045163945120788584
1969-05-12,987.0,-0.004909917630334659
1969-05-13,993.75,0.006838905775075954
1969-05-14,999.5,0.005786163522012666
1969-05-15,991.87,-0.007633816908454216
1969-05-16,994.37,0.002520491596680996
1969-05-19,983.76,-0.010670072508221273
1969-05-20,975.13,-0.008772464828819992
1969-05-21,979.5,0.004481453754884068
1969-05-22,985.37,0.0059928534966819935
1969-05-23,991.26,0.005977450094888148
1969-05-26,993.38,0.002138692169562084
1969-05-27,982.5,-0.010952505586985795
1969-05-28,978.13,-0.0044478371501271985
1969-05-29,975.25,-0.002944393894472097
1969-06-02,970.99,-0.004368110740835651
1969-06-03,966.12,-0.0050154996446925
1969-06-04,966.12,0.0
1969-06-05,970.62,0.004657806483666649
1969-06-06,960.62,-0.010302693123982576
1969-06-09,955.27,-0.005569319814286655
1969-06-10,951.25,-0.004208234321186666
1969-06-11,942.75,-0.008935611038107805
1969-06-12,936.49,-0.006640148501723675
1969-06-13,943.37,0.007346581383677275
1969-06-16,941.12,-0.002385066304843253
1969-06-17,938.87,-0.00239076844610675
1969-06-18,940.99,0.002258033593575348
1969-06-19,939.88,-0.001179608709975688
1969-06-20,926.89,-0.013820913308081884
1969-06-23,924.63,-0.002438261282352805
1969-06-24,942.24,0.019045456020245988
1969-06-25,933.49,-0.009286381389030374
1969-06-26,940.0,0.0069738293929233475
1969-06-27,945.12,0.005446808510638279
1969-06-30,950.24,0.005417301506686956
1969-07-01,957.0,0.007113992254588197
1969-07-02,969.11,0.012654127481713795
1969-07-03,976.63,0.007759697041615388
1969-07-07,967.63,-0.009215363034107082
1969-07-08,951.26,-0.016917623471781607
1969-07-09,943.12,-0.008557071673359506
1969-07-10,930.38,-0.013508355246416137
1969-07-11,933.88,0.003761903738257466
1969-07-14,916.37,-0.018749732299653044
1969-07-15,913.87,-0.0027281556576491672
1969-07-16,926.75,0.014093908323941085
1969-07-17,931.5,0.005125438359859791
1969-07-18,920.87,-0.011411701556629072
1969-07-22,910.99,-0.010728984547221598
1969-07-23,910.26,-0.0008013260299235547
1969-07-24,906.5,-0.004130687935315125
1969-07-25,900.87,-0.006210700496414812
1969-07-28,886.1,-0.016395262357498885
1969-07-29,886.38,0.0003159914230899119
1969-07-30,896.5,0.011417225117895224
1969-07-31,913.63,0.01910764082543226
1969-08-01,931.38,0.019427996015892735
1969-08-04,925.63,-0.006173634821447727
1969-08-05,936.63,0.011883798061860462
1969-08-06,940.5,0.0041318343422696024
1969-08-07,934.98,-0.005869218500797468
1969-08-08,930.39,-0.004909195918629261
1969-08-11,922.37,-0.00862004105805092
1969-08-12,923.5,0.001225104892830453
1969-08-13,927.99,0.0048619382782890685
1969-08-14,932.87,0.005258677356436925
1969-08-15,943.62,0.011523577776110239
1969-08-18,953.26,0.010215976770310053
1969-08-19,961.99,0.009158047122505897
1969-08-20,963.63,0.0017047994261893962
1969-08-21,962.38,-0.0012971783775930223
1969-08-22,960.75,-0.0016937176583053937
1969-08-25,947.39,-0.01390580275826181
1969-08-26,944.13,-0.003441032732032223
1969-08-27,951.64,0.007954413057523757
1969-08-28,960.61,0.009425833298306152
1969-08-29,958.37,-0.00233185163593963
1969-09-02,956.88,-0.0015547231236370251
1969-09-03,949.63,-0.007576707633141
1969-09-04,943.51,-0.006444615271210874
1969-09-05,937.5,-0.006369831798285097
1969-09-08,928.5,-0.009600000000000053
1969-09-09,937.0,0.009154550350026991
1969-09-10,953.12,0.017203842049092755
1969-09-11,950.38,-0.0028747691791169983
1969-09-12,951.26,0.0009259454113090815
1969-09-15,962.24,0.0115425856232787
1969-09-16,971.13,0.009238859328234206
1969-09-17,971.88,0.0007722961910352488
1969-09-18,973.75,0.001924105856690117
1969-09-19,976.63,0.0029576379974325384
1969-09-22,983.13,0.0066555399690773065
1969-09-23,990.24,0.0072320039058924035
1969-09-24,990.0,-0.0002423654871546166
1969-09-25,973.5,-0.01666666666666672
1969-09-26,966.75,-0.006933744221879867
1969-09-29,959.0,-0.008016550297388125
1969-09-30,959.38,0.0003962460896766995
1969-10-01,949.5,-0.010298317663490986
1969-10-02,958.75,0.0097419694576093
1969-10-03,959.37,0.0006466753585396834
1969-10-06,965.62,0.00651469193324794
1969-10-07,961.12,-0.004660218305337471
1969-10-08,953.25,-0.008188363575828195
1969-10-09,962.61,0.009819040125885081
1969-10-10,966.88,0.0044358566813142986
1969-10-13,984.64,0.01836836008605003
1969-10-14,994.39,0.009902096197595078
1969-10-15,994.87,0.0004827079918341415
1969-10-16,996.75,0.0018896941308914617
1969-10-17,994.87,-0.0018861299222473482
1969-10-20,999.14,0.004292018052609814
1969-10-21,1011.88,0.012750965830614414
1969-10-22,1011.87,-9.882594774079934e-06
1969-10-23,1005.74,-0.006058090466166566
1969-10-24,1014.62,0.008829319704893868
1969-10-27,1019.51,0.004819538349332797
1969-10-28,1016.14,-0.0033055095094702835
1969-10-29,1003.24,-0.01269510106875038
1969-10-30,1010.25,0.006987360950520216
1969-10-31,1015.74,0.005434298440979868
1969-11-03,1014.25,-0.0014669108236359252
1969-11-04,1015.25,0.000985950209514419
1969-11-05,1027.63,0.012194040876631451
1969-11-06,1026.6100000000001,-0.0009925751486429268
1969-11-07,1035.63,0.00878619923826962
1969-11-10,1043.37,0.00747371165377575
1969-11-11,1034.8899999999999,-0.008127509895818341
1969-11-12,1029.0,-0.005691426141908651
1969-11-13,1023.13,-0.005704567541302219
1969-11-14,1018.74,-0.004290754840538313
1969-11-17,1012.12,-0.006498223295443362
1969-11-18,1014.12,0.0019760502707188987
1969-11-19,1007.37,-0.006656017039403661
1969-11-20,995.37,-0.011912207034158295
1969-11-21,983.87,-0.01155349267106709
1969-11-24,971.63,-0.012440667974427555
1969-11-25,974.36,0.0028097115157004193
1969-11-26,984.63,0.010540252062892552
1969-11-28,991.13,0.006601464509511157
1969-12-01,986.12,-0.005054836398857843
1969-12-02,976.49,-0.009765545775362039
1969-12-03,976.74,0.000256019006851016
1969-12-04,988.76,0.012306243217232726
1969-12-05,987.64,-0.0011327319066305463
1969-12-08,976.24,-0.011542667368676818
1969-12-09,978.51,0.0023252478898632134
1969-12-10,984.99,0.006622313517490985
1969-12-11,983.13,-0.001888344044101986
1969-12-12,990.63,0.0076286961032621114
1969-12-15,984.87,-0.005814481693467766
1969-12-16,970.62,-0.014468914679094724
1969-12-17,969.75,-0.0008963343017864833
1969-12-18,991.87,0.022810002577984045
1969-12-19,1005.0,0.0132376218657686
1969-12-22,996.5,-0.008457711442786064
1969-12-23,979.75,-0.01680883090817864
1969-12-24,984.74,0.005093136004082677
1969-12-26,994.63,0.010043260149887212
1969-12-29,988.11,-0.006555201431688196
1969-12-30,997.37,0.00937142625821008
1969-12-31,1008.13,0.01078837342210015
1970-01-02,2063.61999,1.0469780583853274
1970-01-05,2069.135012,0.0026724988257165183
1970-01-06,2063.859996,-0.002549382214987128
1970-01-07,2063.004996,-0.00041427228671375715
1970-01-08,2073.730012,0.00519873486530309
1970-01-09,2066.354996,-0.003556401246701868
1970-01-12,2060.265013,-0.0029472104317934678
1970-01-13,2066.754998,0.0031500729076350265
1970-01-14,2073.489992,0.0032587287832943623
1970-01-15,2072.645014,-0.00040751486781209767
1970-01-16,2054.874987,-0.00857359889415199
1970-01-19,2017.2649979999999,-0.01830281123568922
1970-01-20,2034.270004,0.008429733335411749
1970-01-21,2040.244987,0.002937163202648252
1970-01-22,2042.63002,0.0011689934371592603
1970-01-23,2023.729984,-0.009252794590769775
1970-01-26,2005.500015,-0.009008103424928082
1970-01-27,1988.374995,-0.008539027610029781
1970-01-28,1964.115012,-0.012200909315900899
1970-01-29,1935.360012,-0.014640181366324168
1970-01-30,1916.695017,-0.009644197918872832
1970-02-02,1940.75499,0.012552843716189255
1970-02-03,1963.864984,0.011907733907204898
1970-02-04,1947.76,-0.008200657443974246
1970-02-05,1938.734989,-0.004633533392204403
1970-02-06,1952.9100039999998,0.00731147633917284
1970-02-09,1972.004992,0.00977771016631035
1970-02-10,1957.249987,-0.007482235115964686
1970-02-11,1983.630009,0.0134781055946942
1970-02-12,1970.009992,-0.006866208384731065
1970-02-13,1960.134987,-0.005012667468744514
1970-02-16,1962.524998,0.001219309392389345
1970-02-17,1955.249998,-0.0037069591507949973
1970-02-18,1976.139993,0.010684053201057697
1970-02-19,1975.625004,-0.0002606035006751384
1970-02-20,1974.505004,-0.000566909204799626
1970-02-24,1961.379984,-0.006647245751928321
1970-02-25,1994.884987,0.017082362047802002
1970-02-26,1977.76002,-0.008584438256640237
1970-02-27,1991.22502,0.006808207195936777
1970-03-02,1977.129998,-0.007078568146959174
1970-03-03,1980.379987,0.0016437912546407585
1970-03-04,1976.639987,-0.001888526456816808
1970-03-05,1970.504992,-0.0031037493121401916
1970-03-06,1959.880015,-0.005392007146967859
1970-03-09,1929.889993,-0.015301968370752483
1970-03-10,1937.504987,0.003945817651586747
1970-03-11,1939.11002,0.0008284019967790268
1970-03-12,1936.654987,-0.00126606173692001
1970-03-13,1918.875004,-0.009180769481063944
1970-03-16,1893.505021,-0.013221279628487959
1970-03-17,1906.255021,0.006733544331066321
1970-03-18,1917.655021,0.005980312116906417
1970-03-19,1906.620015,-0.005754427088896175
1970-03-20,1850.609989,-0.029376606538980443
1970-03-23,1852.1249950000001,0.0008186522330502211
1970-03-24,1872.505021,0.011003591040031235
1970-03-25,1916.885004,0.02370086194818266
1970-03-26,1917.02002,7.043510681037368e-05
1970-03-30,1915.2450039999999,-0.0009259246024984069
1970-03-31,1913.635015,-0.0008406177782149804
1970-04-01,1925.875009,0.006396200897275106
1970-04-02,1918.129987,-0.004021560051304496
1970-04-03,1910.765003,-0.003839668870157742
1970-04-06,1885.500009,-0.013222449626370869
1970-04-07,1876.864987,-0.004579698731786208
1970-04-08,1879.524987,0.0014172569782187061
1970-04-09,1880.624998,0.0005852601096598686
1970-04-10,1880.334998,-0.00015420405466715081
1970-04-13,1864.859992,-0.00822991967732345
1970-04-14,1858.7500069999999,-0.0032763773292424636
1970-04-15,1857.000007,-0.0009414929352572488
1970-04-16,1839.8799980000001,-0.00921917551721363
1970-04-17,1836.360015,-0.0019131590124499276
1970-04-20,1841.6400039999999,0.0028752472047262057
1970-04-21,1828.14002,-0.0073304141801210365
1970-04-22,1803.890009,-0.013264854297101447
1970-04-23,1774.749984,-0.01615399212513735
1970-04-24,1767.500017,-0.0040850638486327195
1970-04-27,1737.375012,-0.017043849906791864
1970-04-28,1715.87499,-0.012375003583854904
1970-04-29,1766.760017,0.02965543952592964
1970-04-30,1755.739989,-0.006237422113905655
1970-05-01,1751.120015,-0.0026313543172364895
1970-05-04,1689.505001,-0.03518606004854552
1970-05-05,1668.38499,-0.012500709371975338
1970-05-06,1695.985001,0.01654295091686242
1970-05-07,1711.770006,0.009307278655585227
1970-05-08,1700.889995,-0.006356000491809066
1970-05-11,1677.43499,-0.013789842417175291
1970-05-12,1667.2400010000001,-0.006077725253602728
1970-05-13,1640.009994,-0.01633238584946839
1970-05-14,1628.01002,-0.0073170127279115205
1970-05-15,1661.269986,0.020429828804124917
1970-05-18,1570.615005,-0.0545696857006841
1970-05-19,1481.109986,-0.056987243032228796
1970-05-20,1442.49002,-0.026075015606572216
1970-05-21,1420.255014,-0.015414322242589873
1970-05-22,1410.24002,-0.007051546307725309
1970-05-25,1360.239985,-0.03545498233697841
1970-05-26,1347.775007,-0.009163807958490477
1970-05-27,1428.505005,0.05989872017266151
1970-05-28,1468.994986,0.02834430461095927
1970-05-29,1509.870005,0.027825158962115015
1970-06-01,1547.87501,0.025171044443657253
1970-06-02,1541.990012,-0.003801985277868125
1970-06-03,1553.119984,0.007217927427145998
1970-06-04,1520.230001,-0.02117671740678606
1970-06-05,1498.50001,-0.014293883810808872
1970-06-08,1498.384993,-7.675475424262501e-05
1970-06-09,1499.080012,0.00046384540905508587
1970-06-10,1487.235006,-0.007901516867132918
1970-06-11,1460.859988,-0.017734263847740683
1970-06-12,1463.754993,0.001981712842969552
1970-06-15,1474.119988,0.007081099671439217
1970-06-16,1519.525001,0.030801436361773238
1970-06-17,1507.489984,-0.00792024941483671
1970-06-18,1532.004993,0.01626213723486991
1970-06-19,1537.384993,0.0035117379020186412
1970-06-22,1527.500021,-0.006429731033545938
1970-06-23,1487.094992,-0.026451737115884444
1970-06-24,1469.630003,-0.011744366764702363
1970-06-25,1475.490003,0.003987398180520074
1970-06-26,1462.254998,-0.008969904894706393
1970-06-29,1447.50002,-0.010090564245074263
1970-06-30,1439.999986,-0.005181370567442167
1970-07-01,1449.23001,0.006409738951205668
1970-07-02,1445.410005,-0.0026358859350421593
1970-07-06,1411.120021,-0.023723361455492364
1970-07-07,1400.89001,-0.007249568320028765
1970-07-08,1453.120021,0.03728344882693535
1970-07-09,1465.619988,0.008602157302462832
1970-07-10,1471.860012,0.0042576002313636785
1970-07-13,1469.985017,-0.0012738949252737441
1970-07-14,1471.3650010000001,0.0009387741943223116
1970-07-15,1488.380017,0.01156410271308328
1970-07-16,1506.99002,0.01250352919781239
1970-07-17,1534.404998,0.018191877607789397
1970-07-20,1526.589993,-0.0050931827061214685
1970-07-21,1513.8949949999999,-0.00831591852312119
1970-07-22,1506.130015,-0.005129140413070665
1970-07-23,1527.625006,0.014271670297998806
1970-07-24,1514.264989,-0.008745612926946311
1970-07-27,1506.854989,-0.004893463200845383
1970-07-28,1506.769984,-5.641219667484876e-05
1970-07-29,1500.105021,-0.004423344684838071
1970-07-30,1499.774749,-0.00022016591863682766
1970-07-31,1492.250015,-0.005017242759299045
1970-08-03,1476.115006,-0.010812537334770944
1970-08-04,1477.99,0.0012702221658738022
1970-08-05,1473.385006,-0.003115713908754425
1970-08-06,1467.869989,-0.0037430929305927174
1970-08-07,1467.634984,-0.00016009932879690325
1970-08-10,1443.28499,-0.01659131477885234
1970-08-11,1437.784984,-0.003810755351928208
1970-08-12,1420.874995,-0.011761138965963758
1970-08-13,1400.230017,-0.014529763753073688
1970-08-14,1407.510015,0.005199144363150721
1970-08-17,1416.645012,0.0064901825938339375
1970-08-18,1435.130006,0.013048430512527132
1970-08-19,1440.8800059999999,0.004006605656602602
1970-08-20,1457.3450010000001,0.01142704106618031
1970-08-21,1497.380015,0.027471198633493454
1970-08-24,1532.619993,0.023534425227386357
1970-08-25,1540.514987,0.005151305630919145
1970-08-26,1538.6200039999999,-0.0012300970883057927
1970-08-27,1540.005009,0.0009001605311249605
1970-08-28,1555.660004,0.01016554810439585
1970-08-31,1549.749987,-0.003799041554583882
1970-09-01,1540.859987,-0.005736409146361199
1970-09-02,1541.27502,0.0002693515332357066
1970-09-03,1558.014992,0.010861119386726958
1970-09-04,1567.630018,0.0061713308596969
1970-09-08,1576.254981,0.0055019123778987655
1970-09-09,1570.980018,-0.0033465163083281624
1970-09-10,1557.120024,-0.00882251450762872
1970-09-11,1559.505004,0.00153166099160007
1970-09-14,1549.780015,-0.006235946005339055
1970-09-15,1537.1399979999999,-0.008156007225322393
1970-09-16,1554.385021,0.011218902001403963
1970-09-17,1566.985006,0.008106090080496342
1970-09-18,1576.010015,0.005759473744447519
1970-09-21,1560.280015,-0.0099809010414188
1970-09-22,1553.514989,-0.004335776870153629
1970-09-23,1578.989998,0.016398302675147303
1970-09-24,1608.475004,0.018673332976995693
1970-09-25,1610.710004,0.0013895149097387094
1970-09-28,1609.124998,-0.000984041817623238
1970-09-29,1614.994987,0.0036479384804137815
1970-09-30,1609.884987,-0.0031640965087404993
1970-10-01,1608.8800039999999,-0.0006242576383501675
1970-10-02,1625.724987,0.010470005816543226
1970-10-05,1653.119993,0.016850947250649506
1970-10-06,1660.614998,0.004533854185864827
1970-10-07,1656.500015,-0.0024779873751326065
1970-10-08,1634.129993,-0.013504389856585752
1970-10-09,1619.629993,-0.008873223098598393
1970-10-12,1607.509984,-0.00748319619442861
1970-10-13,1603.875012,-0.0022612438094816723
1970-10-14,1611.749995,0.0049099729973223205
1970-10-15,1622.500015,0.00666978131431617
1970-10-16,1614.095006,-0.005180282848872619
1970-10-19,1596.13,-0.011130079662733272
1970-10-20,1613.740015,0.011032945311472142
1970-10-21,1614.155004,0.00025715976312312705
1970-10-22,1612.229998,-0.0011925781571345828
1970-10-23,1625.240009,0.008069575070640767
1970-10-26,1615.115004,-0.006229852171944716
1970-10-27,1613.390015,-0.001068028589746195
1970-10-28,1624.730015,0.00702867867940804
1970-10-29,1620.519989,-0.002591215747313025
1970-10-30,1620.865012,0.000212908820836466
1970-11-02,1634.635012,0.008495463778941836
1970-11-03,1639.36499,0.0028935988555713887
1970-11-04,1645.515012,0.0037514659868391753
1970-11-05,1645.260012,-0.00015496668103331945
1970-11-06,1642.765017,-0.0015164745886986353
1970-11-09,1662.889984,0.012250666888896866
1970-11-10,1659.725017,-0.0019032930803917214
1970-11-11,1662.145017,0.001458072858583792
1970-11-12,1641.2500009999999,-0.012571114906516079
1970-11-13,1626.734993,-0.008843873871229868
1970-11-16,1628.360012,0.0009989451305791874
1970-11-17,1627.240017,-0.0006878055170517205
1970-11-18,1614.244982,-0.00798593622590349
1970-11-19,1618.859994,0.00285892912876351
1970-11-20,1641.610005,0.014053105941414845
1970-11-23,1652.770005,0.006798204181266643
1970-11-24,1660.879994,0.004906907177323783
1970-11-25,1670.6150049999999,0.005861357253484911
1970-11-27,1698.01001,0.016398155719905105
1970-11-30,1714.774982,0.009873305752773565
1970-12-01,1712.259995,-0.001466657157003004
1970-12-02,1735.134984,0.013359530133740138
1970-12-03,1740.010006,0.002809592363103297
1970-12-04,1750.870012,0.006241346867289277
1970-12-07,1762.239989,0.006493901273123104
1970-12-08,1759.385006,-0.0016200875123825176
1970-12-09,1757.609984,-0.0010088877613181335
1970-12-10,1764.364989,0.003843290070887573
1970-12-11,1772.005015,0.004330184540972004
1970-12-14,1755.714987,-0.009192992041278103
1970-12-15,1752.145015,-0.002033343695550527
1970-12-16,1756.859984,0.0026909696170325237
1970-12-17,1762.855004,0.0034123493360869173
1970-12-18,1760.89002,-0.0011146600233946646
1970-12-21,1754.144989,-0.003830466936259991
1970-12-22,1752.015015,-0.001214251965120705
1970-12-23,1751.750004,-0.0001512606899661817
1970-12-24,1762.6050089999999,0.006196663322513674
1970-12-28,1771.01002,0.004768516461194361
1970-12-29,1794.620009,0.013331369519863134
1970-12-30,1799.260009,0.002585505553671874
1970-12-31,1797.240009,-0.0011226837643786292
1971-01-04,1769.864984,-0.015231702423112559
1971-01-05,1784.475021,0.008254887876803174
1971-01-06,1802.52,0.01011220599203888
1971-01-07,1812.585006,0.005583852606351192
1971-01-08,1810.875006,-0.000943404030343209
1971-01-11,1816.240015,0.002962661134658262
1971-01-12,1833.7350040000001,0.009632531414081935
1971-01-13,1828.9650040000001,-0.002601248266295264
1971-01-14,1830.900009,0.0010579781437960456
1971-01-15,1830.745015,-8.465454106620918e-05
1971-01-18,1824.88002,-0.0032036110719656508
1971-01-19,1829.880009,0.002739900127790351
1971-01-20,1833.015015,0.0017132303673359495
1971-01-21,1842.890009,0.005387295750002297
1971-01-22,1852.50002,0.005214641651464902
1971-01-25,1869.765003,0.009319828779273065
1971-01-26,1877.755014,0.004273270163459131
1971-01-27,1863.875014,-0.0073918055851348585
1971-01-28,1866.360001,0.0013332369291580992
1971-01-29,1882.874981,0.00884876443513094
1971-02-01,1900.11999,0.009158870968077215
1971-02-02,1903.510018,0.0017841125917528178
1971-02-03,1912.630007,0.00479114315856477
1971-02-04,1919.37999,0.0035291629720832773
1971-02-05,1935.630018,0.00846629020030587
1971-02-08,1947.015013,0.005881803285817666
1971-02-09,1935.844998,-0.0057369947973791025
1971-02-10,1941.3699980000001,0.002854050817967524
1971-02-11,1947.134998,0.0029695524325290545
1971-02-12,1957.760004,0.005456738238958092
1971-02-16,1960.139993,0.0012156694360583309
1971-02-17,1953.760004,-0.003254863949913811
1971-02-18,1940.880004,-0.006592416659994216
1971-02-19,1929.8800039999999,-0.005667532241730555
1971-02-22,1914.6100040000001,-0.007912409045303437
1971-02-23,1924.370015,0.005097649641237156
1971-02-24,1941.014992,0.008649572000320349
1971-02-25,1948.999998,0.004113830152219666
1971-02-26,1948.634992,-0.00018727860460465706
1971-03-01,1870.855014,-0.03991510894514416
1971-03-02,1875.250009,0.0023491905931305457
1971-03-03,1870.229998,-0.002676982256183069
1971-03-04,1895.510024,0.01351706796866381
1971-03-05,1913.020009,0.009237611396562206
1971-03-08,1919.875014,0.0035833420287032514
1971-03-09,1929.115013,0.004812812778238529
1971-03-10,1935.804998,0.003467903652668358
1971-03-11,1927.724992,-0.004173977238589699
1971-03-12,1934.6350029999999,0.0035845418971462983
1971-03-15,1962.7949919999999,0.014555711519916192
1971-03-16,1975.870009,0.006661427736106784
1971-03-17,1979.019987,0.0015942232969030634
1971-03-18,1982.3749870000001,0.0016952835353047924
1971-03-19,1979.735014,-0.001331722311526562
1971-03-22,1968.614998,-0.005616921416938703
1971-03-23,1961.144998,-0.0037945459155747097
1971-03-24,1949.364987,-0.006006700683536148
1971-03-25,1953.124987,0.001928833248301176
1971-03-26,1962.240009,0.004666891295062925
1971-03-29,1960.3850029999999,-0.000945351226910085
1971-03-30,1962.639998,0.0011502817031090462
1971-03-31,1963.365003,0.0003694029474272664
1971-04-01,1966.10502,0.0013955718859270938
1971-04-02,1964.864998,-0.000630699778183752
1971-04-05,1970.1400039999999,0.0026846658703620907
1971-04-06,1980.719993,0.005370171144446267
1971-04-07,1991.480015,0.005432379154058475
1971-04-08,1986.370017,-0.0025659298418819754
1971-04-12,1999.2350040000001,0.006476631689915413
1971-04-13,2003.514987,0.002140810355679479
1971-04-14,2007.854998,0.00216619842035648
1971-04-15,2009.505009,0.000821777967852988
1971-04-16,2013.914992,0.002194561835003661
1971-04-19,2035.634987,0.010784961175759555
1971-04-20,2027.004987,-0.004239463388629572
1971-04-21,2027.010024,2.4849470190435596e-06
1971-04-22,2022.9949980000001,-0.0019807627749549583
1971-04-23,2034.890018,0.005879905789069939
1971-04-26,2044.005013,0.004479355109795469
1971-04-27,2039.245007,-0.0023287643473113295
1971-04-28,2061.614984,0.01096973483971353
1971-04-29,2056.50999,-0.0024762111449612156
1971-04-30,2048.255001,-0.004014076780633591
1971-05-03,2033.005007,-0.007445359094719439
1971-05-04,2045.885001,0.00633544627566196
1971-05-05,2053.255001,0.0036023530141711113
1971-05-06,2054.2399960000002,0.0004797236580553754
1971-05-07,2046.990012,-0.0035292779880234937
1971-05-10,2039.010018,-0.003898403975212017
1971-05-11,2051.010001,0.005885200609151875
1971-05-12,2056.735013,0.0027913135465982286
1971-05-13,2055.740001,-0.00048378230239221054
1971-05-14,2048.269985,-0.0036337357819405947
1971-05-17,2014.025018,-0.016718971254172765
1971-05-18,2018.749985,0.002346031929976622
1971-05-19,2029.999985,0.005572755459364087
1971-05-20,2043.675001,0.006736461133520777
1971-05-21,2038.369985,-0.0025958217414238094
1971-05-24,2016.615018,-0.010672727306667129
1971-05-25,2003.270007,-0.0066175303074133
1971-05-26,2000.394996,-0.0014351590099956901
1971-05-27,1995.870018,-0.0022620422511794303
1971-05-28,1994.010018,-0.0009319244155308049
1971-06-01,2003.894996,0.004957336177234817
1971-06-02,2015.255007,0.005668965201607756
1971-06-03,2017.124981,0.0009279093680474304
1971-06-04,2014.610018,-0.0012468057377154063
1971-06-07,2006.990024,-0.0037823667766553326
1971-06-08,1924.620009,-0.041041566731773615
1971-06-09,1928.510015,0.002021181314654008
1971-06-10,1940.330004,0.006129078360010309
1971-06-11,1947.1200039999999,0.003499404733216638
1971-06-14,1908.515015,-0.019826712745333097
1971-06-15,1918.214998,0.0050824766500461305
1971-06-16,1925.119993,0.0035996981606334355
1971-06-17,1920.000004,-0.0026595687638261145
1971-06-18,1889.51002,-0.015880199966916253
1971-06-21,1862.995009,-0.014032744319609325
1971-06-22,1862.390015,-0.00032474268426774255
1971-06-23,1876.245015,0.007439365486503702
1971-06-24,1872.089984,-0.0022145460570350828
1971-06-25,1871.619984,-0.00025105630819932667
1971-06-28,1870.244989,-0.0007346550110355343
1971-06-29,1892.009998,0.01163751761293974
1971-06-30,1909.885004,0.009447627665231773
1971-07-01,1911.009998,0.0005890375586194985
1971-07-02,1906.2450039999999,-0.002493442737079854
1971-07-06,1905.254989,-0.0005193534922963705
1971-07-07,1906.249984,0.0005222371838649043
1971-07-08,1914.374989,0.0042622977406934215
1971-07-09,1920.400015,0.003147254866272098
1971-07-12,1920.499989,5.205894564630498e-05
1971-07-13,1885.145012,-0.018409256549076658
1971-07-14,1883.385006,-0.0009336183629358175
1971-07-15,1879.66,-0.001977825026817648
1971-07-16,1876.624989,-0.0016146595660918583
1971-07-19,1873.395021,-0.0017211579398828114
1971-07-20,1888.129984,0.007865379610187295
1971-07-21,1887.750015,-0.00020124091202389227
1971-07-22,1877.244984,-0.005564842228328759
1971-07-23,1879.020017,0.0009455521336474426
1971-07-26,1874.8749950000001,-0.002205948825717008
1971-07-27,1852.875012,-0.01173410657172913
1971-07-28,1845.999984,-0.003710465064008295
1971-07-29,1826.120017,-0.010769212986082022
1971-07-30,1817.249988,-0.004857308893953083
1971-08-02,1830.490017,0.007285749944932807
1971-08-03,1796.859995,-0.018372141714881662
1971-08-04,1786.10499,-0.005985444069057766
1971-08-05,1795.134984,0.0050556904832341765
1971-08-06,1794.469984,-0.0003704456800892597
1971-08-09,1782.3650010000001,-0.006745714950894377
1971-08-10,1784.87499,0.0014082351250117586
1971-08-11,1807.259995,0.012541497373998123
1971-08-12,1832.250006,0.013827568290748493
1971-08-13,1822.355012,-0.005400460618145586
1971-08-16,1899.5050059999999,0.042335326262981754
1971-08-17,1907.244984,0.0040747341941989035
1971-08-18,1884.115006,-0.012127428932328432
1971-08-19,1873.619988,-0.005570264005423486
1971-08-20,1879.994986,0.003402503197462714
1971-08-23,1912.504993,0.01729260303463387
1971-08-24,1935.379984,0.011960748381690589
1971-08-25,1941.759984,0.0032965102733024665
1971-08-26,1934.120006,-0.0039345635212142405
1971-08-27,1935.859989,0.0008996251497332963
1971-08-30,1915.2050060000001,-0.010669667805195737
1971-08-31,1904.630015,-0.005521597409609225
1971-09-01,1898.989989,-0.002961218691074796
1971-09-02,1903.635021,0.0024460539691661953
1971-09-03,1936.1050149999999,0.017056837913678846
1971-09-07,1942.49002,0.0032978608859188796
1971-09-08,1946.24002,0.0019305118489103545
1971-09-09,1936.485021,-0.005012228142343922
1971-09-10,1933.014989,-0.0017919229750654742
1971-09-13,1923.110009,-0.005124109257489073
1971-09-14,1909.480015,-0.007087474942261585
1971-09-15,1919.6399999999999,0.005320812430707589
1971-09-16,1914.884984,-0.0024770352774478033
1971-09-17,1919.735006,0.0025328006854328233
1971-09-20,1919.634989,-5.209937813688281e-05
1971-09-21,1914.380015,-0.002737486048187465
1971-09-22,1902.005012,-0.00646423536760532
1971-09-23,1896.240017,-0.0030310093630815382
1971-09-24,1894.524982,-0.0009044398307306301
1971-09-27,1884.619994,-0.005228217148946501
1971-09-28,1887.480017,0.0015175595128489316
1971-09-29,1884.2500009999999,-0.0017112848723739305
1971-09-30,1892.500012,0.004378405729399848
1971-10-01,1906.16499,0.0072205959912037265
1971-10-04,1902.880017,-0.0017233413777052453
1971-10-05,1907.870006,0.002622335068643622
1971-10-06,1926.375012,0.009699301284576078
1971-10-07,1925.610017,-0.0003971163429937752
1971-10-08,1915.885001,-0.00505035594650205
1971-10-11,1912.999984,-0.0015058403810741527
1971-10-12,1917.255012,0.0022242697520065136
1971-10-13,1906.590017,-0.005562637694645933
1971-10-14,1887.880006,-0.009813337336906813
1971-10-15,1886.369984,-0.0007998506235571412
1971-10-18,1878.985017,-0.003914909091343954
1971-10-19,1869.359984,-0.005122463943521671
1971-10-20,1849.47499,-0.010637327304637512
1971-10-21,1852.999984,0.0019059430481944695
1971-10-22,1852.540017,-0.0002482282806106628
1971-10-25,1853.01501,0.00025640093905732186
1971-10-26,1845.510001,-0.004050160932047686
1971-10-27,1832.00501,-0.007317755521607738
1971-10-28,1836.390001,0.0023935474936283008
1971-10-29,1849.729984,0.007264242885626659
1971-11-01,1816.14501,-0.018156690052335778
1971-11-02,1821.494986,0.0029457868014624022
1971-11-03,1852.849988,0.017213883233824
1971-11-04,1848.500017,-0.00234771893470731
1971-11-05,1843.8849989999999,-0.00249662859483768
1971-11-08,1841.100005,-0.0015103946295513815
1971-11-09,1844.980005,0.002107435766369292
1971-11-10,1827.115005,-0.009683031768140893
1971-11-11,1800.61002,-0.0145064678071537
1971-11-12,1800.62002,5.5536734155925416e-06
1971-11-15,1792.965001,-0.004251323941183327
1971-11-16,1814.6399959999999,0.012088911377473144
1971-11-17,1817.989985,0.0018460901376495809
1971-11-18,1797.6250009999999,-0.011201923095302435
1971-11-19,1780.240009,-0.009671089348628703
1971-11-22,1768.4700090000001,-0.0066114680832342065
1971-11-23,1764.495014,-0.0022477028051201
1971-11-24,1763.255014,-0.0007027506397929706
1971-11-26,1806.64002,0.0246050660032322
1971-11-29,1838.000014,0.01735818627553698
1971-11-30,1857.879994,0.010816093497592272
1971-12-01,1886.124982,0.015202805397128483
1971-12-02,1896.869984,0.005696866380830334
1971-12-03,1927.250006,0.016015869435572316
1971-12-06,1913.499995,-0.007134523781135216
1971-12-07,1923.240017,0.005090160452286829
1971-12-08,1926.019989,0.0014454628519722235
1971-12-09,1925.870006,-7.787198515918359e-05
1971-12-10,1943.900017,0.009362008309921066
1971-12-13,1941.385012,-0.0012937933936959523
1971-12-14,1930.260006,-0.0057304480725021145
1971-12-15,1949.384995,0.009907985940003972
1971-12-16,1982.004995,0.01673348265410257
1971-12-17,1993.880015,0.005991417796603393
1971-12-20,2024.650015,0.015432222485062708
1971-12-21,2041.110015,0.008129800152151256
1971-12-22,2018.514989,-0.011069969689997294
1971-12-23,2004.3699980000001,-0.007007622473493513
1971-12-27,2009.4950039999999,0.002556916140789234
1971-12-28,2020.9850040000001,0.005717854474446948
1971-12-29,2018.609998,-0.0011751725001915014
1971-12-30,2014.890009,-0.0018428468122547725
1971-12-31,2028.049998,0.006531368432628026
1972-01-03,2018.379998,-0.004768127023266899
1972-01-04,2038.639984,0.01003774612316577
1972-01-05,2048.864989,0.005015601126363567
1972-01-06,2049.219998,0.00017327105588016423
1972-01-07,2047.494989,-0.0008417880958040413
1972-01-10,2052.885021,0.002632500704010221
1972-01-11,2060.474989,0.0036972202156273504
1972-01-12,2062.869998,0.0011623577149861841
1972-01-13,2048.984989,-0.0067309180963714965
1972-01-14,2064.099984,0.007376820758153491
1972-01-17,2075.26002,0.005406732273876225
1972-01-18,2083.505014,0.003972993225205501
1972-01-19,2087.745003,0.002035027020098168
1972-01-20,2082.140015,-0.002684709096152038
1972-01-21,2089.000004,0.0032946818900649877
1972-01-24,2068.749993,-0.00969363856449279
1972-01-25,2074.125015,0.0025981979544109635
1972-01-26,2078.140015,0.0019357560277049046
1972-01-27,2107.894989,0.014318079525551086
1972-01-28,2125.255021,0.008235719564111621
1972-01-31,2123.2549950000002,-0.0009410757674900294
1972-02-01,2127.25,0.0018815474398541365
1972-02-02,2144.625021,0.008167832177694123
1972-02-03,2150.124989,0.0025645359660289024
1972-02-04,2155.510015,0.002504517657136107
1972-02-07,2138.884989,-0.007712803876719465
1972-02-08,2149.879998,0.005140533061172459
1972-02-09,2162.235015,0.005746840294106548
1972-02-10,2165.105004,0.001327325189024231
1972-02-11,2161.730015,-0.0015588107707315002
1972-02-14,2150.750015,-0.005079265182891035
1972-02-15,2159.0049950000002,0.003838186652296738
1972-02-16,2175.885006,0.007818421466875725
1972-02-17,2179.37,0.0016016443839588224
1972-02-18,2169.635012,-0.004466881713522608
1972-02-22,2167.0049950000002,-0.0012121932884811004
1972-02-23,2172.39,0.0024849988866775252
1972-02-24,2165.485006,-0.003178524113994219
1972-02-25,2179.490015,0.006467377497971993
1972-02-28,2167.105006,-0.005682526148209965
1972-02-29,2179.105021,0.005537348198068948
1972-03-01,2199.755004,0.009476359698590286
1972-03-02,2205.035004,0.002400267298130254
1972-03-03,2209.630009,0.0020838694132585545
1972-03-06,2226.095015,0.007451476461188822
1972-03-07,2230.619998,0.0020326998486182024
1972-03-08,2233.749984,0.0014031910423140115
1972-03-09,2233.514989,-0.00010520201530317408
1972-03-10,2213.2499980000002,-0.009073138572968653
1972-03-13,2188.139998,-0.011345306685955348
1972-03-14,2199.000009,0.004963124393286611
1972-03-15,2203.739993,0.002155517953888353
1972-03-16,2201.260009,-0.0011253523591157055
1972-03-17,2212.365015,0.005044840661528438
1972-03-20,2207.0199979999998,-0.0024159742916564086
1972-03-21,2193.109984,-0.006302622546512926
1972-03-22,2199.26002,0.002804253341085472
1972-03-23,2225.884998,0.012106334747993941
1972-03-24,2222.350004,-0.001588129666706184
1972-03-27,2226.000004,0.0016424055587240804
1972-03-28,2226.24502,0.00011007008066465929
1972-03-29,2216.635003,-0.0043166933170725175
1972-03-30,2226.134992,0.004285770542801437
1972-04-03,2241.260024,0.0067943013583429135
1972-04-04,2250.504998,0.004124900235136453
1972-04-05,2272.37999,0.009720037066987208
1972-04-06,2276.244996,0.0017008625392798127
1972-04-07,2283.274996,0.003088419749347704
1972-04-10,2281.625013,-0.0007226387548108226
1972-04-11,2292.619992,0.004818924642460587
1972-04-12,2308.484996,0.006920032127156084
1972-04-13,2313.500001,0.002172422609932223
1972-04-14,2325.390012,0.005139403931212705
1972-04-17,2327.965018,0.0011073437086732696
1972-04-18,2333.715018,0.0024699683867843714
1972-04-19,2314.250001,-0.008340785764271108
1972-04-20,2302.265007,-0.00517878102833369
1972-04-21,2291.02499,-0.004882156035827756
1972-04-24,2278.489985,-0.005471352366173798
1972-04-25,2258.990012,-0.008558287781984641
1972-04-26,2258.250001,-0.00032758489239403943
1972-04-27,2263.615018,0.002375740948798555
1972-04-28,2287.520012,0.01056053870022522
1972-05-01,2265.780012,-0.009503741993930004
1972-05-02,2255.975013,-0.004327427617893509
1972-05-03,2251.865014,-0.001821828245577417
1972-05-04,2261.379987,0.0042253744966258555
1972-05-05,2278.109998,0.007398142327329271
1972-05-08,2265.38502,-0.005585761008542689
1972-05-09,2234.484987,-0.013640080042552905
1972-05-10,2254.129987,0.008791735059439976
1972-05-11,2262.255014,0.0036045068593464347
1972-05-12,2275.375018,0.005799524774531051
1972-05-15,2294.259985,0.008299716244841049
1972-05-16,2293.749985,-0.00022229390013972505
1972-05-17,2301.75499,0.003489920458789708
1972-05-18,2337.77499,0.01564892882017821
1972-05-19,2369.7399960000002,0.013673260316639846
1972-05-22,2392.365001,0.00954746302893561
1972-05-23,2391.7450010000002,-0.0002591577789095023
1972-05-24,2402.240007,0.004388012098117233
1972-05-25,2406.250007,0.00166927533814909
1972-05-26,2409.38999,0.001304927996203853
1972-05-30,2400.010018,-0.003893089968386665
1972-05-31,2380.88499,-0.007968728403866199
1972-06-01,3681.866712,0.546427789441438
1972-06-02,3690.508512,0.002347124618018892
1972-06-05,3664.86409,-0.006948750264798131
1972-06-06,3576.801998,-0.02402874699781843
1972-06-07,3553.004998,-0.006653149940451408
1972-06-08,3555.984418,0.0008385634136955922
1972-06-09,3527.380024,-0.008044015562950091
1972-06-12,3535.2499980000002,0.0022311103273402466
1972-06-13,3566.177009,0.008748182170283947
1972-06-14,3611.691507,0.01276282637825732
1972-06-15,3611.431981,-7.185718921365325e-05
1972-06-16,3519.115013,-0.025562427448637015
1972-06-19,3518.491518,-0.0001771738058281569
1972-06-20,3545.55349,0.007691356327436116
1972-06-21,3557.064107,0.0032464936807370393
1972-06-22,3558.8069960000003,0.0004899796426414138
1972-06-23,3547.331507,-0.003224532550626824
1972-06-26,3515.130009,-0.00907766808274224
1972-06-27,3512.005003,-0.0008890157666995302
1972-06-28,3509.730015,-0.0006477747036398585
1972-06-29,3501.793004,-0.0022614306416957053
1972-06-30,3513.327024,0.003293746942444997
1972-07-03,3518.005014,0.0013314985960726222
1972-07-05,3563.226503,0.012854299189466678
1972-07-06,3614.589392,0.01441471345050771
1972-07-07,3608.461787,-0.0016952423458005406
1972-07-10,3584.960615,-0.00651279503212876
1972-07-11,3559.995004,-0.006963984735436246
1972-07-12,3538.155004,-0.0061348400701294326
1972-07-13,3523.899998,-0.004028937676242128
1972-07-14,3561.244384,0.010597459071254978
1972-07-17,3518.614995,-0.01197036327850065
1972-07-18,3512.139989,-0.0018402144051569147
1972-07-19,3540.835615,0.008170410658423277
1972-07-20,3522.392989,-0.005208551880203527
1972-07-21,3560.696806,0.01087437350676601
1972-07-24,3605.215609,0.012502834536482599
1972-07-25,3603.27302,-0.0005388274130263548
1972-07-26,3606.248493,0.0008257695110762686
1972-07-27,3602.714093,-0.0009800766660590376
1972-07-28,3605.456498,0.0007612052827972171
1972-07-31,3596.50502,-0.002482758564682608
1972-08-01,3641.885014,0.012617803603121258
1972-08-02,3685.739098,0.012041589405326514
1972-08-03,3705.27999,0.005301756711592498
1972-08-04,3735.711507,0.008213014153351406
1972-08-07,3744.384424,0.002321623868371203
1972-08-08,3744.671824,7.675493951908585e-05
1972-08-09,3751.547007,0.0018359907952243404
1972-08-10,3777.341492,0.006875692868000938
1972-08-11,3800.134998,0.006034272000102314
1972-08-14,3814.857007,0.0038740752651544863
1972-08-15,3782.134398,-0.008577676421411384
1972-08-16,3756.125009,-0.006876907656627407
1972-08-17,3763.451992,0.0019506760244782928
1972-08-18,3770.740024,0.0019365284891350587
1972-08-21,3768.226724,-0.0006665269904589932
1972-08-22,3780.534092,0.003266090100580543
1972-08-23,3756.9135029999998,-0.006247950269773761
1972-08-24,3713.331492,-0.011600482940370749
1972-08-25,3734.364407,0.005664163042085946
1972-08-28,3712.050007,-0.005975421134095105
1972-08-29,3730.712003,0.005027409642867964
1972-08-30,3738.561487,0.002104017676434866
1972-08-31,3754.649987,0.00430339317835049
1972-09-01,3784.52942,0.0079579809312329
1972-09-05,3769.993498,-0.0038408796409884483
1972-09-06,3742.681798,-0.007244495252972882
1972-09-07,3730.830615,-0.003166494946573617
1972-09-08,3725.51442,-0.0014249360393435717
1972-09-11,3689.45182,-0.009679898111896068
1972-09-12,3641.265004,-0.013060697998219295
1972-09-13,3664.010009,0.006246456925001143
1972-09-14,3675.739415,0.003201248351174968
1972-09-15,3656.1350039999998,-0.005333460505932086
1972-09-18,3653.845015,-0.0006263414774057008
1972-09-19,3649.392998,-0.0012184471376655015
1972-09-20,3655.249998,0.0016049244362581483
1972-09-21,3652.171809,-0.0008421281722683638
1972-09-22,3609.7699979999998,-0.011610026367190551
1972-09-25,3596.235584,-0.00374938403485503
1972-09-26,3591.634989,-0.0012792807624918412
1972-09-27,3669.711798,0.021738514420068578
1972-09-28,3713.444989,0.0119173366758214
1972-09-29,3703.586806,-0.0026547270874356377
1972-10-02,3680.670015,-0.006187728869449849
1972-10-03,3691.0,0.002806550154700549
1972-10-04,3692.600595,0.0004336480628555073
1972-10-05,3633.593495,-0.015979821939014704
1972-10-06,3654.892989,0.005861826324080832
1972-10-09,3662.838484,0.0021739336894166517
1972-10-10,3659.260009,-0.0009769677302537971
1972-10-11,3649.232998,-0.002740174509419546
1972-10-12,3614.253521,-0.00958543261533884
1972-10-13,3582.140015,-0.008885238905740889
1972-10-16,3534.479984,-0.013304904554379826
1972-10-17,3567.375021,0.009306895823122607
1972-10-18,3605.629998,0.010723564742928682
1972-10-19,3604.759998,-0.00024128931711864254
1972-10-20,3660.152993,0.015366624971075327
1972-10-23,3701.354115,0.01125666661442759
1972-10-24,3711.989998,0.0028735113338378415
1972-10-25,3712.815187,0.0002223036701189951
1972-10-26,3719.0191139999997,0.0016709495861042534
1972-10-27,3704.11502,-0.004007533584297507
1972-10-30,3718.738009,0.003947768608977942
1972-10-31,3766.935615,0.012960742564642302
1972-11-01,3807.128492,0.010669913454307789
1972-11-02,3815.513018,0.002202322831398762
1972-11-03,3832.725618,0.004511215115450495
1972-11-06,3805.546813,-0.007091247250353039
1972-11-08,3779.743007,-0.006780577737699134
1972-11-09,3769.539113,-0.0026996263981712287
1972-11-10,3766.225007,-0.0008791806904377975
1972-11-13,3782.353512,0.004282406114882509
1972-11-14,3821.30149,0.010297286564154406
1972-11-15,3802.889084,-0.004818359935269023
1972-11-16,3820.816484,0.004714152741247757
1972-11-17,3821.355012,0.00014094579058032686
1972-11-20,3829.345218,0.0020909352768607725
1972-11-21,3836.60999,0.0018971316469069688
1972-11-22,3865.33389,0.0074867917445005094
1972-11-24,3863.940199,-0.0003605616072663853
1972-11-27,3844.003516,-0.005159676903167321
1972-11-28,3838.965204,-0.0013106939104059467
1972-11-29,3830.5100039999998,-0.0022024685170864977
1972-11-30,3857.61891,0.007077100953056359
1972-12-01,3881.23499,0.006121931831778449
1972-12-04,3912.661484,0.008097034598773423
1972-12-05,3912.000184,-0.00016901538829883211
1972-12-06,3917.654995,0.0014455037663667625
1972-12-07,3945.661501,0.007148793356164473
1972-12-08,3954.668521,0.0022827655128847546
1972-12-11,3971.367999,0.004222725093474322
1972-12-12,3964.526816,-0.0017226263095544425
1972-12-13,3958.118516,-0.0016164098005687633
1972-12-14,3960.095616,0.000499505002694578
1972-12-15,3961.691799,0.00040306678292090226
1972-12-18,3916.756516,-0.011342447943916922
1972-12-19,3901.278499,-0.003951743473655345
1972-12-20,3903.751484,0.0006338909156662353
1972-12-21,3885.945216,-0.00456132212129301
1972-12-22,3906.505021,0.005290811850704236
1972-12-26,3920.15499,0.003494163946192952
1972-12-27,3948.41649,0.007209281284054514
1972-12-29,3999.089099,0.012833653473065976
1973-01-02,4036.588521,0.009376990877592029
1973-01-03,4063.66301,0.0067072699778902845
1973-01-04,4058.836816,-0.0011876462167565993
1973-01-05,4071.350021,0.0030829534586542806
1973-01-08,4073.893004,0.0006246043663362677
1973-01-09,4070.743488,-0.000773097378087173
1973-01-10,4051.073888,-0.0048319428767701345
1973-01-11,4092.209399,0.010154223827378406
1973-01-12,4058.448915,-0.00824994048648875
1973-01-15,4028.659388,-0.007340126147676318
1973-01-16,3924.650021,-0.02581736428495507
1973-01-17,3934.870004,0.0026040495191457236
1973-01-18,3961.875604,0.006863149220316611
1973-01-19,3970.721493,0.002232752838344787
1973-01-22,3960.327188,-0.0026177371085642775
1973-01-23,3974.005915,0.003453938614326413
1973-01-24,3912.009316,-0.015600530126538614
1973-01-26,3895.157206,-0.004307788821226843
1973-01-29,3875.744785,-0.0049837323561928715
1973-01-30,3862.817618,-0.0033354020238977045
1973-01-31,3858.827018,-0.0010330800971303233
1973-02-01,3795.64499,-0.01637337660000804
1973-02-02,3795.871512,5.9679448577876215e-05
1973-02-05,3791.163685,-0.0012402493037809714
1973-02-06,3819.948085,0.0075924972888634645
1973-02-07,3802.023696,-0.0046923121993160954
1973-02-08,3802.965001,0.0002475799929890776
1973-02-09,3860.130018,0.015031696843112785
1973-02-12,3903.255005,0.011171900117070033
1973-02-13,3939.812604,0.009365926375082045
1973-02-14,3885.928099,-0.013676920812246807
1973-02-15,3850.000007,-0.009245691398470757
1973-02-16,3861.589985,0.0030103838906305747
1973-02-20,3887.724801,0.0067678899369219
1973-02-21,3850.714801,-0.009519706742226242
1973-02-22,3840.023701,-0.0027763936184584947
1973-02-23,3790.35929,-0.012933360538130767
1973-02-26,3756.062218,-0.009048501573580281
1973-02-27,3719.61479,-0.009703627332192433
1973-02-28,3754.22479,0.009304726955341458
1973-03-01,3721.849803,-0.008623614410686375
1973-03-02,3777.037198,0.014827947907923633
1973-03-05,3795.854792,0.004982104494486883
1973-03-06,3851.894314,0.014763347143338157
1973-03-07,3880.804824,0.007505530433408403
1973-03-08,3872.169803,-0.0022250593347541425
1973-03-09,3864.624809,-0.0019485183718322974
1973-03-12,3862.66762,-0.000506437001450144
1973-03-13,3882.043103,0.0050160885963053126
1973-03-14,3900.453114,0.004742351002175349
1973-03-15,3865.472598,-0.00896832110978174
1973-03-16,3847.442593,-0.004664372736551847
1973-03-19,3799.347589,-0.012500512441044331
1973-03-20,3785.268098,-0.0037057654426679854
1973-03-21,3710.763684,-0.01968273106979279
1973-03-22,3646.894809,-0.017211787232743636
1973-03-23,3662.149284,0.0041828667397683095
1973-03-26,3701.759293,0.010816055252869328
1973-03-27,3757.558087,0.015073587876314631
1973-03-28,3765.143709,0.002018763735481377
1973-03-29,3796.26929,0.008266771046639976
1973-03-30,3747.614807,-0.012816394012975851
1973-04-02,3689.509324,-0.015504657226635743
1973-04-03,3658.619814,-0.008372254217943298
1973-04-04,3635.70722,-0.006262633223688252
1973-04-05,3627.124115,-0.002360780030026599
1973-04-06,3660.317214,0.009151354612523477
1973-04-09,3728.682218,0.01867734406693411
1973-04-10,3777.513318,0.013096074469492347
1973-04-11,3776.714581,-0.00021144518437399284
1973-04-12,3770.878281,-0.0015453378524714623
1973-04-13,3753.98329,-0.004480386196798469
1973-04-16,3738.565696,-0.0041069959051416305
1973-04-17,3721.667418,-0.004519989582657313
1973-04-18,3742.892413,0.005703087518606376
1973-04-19,3780.786798,0.01012435860255656
1973-04-23,3769.231687,-0.0030562715163183762
1973-04-24,3703.916709,-0.01732845933171734
1973-04-25,3640.796693,-0.017041424243322667
1973-04-26,3656.227198,0.004238222098385203
1973-04-27,3596.622184,-0.0163023277198433
1973-04-30,3595.491689,-0.0003143213109870757
1973-05-01,3608.016698,0.0034835316233157165
1973-05-02,3652.569315,0.012348229159997226
1973-05-03,4063.352404,0.11246414607740296
1973-05-04,4082.708087,0.00476347633076224
1973-05-07,4056.868093,-0.006329130922261728
1973-05-08,4133.023098,0.018771871121814998
1973-05-09,4108.520718,-0.005928440131838797
1973-05-10,4029.77179,-0.01916722183120312
1973-05-11,3977.982396,-0.012851694016151716
1973-05-14,3895.911792,-0.020631213472066867
1973-05-15,3938.013098,0.010806534708114324
1973-05-16,3934.242398,-0.0009575133210997233
1973-05-17,3906.579318,-0.007031361365548383
1973-05-18,3836.852207,-0.017848635679486802
1973-05-21,3815.722814,-0.005506960357099744
1973-05-22,3843.772192,0.007350999893672938
1973-05-23,3874.045209,0.007875861390278738
1973-05-24,4003.010214,0.03328949406692372
1973-05-25,4022.2522089999998,0.004806881314642464
1973-05-29,3827.007203,-0.048541214189187
1973-05-30,3767.972204,-0.015425891791821633
1973-05-31,3729.405184,-0.010235484210594281
1973-06-01,3691.045184,-0.010285822566175828
1973-06-04,3656.022589,-0.009488530552759555
1973-06-05,3710.752615,0.014969827091514176
1973-06-06,3703.477606,-0.0019605211542780276
1973-06-07,3763.377189,0.016173874766505003
1973-06-08,3803.676715,0.010708340933189398
1973-06-11,3788.161698,-0.0040789525931096415
1973-06-12,3852.76172,0.01705313213902837
1973-06-13,3833.651704,-0.004960082504142038
1973-06-14,3785.7122,-0.012504918991461889
1973-06-15,3741.957195,-0.011557932216822997
1973-06-18,3680.298889,-0.01647755513675775
1973-06-19,3692.632795,0.003351332696609033
1973-06-20,3708.858915,0.0043941872644284174
1973-06-21,3664.9152,-0.011848311301968173
1973-06-22,3684.430189,0.005324813245337845
1973-06-25,3619.685184,-0.01757259648813503
1973-06-26,3663.512584,0.012108069561886037
1973-06-27,3678.438884,0.004074313833447363
1973-06-28,3728.920221,0.013723576384421454
1973-06-29,3716.3952,-0.003358886824519125
1973-07-02,3651.468906,-0.01747023405906878
1973-07-03,3611.838095,-0.010853388600647773
1973-07-05,3602.848106,-0.0024890343264404313
1973-07-06,3580.843695,-0.006107504494390126
1973-07-09,3631.318117,0.014095678644247434
1973-07-10,3674.843906,0.011986223073168434
1973-07-11,3758.578898,0.022785999661995016
1973-07-12,3745.050189,-0.0035994213151143706
1973-07-13,3704.678084,-0.0107801238868791
1973-07-16,3766.737589,0.016751659278582576
1973-07-17,3757.102584,-0.0025579177663282993
1973-07-18,3789.155198,0.008531205439132439
1973-07-19,3803.73782,0.0038485153650336112
1973-07-20,3816.990209,0.003484043755676236
1973-07-23,3827.177787,0.0026690081562112944
1973-07-24,3853.254998,0.006813692086262035
1973-07-25,3912.227818,0.01530467618431941
1973-07-26,3920.761696,0.002181334624925535
1973-07-27,3920.961696,5.101049630318322e-05
1973-07-30,3923.36669,0.0006133683995059869
1973-07-31,3880.256718,-0.010988004794423079
1973-08-01,3836.944298,-0.011162256301001872
1973-08-02,3838.636687,0.00044107729186548816
1973-08-03,3838.627192,-2.4735344276161086e-06
1973-08-06,3852.098892,0.003509509865421645
1973-08-07,3842.587581,-0.0024691243051296885
1973-08-08,3805.898901,-0.009547909898374174
1973-08-09,3808.568916,0.0007015464859823073
1973-08-10,3783.350018,-0.006621620497414216
1973-08-13,3759.740001,-0.006240505606848634
1973-08-14,3721.807612,-0.010089098977565158
1973-08-15,3738.285201,0.004427308103426064
1973-08-16,3716.712805,-0.005770666185188178
1973-08-17,3713.905199,-0.0007554003086338579
1973-08-20,3681.830016,-0.008636510971964606
1973-08-21,3614.677606,-0.018238867549066007
1973-08-22,3592.094995,-0.006247475836438476
1973-08-23,3642.158916,0.013937248616666897
1973-08-24,3648.1830879999998,0.0016540112990499622
1973-08-27,3678.317621,0.008260148208877549
1973-08-28,3696.29891,0.004888454683016574
1973-08-29,3720.895208,0.0066543043728028994
1973-08-30,3704.333097,-0.004451109228873484
1973-08-31,3711.602602,0.001962432861636332
1973-09-04,3713.662585,0.0005550117350630046
1973-09-05,3708.362607,-0.001427156581593425
1973-09-06,3722.828891,0.0039009896099948538
1973-09-07,3700.260191,-0.006062244776965264
1973-09-10,3666.525008,-0.009116975904033042
1973-09-11,3651.398119,-0.004125674573879801
1973-09-12,3663.943087,0.0034356615168098514
1973-09-13,3683.938102,0.005457239516340806
1973-09-14,3725.418102,0.011259689726458966
1973-09-17,3716.807582,-0.0023112895691835833
1973-09-18,3691.003691,-0.0069424877211736735
1973-09-19,3755.743085,0.017539780346971234
1973-09-20,3784.443096,0.007641633186951546
1973-09-21,3799.683107,0.004027015498292874
1973-09-24,3800.010205,8.608559998002363e-05
1973-09-25,3817.377385,0.004570298252659422
1973-09-26,3829.61679,0.003206233957400606
1973-09-27,3835.487422,0.0015329554683720659
1973-09-28,3817.2618,-0.0047518398562486075
1973-10-01,3810.171805,-0.0018573509943698996
1973-10-02,3833.21931,0.006048941144794373
1973-10-03,3821.907388,-0.002951023952762033
1973-10-04,3805.487408,-0.004296278881993687
1973-10-05,3870.916782,0.017193428064550265
1973-10-08,3908.829319,0.009794200995561608
1973-10-09,3902.477395,-0.0016250195343973095
1973-10-10,3884.546711,-0.004594692597828631
1973-10-11,3951.208883,0.01716086250455695
1973-10-12,3966.161794,0.003784388890279766
1973-10-15,3913.028311,-0.013396700830606623
1973-10-16,3925.538122,0.0031969640916813535
1973-10-17,3921.200691,-0.0011049264750968568
1973-10-18,3916.982413,-0.0010757618220565979
1973-10-19,3930.672219,0.0034949878647820842
1973-10-22,3898.7993030000002,-0.008108769753410905
1973-10-23,3930.117419,0.00803275920766211
1973-10-24,3945.752408,0.003978249841700032
1973-10-25,3959.877419,0.0035798016549040135
1973-10-26,3999.381811,0.009976165375840562
1973-10-29,4004.156789,0.0011939290184463935
1973-10-30,3937.881686,-0.016551575398362828
1973-10-31,3893.912197,-0.01116577198251556
1973-11-01,3875.432821,-0.004745709472914528
1973-11-02,3847.727808,-0.007148882274483848
1973-11-05,3784.765183,-0.016363586028380506
1973-11-06,3760.820214,-0.006326672288033519
1973-11-07,3774.984982,0.003766403920950623
1973-11-08,3812.510214,0.009940498354014338
1973-11-09,3750.545199,-0.01625307514520402
1973-11-12,3717.678911,-0.008763069435548498
1973-11-13,3719.930213,0.0006055665521136344
1973-11-14,3654.248907,-0.0176565962905606
1973-11-15,3652.822602,-0.00039031413466872333
1973-11-16,3692.115211,0.010756779970230612
1973-11-19,3583.6825910000002,-0.029368698917342506
1973-11-20,3519.452196,-0.017923014488310796
1973-11-21,3555.845922,0.010340735993335182
1973-11-23,3535.94649,-0.0055962582284239115
1973-11-26,3454.205896,-0.0231170336517168
1973-11-27,3417.245913,-0.010699994184712569
1973-11-28,3482.936491,0.019223251610338554
1973-11-29,3466.947218,-0.0045907449192130745
1973-11-30,3416.725891,-0.014485748943409371
1973-12-03,3345.215882,-0.020929395942579032
1973-12-04,3332.096482,-0.003921839565151242
1973-12-05,3288.380197,-0.013119753655440491
1973-12-06,3370.906499,0.025096338335600432
1973-12-07,3433.600899,0.01859867665228876
1973-12-10,3477.946499,0.012915187671611816
1973-12-11,3366.08221,-0.032163890109340065
1973-12-12,3241.450722,-0.03702568155636343
1973-12-13,3175.003694,-0.020499163398973952
1973-12-14,3201.970688,0.008493531535399779
1973-12-17,3182.120705,-0.006199301909412092
1973-12-18,3259.590708,0.024345400499193204
1973-12-19,3243.576283,-0.00491301713454273
1973-12-20,3223.490214,-0.006192568710430391
1973-12-21,3200.946505,-0.006993571409675825
1973-12-24,3167.811488,-0.010351630977975423
1973-12-26,3279.557197,0.035275365792221125
1973-12-27,3354.7848,0.022938341514157745
1973-12-28,3339.722217,-0.004489880543157354
1973-12-31,3345.091491,0.00160770077603134
1974-01-02,3340.335917,-0.001421657378518737
1974-01-03,3390.644314,0.015060879579195996
1974-01-04,3326.7987,-0.018829935577843182
1974-01-07,3292.363706,-0.010350789784786096
1974-01-08,3221.012585,-0.02167170075103486
1974-01-09,3134.833688,-0.026755218964783944
1974-01-10,3102.725919,-0.010242255952176094
1974-01-11,3166.2500019999998,0.020473636620947033
1974-01-14,3174.740002,0.002681405446391505
1974-01-15,3201.049306,0.008287073581907833
1974-01-16,3252.350022,0.016026218622700705
1974-01-17,3326.0987,0.022675504635460086
1974-01-18,3269.274786,-0.01708425369337363
1974-01-21,3274.624819,0.0016364586491508515
1974-01-22,3309.414803,0.010624112966512111
1974-01-23,3325.087202,0.004735701002422932
1974-01-24,3302.350897,-0.006837807136704455
1974-01-25,3294.345919,-0.0024240240512515276
1974-01-28,3271.865914,-0.0068238143633755355
1974-01-29,3264.089986,-0.002376603505274355
1974-01-30,3306.6499909999998,0.013038857746736188
1974-01-31,3288.745908,-0.0054145685357479545
1974-02-01,3250.005908,-0.011779566157958055
1974-02-04,3146.235922,-0.03192916841922255
1974-02-05,3121.942216,-0.007721514407144969
1974-02-06,3130.3359,0.0026886096600322595
1974-02-07,3132.485885,0.0006868224588933991
1974-02-08,3089.666518,-0.013669452496192225
1974-02-11,3023.481515,-0.021421406683994726
1974-02-12,3027.875185,0.0014531823588808113
1974-02-13,3028.260213,0.00012716112008437364
1974-02-14,3025.111511,-0.0010397726016023734
1974-02-15,3067.975688,0.014169453537212107
1974-02-19,3072.74019,0.0015529790599826399
1974-02-20,3112.1259019999998,0.012817781382291171
1974-02-21,3161.30089,0.01580109209861913
1974-02-22,3184.871516,0.007455989423392095
1974-02-25,3176.350888,-0.002675344345037023
1974-02-26,3212.304321,0.011319099894104623
1974-02-27,3228.92481,0.0051740082318307845
1974-02-28,3221.635014,-0.002257654305675816
1974-03-01,3190.249999,-0.009741952413483412
1974-03-04,3195.739988,0.0017208648230453427
1974-03-05,3265.849814,0.02193852637050031
1974-03-06,3297.024794,0.009545748205064264
1974-03-07,3261.202205,-0.010865125753737326
1974-03-08,3285.31221,0.007392980712154218
1974-03-11,3330.537205,0.013765813447605302
1974-03-12,3348.49521,0.005391924453820973
1974-03-13,3367.442203,0.005658360490830683
1974-03-14,3355.570897,-0.003525318412124223
1974-03-15,3345.222203,-0.0030840337807352958
1974-03-18,3301.475883,-0.013077253869942629
1974-03-19,3281.9909159999997,-0.0059018959067163035
1974-03-20,3300.130897,0.005527127120177555
1974-03-21,3298.494814,-0.0004957630624552456
1974-03-22,3291.1822,-0.0022169548270812856
1974-03-25,3302.952211,0.003576225892325091
1974-03-26,3311.880889,0.0027032416546217686
1974-03-27,3271.180897,-0.012289086885696854
1974-03-28,3208.725914,-0.019092488299035204
1974-03-29,3183.431497,-0.007883009542709152
1974-04-01,3165.371486,-0.005673126943997242
1974-04-02,3169.205214,0.0012111463115644927
1974-04-03,3201.975214,0.010340131921794837
1974-04-04,3205.840919,0.0012072876089415097
1974-04-05,3154.497197,-0.016015679909661795
1974-04-08,3118.654788,-0.01136232076353949
1974-04-09,3144.442219,0.008268767386254261
1974-04-10,3133.729808,-0.0034067762273611857
1974-04-11,3117.807197,-0.005081041434826794
1974-04-15,3122.745902,0.0015840315606276967
1974-04-16,3179.399317,0.018142178959778876
1974-04-17,3202.764313,0.0073488711767248915
1974-04-18,3213.299319,0.0032893478790301245
1974-04-19,3176.6098190000002,-0.011418015054824648
1974-04-22,3162.620008,-0.00440400672324448
1974-04-23,3109.172219,-0.016899845338611996
1974-04-24,3060.539988,-0.015641536580962234
1974-04-25,3048.2915160000002,-0.004002062396839978
1974-04-26,3074.965894,0.008750599429218076
1974-04-29,3081.705911,0.0021918997583523225
1974-04-30,2993.9722,-0.028469202945952343
1974-05-01,3053.10501,0.01975062093094926
1974-05-02,3055.952202,0.0009325561979276475
1974-05-03,3030.470896,-0.00833825410728728
1974-05-06,3036.451516,0.0019734952768872827
1974-05-07,3055.760022,0.006358904760460415
1974-05-08,3065.076488,0.0030488212205559417
1974-05-09,3114.98151,0.01628181945715923
1974-05-10,3059.971505,-0.017659817505626285
1974-05-13,3039.490221,-0.006693292393910699
1974-05-14,3042.45131,0.0009742057992296882
1974-05-15,3045.510221,0.0010054100093388474
1974-05-16,3020.32021,-0.008271195685473298
1974-05-17,2971.330685,-0.016219977218905557
1974-05-20,2962.970685,-0.0028135542241068956
1974-05-21,2965.650719,0.0009045091176798081
1974-05-22,2937.216288,-0.009587923088120065
1974-05-23,2942.0362880000002,0.0016410095571417482
1974-05-24,2986.306282,0.015047399034664677
1974-05-28,2982.527998,-0.0012652031115407691
1974-05-29,2936.04239,-0.015585975397773955
1974-05-30,2947.992393,0.004070105745305641
1974-05-31,2944.156282,-0.0013012621773071942
1974-06-03,2945.143702,0.00033538301143765104
1974-06-04,2975.4162850000002,0.010278813553118882
1974-06-05,2975.946307,0.0001781337296136165
1974-06-06,3032.061296,0.01885618328126637
1974-06-07,3049.490016,0.005748142368689146
1974-06-10,3070.070716,0.006748898960815541
1974-06-11,3044.161288,-0.008439358697821087
1974-06-12,3035.255021,-0.0029256882791026673
1974-06-13,3057.005021,0.007165789974654002
1974-06-14,3031.47131,-0.008352525044805992
1974-06-17,2988.076288,-0.014314838427416876
1974-06-18,2971.498699,-0.0055479135745546415
1974-06-19,2952.720005,-0.006319603641865901
1974-06-20,2926.53501,-0.0088680927943251
1974-06-21,2901.364988,-0.008600622208172481
1974-06-24,2913.673694,0.0042423845503440916
1974-06-25,2961.480688,0.01640780643983808
1974-06-26,2898.753694,-0.021180956625572955
1974-06-27,2852.301299,-0.01602495413672078
1974-06-28,2841.701288,-0.0037163012910720328
1974-07-01,2851.378721,0.0034055067789375837
1974-07-02,2784.762399,-0.0233628460187979
1974-07-03,2783.193022,-0.0005635586722098074
1974-07-05,2759.797394,-0.008406038609276023
1974-07-08,2665.384985,-0.03420990584499406
1974-07-09,2682.922985,0.006579912507460817
1974-07-10,2634.036691,-0.0182212811449749
1974-07-11,2631.022207,-0.0011444350833454964
1974-07-12,2748.292205,0.04457202895817303
1974-07-15,2768.946688,0.007515388270003864
1974-07-16,2731.906688,-0.01337692782621025
1974-07-17,2764.641705,0.01198247990818646
1974-07-18,2769.5366830000003,0.001770565057724216
1974-07-19,2768.581682,-0.00034482337997621126
1974-07-22,2772.776719,0.001515229630851822
1974-07-23,2786.155014,0.004824872810106795
1974-07-24,2782.549994,-0.0012939050346750802
1974-07-25,2743.311705,-0.014101557594511926
1974-07-26,2684.816716,-0.02132276434113789
1974-07-29,2638.42169,-0.017280518898556974
1974-07-30,2636.652191,-0.0006706657266754013
1974-07-31,2601.727196,-0.013245962102705122
1974-08-01,2580.302202,-0.008234911805103828
1974-08-02,2570.786716,-0.003687740913689952
1974-08-05,2593.2167,0.008724949394051551
1974-08-06,2638.26241,0.017370592284092545
1974-08-07,2704.227419,0.025003202391834956
1974-08-08,2649.133683,-0.02037318888674422
1974-08-09,2626.36001,-0.008596649216362051
1974-08-12,2589.863005,-0.013896421229776412
1974-08-13,2538.036299,-0.020011369674744706
1974-08-14,2481.316311,-0.02234798139898464
1974-08-15,2470.516305,-0.004352530933731447
1974-08-16,2444.883722,-0.010375395194973214
1974-08-19,2417.522996,-0.011191013197804689
1974-08-20,2431.017991,0.0055821578625430135
1974-08-21,2369.866719,-0.025154594588107315
1974-08-22,2345.182208,-0.010415991246299217
1974-08-23,2300.772821,-0.01893643353105301
1974-08-26,2331.027804,0.013149921940945886
1974-08-27,2290.642184,-0.017325241651214518
1974-08-28,2291.74219,0.00048021729787550704
1974-08-29,2277.132207,-0.006375055215089409
1974-08-30,2346.786701,0.030588691243257138
1974-09-03,2289.031707,-0.024610244286534244
1974-09-04,2229.172201,-0.026150579660799922
1974-09-05,2302.005006,0.03267257907097876
1974-09-06,2302.470004,0.00020199695430189735
1974-09-09,2242.277188,-0.026142714517639276
1974-09-10,2224.370015,-0.007986154921360233
1974-09-11,2204.522215,-0.008922885970480077
1974-09-12,2138.775221,-0.029823693112568606
1974-09-13,2083.287784,-0.02594355706723417
1974-09-16,2131.531699,0.023157585510039214
1974-09-17,2157.39671,0.012134471662858415
1974-09-18,2176.601699,0.008901927453110803
1974-09-19,2245.014993,0.0314312416605349
1974-09-20,2248.256699,0.0014439573945421724
1974-09-23,2221.07669,-0.012089370849907577
1974-09-24,2179.776718,-0.01859457270698739
1974-09-25,2160.496685,-0.00884495776140315
1974-09-26,2118.859992,-0.019271815267793313
1974-09-27,2055.767198,-0.029776764032646952
1974-09-30,2006.2300089999999,-0.02409669200296294
1974-10-01,2007.732798,0.0007490611710814221
1974-10-02,1999.792198,-0.00395500835963325
1974-10-03,1963.23782,-0.018279088215544692
1974-10-04,1959.594987,-0.0018555230359204034
1974-10-07,2041.542798,0.04181874904949434
1974-10-08,2016.131698,-0.012447008225785927
1974-10-09,2116.526718,0.0497958640795102
1974-10-10,2188.053004,0.033794180527797923
1974-10-11,2243.247399,0.025225346414871286
1974-10-14,2303.312404,0.02677591648017774
1974-10-15,2266.656699,-0.015914343593314673
1974-10-16,2243.10169,-0.010391961433944608
1974-10-17,2265.139999,0.0098249263946657
1974-10-18,2298.389999,0.014679004394730022
1974-10-21,2354.499993,0.024412738492776587
1974-10-22,2341.30671,-0.0056034330172962665
1974-10-23,2276.771684,-0.027563678745874398
1974-10-24,2261.13719,-0.006866957328163892
1974-10-25,2263.487785,0.0010395631943056483
1974-10-28,2265.150012,0.0007343653502420722
1974-10-29,2352.482806,0.03855497143118125
1974-10-30,2401.120021,0.020674843988636615
1974-10-31,2387.76001,-0.005564074633152338
1974-11-01,2380.887818,-0.002878091588442211
1974-11-04,2352.099996,-0.012091213110654975
1974-11-05,2438.311684,0.03665307093516956
1974-11-06,2408.052216,-0.012410008203036504
1974-11-07,2442.14669,0.014158527698636902
1974-11-08,2423.15669,-0.007775945678349161
1974-11-11,2424.6267159999998,0.0006066574258554169
1974-11-12,2368.997995,-0.02294321044674974
1974-11-13,2358.75671,-0.0043230450264690745
1974-11-14,2347.526701,-0.004760986562281078
1974-11-15,2299.742185,-0.020355259848437224
1974-11-18,2212.3667179999998,-0.03799359231217492
1974-11-19,2177.737792,-0.015652434887153177
1974-11-20,2172.532209,-0.0023903626134986755
1974-11-21,2209.916698,0.017207795053684194
1974-11-22,2233.020024,0.010454387724618153
1974-11-25,2232.687214,-0.000149040311516635
1974-11-26,2253.659992,0.009393513730221903
1974-11-27,2265.760009,0.0053690516949995715
1974-11-29,2267.791714,0.0008966991172629779
1974-12-02,2194.65222,-0.03225141601341963
1974-12-03,2158.529998,-0.01645920099358611
1974-12-04,2167.502209,0.004156630210519818
1974-12-05,2115.032212,-0.024207586401587933
1974-12-06,2077.546705,-0.017723374040035544
1974-12-09,2098.287182,0.00998315799595928
1974-12-10,2157.02279,0.02799216832846274
1974-12-11,2165.632189,0.003991334277928527
1974-12-12,2153.7667,-0.005478995491602245
1974-12-13,2131.931712,-0.010138046985311844
1974-12-16,2112.557817,-0.0090874838490137
1974-12-17,2148.325215,0.016930849282408067
1974-12-18,2165.342789,0.00792132116738209
1974-12-19,2161.770715,-0.0016496575129563151
1974-12-20,2136.300184,-0.011782253697520284
1974-12-23,2111.305188,-0.011700132868593283
1974-12-24,2132.1807009999998,0.009887491926155345
1974-12-26,2149.700217,0.008216712585281227
1974-12-27,2134.821701,-0.006921205050983259
1974-12-30,2139.891684,0.002374897630853967
1974-12-31,2191.772993,0.024244829487360064
1975-01-02,2231.862392,0.01829085362765026
1975-01-03,2239.893704,0.0035984799191868255
1975-01-06,2245.762403,0.0026200792428319186
1975-01-07,2236.032392,-0.004332609267570953
1975-01-08,2193.757387,-0.018906257866053267
1975-01-09,2234.3265030000002,0.018492982059187035
1975-01-10,2273.576514,0.017566819776473563
1975-01-13,2246.456492,-0.011928352458341784
1975-01-14,2218.120004,-0.012613860139695898
1975-01-15,2241.95132,0.010743925467073367
1975-01-16,2236.71502,-0.0023355993296054756
1975-01-17,2198.1287039999997,-0.017251333162684457
1975-01-20,2211.848704,0.006241672735101345
1975-01-21,2197.056293,-0.006687804176320311
1975-01-22,2230.74372,0.015332983095303732
1975-01-23,2233.286304,0.0011397920689877328
1975-01-24,2263.990203,0.013748303988166066
1975-01-27,2342.710724,0.03477069860800985
1975-01-28,2359.760018,0.00727759250228277
1975-01-29,2397.720718,0.01608667818356091
1975-01-30,2374.990707,-0.009479840929497274
1975-01-31,2414.323718,0.016561332591353173
1975-02-03,2453.99739,0.016432623224554632
1975-02-04,2444.02369,-0.004064266751318768
1975-02-05,2500.530018,0.023120204698179547
1975-02-06,2505.06629,0.001814124192609512
1975-02-07,2511.843712,0.0027054860891524424
1975-02-10,2501.197412,-0.004238440452779213
1975-02-11,2507.1149960000002,0.002365900416980038
1975-02-12,2561.518007,0.02169944780626243
1975-02-13,2605.552401,0.017190741536723397
1975-02-14,2622.339984,0.006443003408243664
1975-02-18,2599.396284,-0.00874932317700583
1975-02-19,2621.606299,0.008544297434257775
1975-02-20,2649.22499,0.010535026182434404
1975-02-21,2653.101288,0.0014631818794672569
1975-02-24,2619.186284,-0.012783154624890436
1975-02-25,2556.545006,-0.023916312628338487
1975-02-26,2576.87999,0.007954088018116368
1975-02-27,2591.78369,0.005783622077021988
1975-02-28,2612.50629,0.007995497494623027
1975-03-03,2665.701284,0.020361671167498097
1975-03-04,2687.315212,0.00810815830330669
1975-03-05,2676.600198,-0.003987256110542181
1975-03-06,2704.3006960000002,0.010349135452017988
1975-03-07,2724.426318,0.007442079954262493
1975-03-10,2740.876301,0.006037962154203491
1975-03-11,2710.476299,-0.011091344030705996
1975-03-12,2688.971316,-0.007934023628221265
1975-03-13,2699.61571,0.003958537577795296
1975-03-14,2727.870204,0.010466117045970114
1975-03-17,2783.720215,0.020473852061621
1975-03-18,2757.047187,-0.009581791968989117
1975-03-19,2734.395908,-0.008215774872046167
1975-03-20,2708.855188,-0.00934053475039065
1975-03-21,2702.89019,-0.00220203650103723
1975-03-24,2632.395012,-0.0260814065850008
1975-03-25,2669.33149,0.014031510404639791
1975-03-26,2723.605921,0.020332593086818118
1975-03-27,2726.355193,0.0010094235655762063
1975-03-31,2712.941493,-0.004920011902499022
1975-04-01,2690.100888,-0.008419129221523547
1975-04-02,2679.9415209999997,-0.003776574717074377
1975-04-03,2648.466499,-0.0117446674688092
1975-04-04,2638.46571,-0.003776067774984626
1975-04-07,2624.935699,-0.005127984399691088
1975-04-08,2642.431315,0.006665159838644685
1975-04-09,2705.601282,0.023906001507554953
1975-04-10,2741.850013,0.013397661821480611
1975-04-11,2752.380002,0.0038404686434609925
1975-04-14,2805.980011,0.01947405843708072
1975-04-15,2843.475707,0.013362780865511903
1975-04-16,2861.025216,0.006171851216030033
1975-04-17,2883.096516,0.00771447237744316
1975-04-18,2848.350222,-0.012051727650174815
1975-04-21,2890.2752,0.014719038998849632
1975-04-22,2880.999985,-0.0032091113676649963
1975-04-23,2846.715707,-0.011900131266401215
1975-04-24,2839.34129,-0.002590499986305783
1975-04-25,2855.455705,0.005675406143232697
1975-04-28,2845.476308,-0.003494852671861004
1975-04-29,2832.950708,-0.004401934384336448
1975-04-30,2896.100703,0.022291243833389096
1975-05-01,2927.755214,0.010930044997126576
1975-05-02,2962.535208,0.011879406390837621
1975-05-05,2992.4752,0.010106206305717569
1975-05-06,2945.020197,-0.015858110703808048
1975-05-07,2961.370223,0.005551753436752405
1975-05-08,2976.595217,0.005141199125240359
1975-05-09,3005.4207109999998,0.009684049021973395
1975-05-12,3007.855185,0.0008100276913278748
1975-05-13,3035.505206,0.009192603798842791
1975-05-14,3056.015195,0.006756697026728764
1975-05-15,3022.005217,-0.01112886416783676
1975-05-16,2991.835713,-0.009983273301543028
1975-05-19,2998.360691,0.0021809279071198784
1975-05-20,2986.265702,-0.004033867251630019
1975-05-21,2959.635708,-0.008917489820870705
1975-05-22,2969.844994,0.003449507644607719
1975-05-23,3016.461314,0.01569654985165192
1975-05-27,3002.649988,-0.004578651791719901
1975-05-28,2972.493722,-0.010043217198314358
1975-05-29,2966.073702,-0.0021598094396244605
1975-05-30,3012.633699,0.01569751856422341
1975-06-02,3055.935219,0.014373310639913983
1975-06-03,3061.170008,0.0017129908276369843
1975-06-04,3048.521294,-0.00413198677856641
1975-06-05,3049.879988,0.0004456895225479762
1975-06-06,3040.361305,-0.003121002477950663
1975-06-09,2996.841313,-0.014314085608322147
1975-06-10,2962.431318,-0.01148208777379467
1975-06-11,2965.085207,0.0008958482797136735
1975-06-12,2942.275713,-0.00769269427608732
1975-06-13,2959.774996,0.005947533374483616
1975-06-16,2995.833716,0.012182926083479817
1975-06-17,2965.076305,-0.010266728368711675
1975-06-18,2960.699994,-0.0014759522352325583
1975-06-19,3012.996283,0.017663488062276134
1975-06-20,3040.316303,0.009067392533520735
1975-06-23,3080.926314,0.013357166476372306
1975-06-24,3102.8356909999998,0.007111295359594205
1975-06-25,3118.845691,0.005159796261992922
1975-06-26,3126.035202,0.002305183299304181
1975-06-27,3122.010197,-0.0012875750719073542
1975-06-30,3138.751486,0.005362342831579214
1975-07-01,3119.457608,-0.006146991275371105
1975-07-02,3095.443703,-0.007698102688882602
1975-07-03,3097.728088,0.0007379830548317479
1975-07-07,3063.333708,-0.011103098471824224
1975-07-08,3061.922199,-0.0004607754605101544
1975-07-09,3116.395014,0.017790398141987573
1975-07-10,3112.159303,-0.0013591701247666066
1975-07-11,3110.163714,-0.0006412232812363916
1975-07-14,3125.419308,0.004905077482361797
1975-07-15,3131.803086,0.002042534895609016
1975-07-16,3090.968086,-0.013038814663202669
1975-07-17,3062.357619,-0.009256150889938364
1975-07-18,3048.813919,-0.004422638269276469
1975-07-21,3019.222603,-0.009705845219214249
1975-07-22,2996.303908,-0.007590925881790778
1975-07-23,2958.308914,-0.012680620913838148
1975-07-24,2957.872597,-0.00014748865405345146
1975-07-25,2928.257608,-0.010012259835003312
1975-07-28,2906.780014,-0.0073345985480659515
1975-07-29,2897.317202,-0.0032554276396644655
1975-07-30,2919.985006,0.007823721884629098
1975-07-31,2916.854811,-0.0010719900936366766
1975-08-01,2874.807223,-0.014415385997764152
1975-08-04,2837.620011,-0.012935549800516033
1975-08-05,2812.620006,-0.008810201825151909
1975-08-06,2832.580911,0.007096907850125067
1975-08-07,2836.105698,0.0012443729272875181
1975-08-08,2822.726498,-0.004717454645443819
1975-08-11,2843.230214,0.007263798322128645
1975-08-12,2858.215898,0.005270654457106838
1975-08-13,2811.327186,-0.016404888109680438
1975-08-14,2797.413692,-0.0049490838594977715
1975-08-15,2827.168712,0.010636617703378315
1975-08-18,2809.583718,-0.006220001631087713
1975-08-19,2764.053709,-0.016205250873396526
1975-08-20,2713.188705,-0.01840232113955631
1975-08-21,2707.192211,-0.002210127879770929
1975-08-22,2749.581503,0.015658028206405605
1975-08-25,2762.402187,0.004662776493808973
1975-08-26,2723.12502,-0.014218482444316227
1975-08-27,2740.150009,0.006252004177171422
1975-08-28,2811.987223,0.026216526016477726
1975-08-29,2816.8972009999998,0.0017460883036166663
1975-09-02,2767.332209,-0.017595598441577542
1975-09-03,2787.442212,0.007266927669398404
1975-09-04,2797.839997,0.0037302244169359344
1975-09-05,2782.907212,-0.005337254816576986
1975-09-08,2792.095889,0.0033018265791895374
1975-09-09,2754.949817,-0.013304010133156297
1975-09-10,2724.024798,-0.011225256739404443
1975-09-11,2719.61982,-0.0016170843977757476
1975-09-12,2715.654803,-0.0014579306161991434
1975-09-15,2698.4221939999998,-0.006345655191876021
1975-09-16,2677.224294,-0.007855664709226606
1975-09-17,2689.539289,0.004599911567962023
1975-09-18,2748.139783,0.021788301899760887
1975-09-19,2801.740019,0.01950418837192025
1975-09-22,2770.65982,-0.011093177378782348
1975-09-23,2763.384787,-0.0026257402469567204
1975-09-24,2792.394803,0.010498000906885796
1975-09-25,2784.277203,-0.0029070387866639846
1975-09-26,2793.879783,0.003448859183149189
1975-09-29,2745.499817,-0.017316409351031847
1975-09-30,2698.980913,-0.016943692260315335
1975-10-01,2669.370897,-0.010970813412343738
1975-10-02,2705.734986,0.013622718761513442
1975-10-03,2782.994991,0.028554165651757613
1975-10-06,2816.205922,0.011933521658286095
1975-10-07,2820.100906,0.001383060794515334
1975-10-08,2856.965885,0.01307221983495932
1975-10-09,2863.635919,0.002334656509207722
1975-10-10,2858.860908,-0.001667464417636988
1975-10-13,2907.8059,0.017120452367247463
1975-10-14,2892.906522,-0.005123924537053681
1975-10-15,2892.315894,-0.0002041642187566861
1975-10-16,2890.015888,-0.000795212585447902
1975-10-17,2866.675009,-0.00807638431917157
1975-10-20,2907.059814,0.014087681677626973
1975-10-21,2922.635008,0.005357713633889372
1975-10-22,2930.745886,0.002775193610491389
1975-10-23,2949.405923,0.006366992474215349
1975-10-24,2899.467208,-0.016931787723950986
1975-10-27,2903.042219,0.0012329889402218353
1975-10-28,2927.399808,0.0083903667816414
1975-10-29,2885.524814,-0.014304501177312412
1975-10-30,2877.235009,-0.0028728933328797668
1975-10-31,2877.414316,6.231920557020487e-05
1975-11-03,2851.124322,-0.009136673107453808
1975-11-04,2866.683711,0.005457281844898798
1975-11-05,2887.403683,0.007227854234666209
1975-11-06,2894.96002,0.0026170005408281405
1975-11-07,2885.542183,-0.0032531837866278668
1975-11-10,2886.797205,0.00043493455316423457
1975-11-11,2899.874994,0.004530207032675815
1975-11-12,2955.5072,0.019184346261513552
1975-11-13,2965.047198,0.003227871683073591
1975-11-14,2960.681492,-0.0014723900526590894
1975-11-17,2984.135203,0.007921727164294179
1975-11-18,2963.950898,-0.006763870812457884
1975-11-19,2931.33592,-0.011003886070449997
1975-11-20,2917.150889,-0.004839101142662616
1975-11-21,2915.1893059999998,-0.0006724311064597588
1975-11-24,2923.297211,0.0027812619178153586
1975-11-25,2955.095883,0.010877673293138157
1975-11-26,2958.697198,0.0012186795767668013
1975-11-28,2966.62092,0.002678111841034614
1975-12-01,2948.226483,-0.006200467635076201
1975-12-02,2900.866489,-0.01606389274130937
1975-12-03,2844.2599999999998,-0.01951364849594095
1975-12-04,2851.441511,0.0025249136858094268
1975-12-05,2803.350022,-0.016865676120122908
1975-12-08,2813.129989,0.0034886713836121963
1975-12-09,2823.860922,0.0038145883915639
1975-12-10,2848.999994,0.008902376106467491
1975-12-11,2840.115909,-0.003118316959884071
1975-12-12,2837.500205,-0.0009209849470267484
1975-12-15,2842.7948,0.0018659364290689595
1975-12-16,2872.4098,0.01041756513695602
1975-12-17,2873.599294,0.00041411013150005616
1975-12-18,2879.004811,0.001881096300130114
1975-12-19,2845.980905,-0.011470597712731623
1975-12-22,2824.365917,-0.0075949167339897095
1975-12-23,2853.54482,0.010331134087254945
1975-12-24,2876.520014,0.008051457204726997
1975-12-26,2909.1122139999998,0.011330426988643838
1975-12-29,2896.600892,-0.004300735440795123
1975-12-30,2885.926503,-0.0036851431722889627
1975-12-31,2895.991519,0.003487620349838183
1976-01-02,2915.700003,0.006805435675725002
1976-01-05,2961.845006,0.01582638918699497
1976-01-06,2995.885895,0.011493136518298863
1976-01-07,3019.500017,0.00788218337668023
1976-01-08,3045.000906,0.008445401177820333
1976-01-09,3062.900917,0.00587849119017636
1976-01-12,3112.230884,0.01610563591078118
1976-01-13,3083.026498,-0.00938374660766328
1976-01-14,3136.361503,0.01729956101077912
1976-01-15,3120.109815,-0.005181701147796591
1976-01-16,3145.934824,0.008276955149413512
1976-01-19,3183.235005,0.011856628661039315
1976-01-20,3208.3999949999998,0.007905476648903509
1976-01-21,3187.036521,-0.006658606792573463
1976-01-22,3189.390899,0.0007387358081674122
1976-01-23,3230.322201,0.01283357960695053
1976-01-26,3246.342212,0.004959261028215867
1976-01-27,3218.192201,-0.008671301163489353
1976-01-28,3214.192195,-0.0012429357074312808
1976-01-29,3275.450904,0.019058819536458937
1976-01-30,3294.830921,0.005916747821294921
1976-02-02,3291.995902,-0.0008604444561725044
1976-02-03,3319.299302,0.008293874237027987
1976-02-04,3333.159291,0.004175576752493804
1976-02-05,3283.807217,-0.014806395281874885
1976-02-06,3251.847199,-0.009732610926288854
1976-02-09,3254.775021,0.0009003565729965857
1976-02-10,3277.883713,0.007099935279981429
1976-02-11,3285.939307,0.0024575594210531904
1976-02-12,3261.780007,-0.007352326912592022
1976-02-13,3243.299291,-0.00566583765929618
1976-02-17,3225.029318,-0.005633144326426587
1976-02-18,3248.348692,0.007230747909746649
1976-02-19,3299.828125,0.015847877762255935
1976-02-20,3320.332619,0.006213806666066857
1976-02-23,3295.458119,-0.007491568723464681
1976-02-24,3304.358919,0.0027009294849424936
1976-02-25,3297.03021,-0.002217891330708599
1976-02-26,3252.515209,-0.01350154477353116
1976-02-27,3234.362218,-0.0055812163306012685
1976-03-01,3251.4528,0.005284065558547102
1976-03-02,3270.905225,0.005982687185248414
1976-03-03,3245.785198,-0.007679839454840853
1976-03-04,3205.89721,-0.012289164429173605
1976-03-05,3202.7649930000002,-0.000977017288710802
1976-03-08,3254.476719,0.016145963288914933
1976-03-09,3258.424323,0.0012129765676165416
1976-03-10,3269.992186,0.0035501401454520742
1976-03-11,3291.137182,0.00646637508509329
1976-03-12,3260.477215,-0.009315918876820595
1976-03-15,3216.552816,-0.01347176995990751
1976-03-16,3245.697814,0.009060941842778059
1976-03-17,3239.1372,-0.0020213261911510294
1976-03-18,3223.915213,-0.004699395567436926
1976-03-19,3234.885191,0.0034026881215003524
1976-03-22,3239.462781,0.0014150703130781928
1976-03-23,3284.935191,0.014037021899650615
1976-03-24,3324.798891,0.012135307907814363
1976-03-25,3301.300217,-0.00706769785793937
1976-03-26,3311.035213,0.002948836930937171
1976-03-29,3296.163917,-0.004491433960476021
1976-03-30,3281.520193,-0.0044426564845501115
1976-03-31,3311.177791,0.009037761846861336
1976-04-01,3300.362821,-0.0032662003319168242
1976-04-02,3304.057188,0.0011193820802042342
1976-04-05,3346.382191,0.012810009207383066
1976-04-06,3344.845213,-0.0004592954158475493
1976-04-07,3299.375015,-0.013594111268071973
1976-04-08,3272.630002,-0.008106084600389196
1976-04-09,3252.415208,-0.006176926199309429
1976-04-12,3242.557621,-0.003030851342643248
1976-04-13,3274.478107,0.009844230922303687
1976-04-14,3243.543708,-0.009447123477133612
1976-04-15,3254.853724,0.003486931892455969
1976-04-19,3278.255017,0.007189660422355804
1976-04-20,3330.978096,0.016082665542062724
1976-04-21,3354.85259,0.007167412487242064
1976-04-22,3346.270222,-0.002558195261866847
1976-04-23,3315.190217,-0.009287954330664983
1976-04-26,3320.070217,0.001472012065846462
1976-04-27,3295.010007,-0.007548096384131453
1976-04-28,3304.290198,0.0028164378803965384
1976-04-29,3300.693915,-0.0010883677838517958
1976-04-30,3181.348924,-0.036157545677785174
1976-05-03,3155.732624,-0.008052024663736557
1976-05-04,3185.703702,0.009497343904253164
1976-05-05,3168.928688,-0.005265716955870192
1976-05-06,3177.053115,0.002563777162536196
1976-05-07,3201.3626130000002,0.007651586901467278
1976-05-10,3247.267616,0.014339207565425394
1976-05-11,3243.198119,-0.0012532065358422662
1976-05-12,3237.402609,-0.0017869737793838603
1976-05-13,3211.842614,-0.007895216655766868
1976-05-14,3177.813122,-0.010595006072735336
1976-05-17,3170.823707,-0.0021994417958728363
1976-05-18,3168.13999,-0.0008463784959331644
1976-05-19,3135.452612,-0.010317529560933347
1976-05-20,3165.548885,0.009598701279941446
1976-05-21,3145.325218,-0.006388676256376957
1976-05-24,3094.590222,-0.016130286213220546
1976-05-25,3096.678891,0.0006749420279141827
1976-05-26,3083.323917,-0.0043126764091731
1976-05-27,3076.478907,-0.002220010023033847
1976-05-28,3102.280222,0.00838663803001971
1976-06-01,3093.780222,-0.0027399201206008694
1976-06-02,3078.920211,-0.004803188957744786
1976-06-03,3072.958902,-0.0019361687187288146
1976-06-04,3041.175224,-0.010343020851763973
1976-06-07,3026.150002,-0.0049405972669466225
1976-06-08,2984.530007,-0.01375344744064011
1976-06-09,2982.553911,-0.0006621129609569731
1976-06-10,3005.288891,0.007622655173524562
1976-06-11,3051.592596,0.015407405636997717
1976-06-14,3081.630012,0.009843193367087277
1976-06-15,3071.0176109999998,-0.003443762216319035
1976-06-16,3093.502596,0.007321672438302507
1976-06-17,3135.113899,0.013451193819525198
1976-06-18,3148.87761,0.0043901789355691445
1976-06-21,3163.237621,0.004560358571700895
1976-06-22,3132.112592,-0.00983961141375167
1976-06-23,3120.438092,-0.003727356427038697
1976-06-24,3137.632619,0.0055102926233603355
1976-06-25,3134.1131100000002,-0.0011217084430750202
1976-06-28,3126.239985,-0.0025120743009814372
1976-06-29,3148.87259,0.007239560976954218
1976-06-30,3162.962613,0.004474624678288519
1976-07-01,3140.670187,-0.007047957477706701
1976-07-02,3150.780192,0.0032190597541403854
1976-07-06,3134.025196,-0.005317729254024739
1976-07-07,3143.335213,0.002970626085547101
1976-07-08,3139.149996,-0.0013314574222599296
1976-07-09,3174.004987,0.011103321295386603
1976-07-12,3207.025196,0.010403326124326595
1976-07-13,3198.932607,-0.0025233942689609767
1976-07-14,3208.773115,0.0030761848431775096
1976-07-15,3184.135015,-0.007678355283153193
1976-07-16,3172.004988,-0.0038095203070400707
1976-07-19,3155.823115,-0.005101465180924247
1976-07-20,3137.342625,-0.005855996780098294
1976-07-21,3141.602597,0.0013578281077923915
1976-07-22,3145.367588,0.0011984300635590195
1976-07-23,3149.557604,0.0013321228386740103
1976-07-26,3064.168895,-0.027111334268519194
1976-07-27,3047.908884,-0.0053064995948926
1976-07-28,3035.890221,-0.003943248783811026
1976-07-29,3029.930221,-0.0019631803412301085
1976-07-30,3038.060001,0.002683157501005562
1976-08-02,3032.25501,-0.0019107558764768218
1976-08-03,3067.742584,0.01170336066160882
1976-08-04,3072.822584,0.0016559407645526658
1976-08-05,3051.96761,-0.006786911196432377
1976-08-06,3046.828917,-0.0016837311717080583
1976-08-09,3038.467616,-0.002744263372763567
1976-08-10,3063.795201,0.008335644213099291
1976-08-11,3051.290199,-0.004081539783050259
1976-08-12,3051.400221,3.605753396906941e-05
1976-08-13,3047.260007,-0.0013568243101992339
1976-08-16,3052.405213,0.0016884696377010844
1976-08-17,3069.410214,0.00557101689106565
1976-08-18,3054.607203,-0.004822754199644397
1976-08-19,3015.855009,-0.01268647371810705
1976-08-20,2984.193898,-0.010498220539620129
1976-08-23,2973.332618,-0.003639602643541129
1976-08-24,2946.088087,-0.009162961060954489
1976-08-25,2974.498107,0.009643302970254952
1976-08-26,2950.718681,-0.007994433058820638
1976-08-27,2958.338692,0.0025824254440336425
1976-08-30,2972.183684,0.004679988818535374
1976-08-31,2993.779816,0.007266082549425734
1976-09-01,3039.064321,0.01512619757738376
1976-09-02,3039.933695,0.0002860663375872097
1976-09-03,3047.414299,0.00246077867168748
1976-09-07,3063.794999,0.005375278315578935
1976-09-08,3059.234988,-0.0014883538231142968
1976-09-09,3044.449295,-0.004833134119476834
1976-09-10,3051.083725,0.002179188863777659
1976-09-13,3042.458715,-0.0028268676894468436
1976-09-14,3033.944315,-0.0027985260598679673
1976-09-15,3032.303684,-0.0005407584417053135
1976-09-16,3063.93311,0.01043082398603179
1976-09-17,3093.183115,0.00954655468963539
1976-09-20,3092.953104,-7.436061540755379e-05
1976-09-21,3143.693915,0.01640529594010931
1976-09-22,3102.088902,-0.013234435070629269
1976-09-23,3087.300181,-0.004767342738135283
1976-09-24,3080.708924,-0.0021349582527038224
1976-09-27,3096.828896,0.005232552765507492
1976-09-28,3057.6301869999998,-0.012657692858210834
1976-09-29,3036.433915,-0.006932254950294148
1976-09-30,3031.408908,-0.0016549041213038684
1976-10-01,2999.448917,-0.010542949489808606
1976-10-04,2988.380012,-0.0036903128895661164
1976-10-05,2968.252607,-0.0067352227357890815
1976-10-06,2957.627581,-0.0035795558555032914
1976-10-07,2975.103099,0.005908626938788242
1976-10-08,2944.593121,-0.010255099398153722
1976-10-11,2918.630006,-0.008817216482249646
1976-10-12,2895.243114,-0.008012969082042631
1976-10-13,2917.15501,0.0075682404334354025
1976-10-14,2870.409996,-0.01602417898252173
1976-10-15,2870.475021,2.2653558234164706e-05
1976-10-18,2889.020017,0.006460601769507468
1976-10-19,2886.252601,-0.0009579082123748472
1976-10-20,2885.520014,-0.0002538194334571475
1976-10-21,2852.680017,-0.011380963168048264
1976-10-22,2839.613894,-0.004580297447359993
1976-10-25,2852.652606,0.004591720031920765
1976-10-26,2886.98779,0.012036230394048886
1976-10-27,2901.367812,0.004980977768527239
1976-10-28,2894.700188,-0.0022980967709171907
1976-10-29,2928.872794,0.011805231554432805
1976-11-01,2924.52721,-0.0014837052701305309
1976-11-03,2892.415218,-0.010980233622103985
1976-11-04,2904.18519,0.00406925393240698
1976-11-05,2855.307796,-0.01682998528065638
1976-11-08,2823.4701919999998,-0.011150322933521029
1976-11-09,2809.770009,-0.00485224991530564
1976-11-10,2798.482609,-0.0040171971242646265
1976-11-11,2823.107624,0.008799416841400065
1976-11-12,2811.117603,-0.0042471002161127425
1976-11-15,2831.578924,0.007278713981287543
1976-11-16,2834.57259,0.001057242648130563
1976-11-17,2849.303718,0.005196948581232208
1976-11-18,2879.370006,0.010552152727721253
1976-11-19,2882.063088,0.0009353025121425773
1976-11-22,2908.9637119999998,0.009333808170961078
1976-11-23,2895.20369,-0.004730214386393761
1976-11-24,2903.785005,0.0029639762582647222
1976-11-26,2919.894981,0.005547923132139587
1976-11-29,2901.068681,-0.006447594904098963
1976-11-30,2884.959996,-0.00555267274625415
1976-12-01,2891.403724,0.002233558873930397
1976-12-02,2878.118902,-0.0045945925467721915
1976-12-03,2890.700209,0.004371364571233327
1976-12-06,2917.165218,0.00915522437006877
1976-12-07,2906.887587,-0.0035231569801337237
1976-12-08,2924.343909,0.0060051589466572075
1976-12-09,2938.898907,0.004977184097672227
1976-12-10,2937.480181,-0.0004827406606674467
1976-12-13,2928.915184,-0.002915763331919452
1976-12-14,2940.968917,0.004115425760994107
1976-12-15,2931.998917,-0.003050015234146164
1976-12-16,2917.858906,-0.0048226521906317155
1976-12-17,2904.568895,-0.004554713379962161
1976-12-20,2889.757594,-0.005099311304165077
1976-12-21,2916.622612,0.009296633757717165
1976-12-22,2934.328906,0.006070821067885257
1976-12-23,2939.107616,0.0016285529513164754
1976-12-27,2979.968912,0.013902619889642143
1976-12-28,2994.632612,0.004920756032370299
1976-12-29,2982.95369,-0.003899951517658873
1976-12-30,3004.12311,0.007096798073321864
1976-12-31,3023.393921,0.006414787375341513
1977-01-03,3430.482804,0.1346463258301962
1977-01-04,3387.045212,-0.012662238664875813
1977-01-05,3357.870012,-0.008613761604549852
1977-01-06,3366.418902,0.002545926426409828
1977-01-07,3366.665218,7.316855304417835e-05
1977-01-10,3368.165224,0.00044554652835104847
1977-01-11,3326.492621,-0.012372493695695264
1977-01-12,3302.853906,-0.007106197936760705
1977-01-13,3328.9139,0.007890144324173454
1977-01-14,3321.160217,-0.0023291930139737183
1977-01-17,3307.358895,-0.004155572480169845
1977-01-18,3288.863917,-0.005592068652712556
1977-01-19,3303.818897,0.004547156822968024
1977-01-20,3271.749992,-0.009706617099720538
1977-01-21,3289.183914,0.005328622921259019
1977-01-24,3276.645198,-0.003812105472920102
1977-01-25,3260.458892,-0.004939901949066683
1977-01-26,3235.448919,-0.0076706910985339105
1977-01-27,3211.337819,-0.007452165249282383
1977-01-28,3220.872823,0.002969168781803644
1977-01-31,3228.425203,0.0023448240321903846
1977-02-01,3248.330223,0.006165550926037655
1977-02-02,3233.523914,-0.004558129249040976
1977-02-03,3214.422609,-0.0059072719138701935
1977-02-04,3216.982587,0.0007964036815919506
1977-02-07,3214.823892,-0.0006710309868395159
1977-02-08,3203.820192,-0.0034228002433919213
1977-02-09,3177.390194,-0.008249526008355934
1977-02-10,3180.530211,0.0009882377700822786
1977-02-11,3168.545185,-0.003768247809295744
1977-02-14,3194.0352000000003,0.008044706170097005
1977-02-15,3209.492189,0.004839329572823736
1977-02-16,3223.977783,0.004513360104021036
1977-02-17,3202.4402,-0.006680437785138382
1977-02-18,3194.485194,-0.002484045135331514
1977-02-22,3205.322814,0.003392602983527837
1977-02-23,3191.266688,-0.004385245048831421
1977-02-24,3165.196688,-0.008169169971920631
1977-02-25,3168.357209,0.0009985227812168151
1977-02-28,3180.541698,0.00384568033092636
1977-03-01,3215.447814,0.010974896515882682
1977-03-02,3202.015009,-0.004177584516070754
1977-03-03,3224.737819,0.0070964095846308695
1977-03-04,3235.047792,0.0031971507696699764
1977-03-07,3237.495219,0.0007565350366856016
1977-03-08,3226.002803,-0.0035497862460318608
1977-03-09,3197.125188,-0.008951515780812547
1977-03-10,3217.75002,0.0064510554911683116
1977-03-11,3231.693883,0.004333420220132611
1977-03-14,3257.885214,0.008104521018459376
1977-03-15,3277.597819,0.006050736507010601
1977-03-16,3281.234992,0.0011097069258820813
1977-03-17,3290.390223,0.002790178399999066
1977-03-18,3280.797217,-0.002915461495400895
1977-03-21,3262.477786,-0.005583835204771126
1977-03-22,3259.550208,-0.0008973480256517785
1977-03-23,3230.157197,-0.009017505215247246
1977-03-24,3203.176709,-0.008352685753206801
1977-03-25,3182.151692,-0.006563801784936096
1977-03-28,3179.546703,-0.0008186250223548575
1977-03-29,3195.582214,0.005043332430018976
1977-03-30,3161.092209,-0.010793026963567987
1977-03-31,3155.982814,-0.0016163384875179654
1977-04-01,3181.722188,0.008155739595862244
1977-04-04,3144.97222,-0.011550338410626804
1977-04-05,3136.66002,-0.0026430122171318127
1977-04-06,3136.33782,-0.00010272072776307262
1977-04-07,3150.332798,0.004462203628306849
1977-04-11,3168.107788,0.0056422578628150255
1977-04-12,3208.437792,0.012729997430251716
1977-04-13,3213.902219,0.0017031425741291795
1977-04-14,3236.865023,0.007144835914499215
1977-04-15,3240.342203,0.001074243125769092
1977-04-18,3224.247208,-0.0049670664367174044
1977-04-19,3211.217803,-0.004041068863352426
1977-04-20,3221.997803,0.003356981887036481
1977-04-21,3190.006703,-0.009928963939768498
1977-04-22,3146.229319,-0.013723289032223751
1977-04-25,3109.617192,-0.011636827226451762
1977-04-26,3103.957798,-0.001819964854374967
1977-04-27,3125.9549970000003,0.007086822834438733
1977-04-28,3138.457792,0.003999672104044727
1977-04-29,3141.586692,0.0009969546214625424
1977-05-02,3156.596692,0.004777840458206395
1977-05-03,3177.262386,0.006546827490624407
1977-05-04,3201.376808,0.007589685417942027
1977-05-05,3203.9266860000002,0.000796494181387386
1977-05-06,3187.5743079999997,-0.00510385523846546
1977-05-09,3176.754986,-0.0033942179709649523
1977-05-10,3196.689303,0.006275056492506037
1977-05-11,3179.449292,-0.005393083082494421
1977-05-12,3180.282386,0.0002620246223445921
1977-05-13,3192.652386,0.0038895917087282683
1977-05-16,3222.857419,0.009460796024161944
1977-05-17,3233.246809,0.003223657968469462
1977-05-18,3249.23242,0.00494413570764296
1977-05-19,3243.531794,-0.0017544531332726043
1977-05-20,3228.050695,-0.004772914213030832
1977-05-23,3183.542417,-0.013787973673691
1977-05-24,3171.293123,-0.003847693039863209
1977-05-25,3138.621808,-0.010302205987535284
1977-05-26,3147.2318020000002,0.0027432403541116646
1977-05-27,3119.488097,-0.008815272196464718
1977-05-31,3038.041797,-0.02610886705364468
1977-06-01,3028.666813,-0.0030858640619289
1977-06-02,3021.301786,-0.0024317719494223455
1977-06-03,3053.868108,0.010778904031005787
1977-06-06,3037.831819,-0.005251140007648369
1977-06-07,3060.281802,0.007390133601072879
1977-06-08,3077.8218,0.0057314976642142135
1977-06-09,3074.636797,-0.0010348237185141551
1977-06-10,3084.301791,0.0031434587686682836
1977-06-13,3095.7818,0.0037220770786758894
1977-06-14,3132.3143,0.011800734793388834
1977-06-15,3123.237422,-0.002897818395810381
1977-06-16,3131.287411,0.002577450226260547
1977-06-17,3177.720011,0.014828597284581857
1977-06-20,3148.010011,-0.00934947065731273
1977-06-21,3159.546817,0.0036647933010656164
1977-06-22,3146.816806,-0.00402906231093203
1977-06-23,3158.7674,0.003797677061217586
1977-06-24,3178.736791,0.00632189347021872
1977-06-27,3164.486823,-0.004482902780861164
1977-06-28,3140.237419,-0.007662981505801025
1977-06-29,3137.844313,-0.0007620780471949695
1977-06-30,3141.360008,0.001120417283112074
1977-07-01,3125.619988,-0.005010575024803177
1977-07-05,3132.329319,0.002146560050728663
1977-07-06,3116.339299,-0.005104833614718585
1977-07-07,3124.34931,0.0025703269867212164
1977-07-08,3124.584305,7.521406113197848e-05
1977-07-11,3117.354305,-0.0023139078015691483
1977-07-12,3114.057405,-0.0010575955369307444
1977-07-13,3120.429322,0.002046178400491039
1977-07-15,3148.511688,0.008999519970540826
1977-07-18,3168.512194,0.006352368351125515
1977-07-19,3189.862205,0.006738181737292681
1977-07-20,3191.632194,0.0005548794544245617
1977-07-21,3184.736722,-0.0021604845360824187
1977-07-22,3188.177216,0.0010803071965834743
1977-07-25,3161.44719,-0.00838410922261612
1977-07-26,3138.595007,-0.007228393082852613
1977-07-27,3084.817818,-0.017134159991990305
1977-07-28,3095.699291,0.0035274280823023307
1977-07-29,3097.337207,0.0005290940256250654
1977-08-01,3106.222216,0.0028685959604011213
1977-08-02,3085.597185,-0.006639908405059236
1977-08-03,3085.602207,1.627561764694363e-06
1977-08-04,3102.854291,0.005591156229037608
1977-08-05,3101.209285,-0.0005301589587276556
1977-08-08,3072.650002,-0.009209079547819021
1977-08-09,3079.567208,0.0022512183279896902
1977-08-10,3115.156685,0.011556648904283318
1977-08-11,3091.239985,-0.007677527141784823
1977-08-12,3086.342818,-0.001584207963070905
1977-08-15,3100.574297,0.004611114137094585
1977-08-16,3085.361697,-0.004906381380610503
1977-08-17,3078.4949970000002,-0.0022255737493196426
1977-08-18,3078.455008,-1.2989788854445017e-05
1977-08-19,3083.217185,0.0015469373395500252
1977-08-22,3101.521716,0.005936828287365747
1977-08-23,3091.456685,-0.0032451912066508992
1977-08-24,3073.982216,-0.0056525032631987715
1977-08-25,3044.857816,-0.00947448552187713
1977-08-26,3048.942796,0.0013415995908032663
1977-08-29,3073.847802,0.008168407105792141
1977-08-30,3048.365013,-0.008290192176535038
1977-08-31,3067.877791,0.00640106349363867
1977-09-01,3072.381696,0.0014680848804384805
1977-09-02,3078.34,0.0019393111239263128
1977-09-06,3082.491688,0.0013486775339954793
1977-09-07,3089.906711,0.002405528952070357
1977-09-08,3064.986716,-0.008064966787277306
1977-09-09,3035.992196,-0.00945991701975124
1977-09-12,3017.745013,-0.0060102865297352315
1977-09-13,2998.117191,-0.006504135344585604
1977-09-14,3012.621691,0.004837869594804589
1977-09-15,3021.386685,0.0029094240495528556
1977-09-16,3010.576713,-0.0035778181103621742
1977-09-19,2988.227213,-0.007423660690489053
1977-09-20,2992.111687,0.0012999259169788058
1977-09-21,2961.122199,-0.010357062583807308
1977-09-22,2960.89221,-7.7669540310632e-05
1977-09-23,2964.167213,0.001106086533288586
1977-09-26,2975.002208,0.00365532516265632
1977-09-27,2965.222787,-0.003287197896425842
1977-09-28,2963.884987,-0.0004511634019087607
1977-09-29,2992.656798,0.009707465413198335
1977-09-30,3011.074282,0.0061542252396962205
1977-10-03,3016.634282,0.0018465170498240813
1977-10-04,2992.801687,-0.007900392547484758
1977-10-05,2979.544304,-0.004429756591486478
1977-10-06,2998.286821,0.006290397150610749
1977-10-07,2990.17741,-0.0027046815345356245
1977-10-10,2980.249999,-0.003320007357021537
1977-10-11,2959.8974160000002,-0.006829152925703852
1977-10-12,2925.037416,-0.011777435194733843
1977-10-13,2911.637407,-0.004581141057102944
1977-10-14,2909.167401,-0.0008483219765145211
1977-10-17,2902.375006,-0.002334824389158552
1977-10-18,2900.612395,-0.0006072995379150514
1977-10-19,2863.37669,-0.012837187438137554
1977-10-20,2875.822218,0.004346451531670459
1977-10-21,2869.622185,-0.002155916649225764
1977-10-24,2844.457796,-0.008769234197985587
1977-10-25,2830.84779,-0.0047847452752293185
1977-10-26,2863.126701,0.011402559725756323
1977-10-27,2884.305184,0.007396977225144319
1977-10-28,2889.502199,0.0018018256281717715
1977-10-31,2874.24279,-0.005280981964741582
1977-11-01,2843.359316,-0.010744907878850296
1977-11-02,2820.422406,-0.008066834842480386
1977-11-03,2816.115021,-0.0015272127291418025
1977-11-04,2848.382405,0.011458120055246157
1977-11-07,2874.157404,0.009048995301598195
1977-11-08,2876.419293,0.0007869746440649639
1977-11-09,2894.666805,0.006343828955815534
1977-11-10,2956.071815,0.021213153062706214
1977-11-11,3003.2367870000003,0.015955286255452616
1977-11-14,2983.987415,-0.006409541892708703
1977-11-15,3012.271699,0.009478687429383736
1977-11-16,2995.507421,-0.005565327326072733
1977-11-17,2985.383293,-0.0033797706288506424
1977-11-18,2988.2057210000003,0.0009454156210422227
1977-11-21,2986.941788,-0.00042297389069223534
1977-11-22,3019.365698,0.010855219921011683
1977-11-23,3034.623098,0.005053180543882485
1977-11-25,3041.391802,0.0022304924800911063
1977-11-28,3020.391808,-0.006904731572627609
1977-11-29,2971.2381100000002,-0.016273947595079608
1977-11-30,2980.608082,0.0031535580970318833
1977-12-01,2972.094987,-0.0028561604765856563
1977-12-02,2975.097399,0.0010102005531897884
1977-12-05,2961.7793149999998,-0.0044765203332425285
1977-12-06,2909.689321,-0.01758739880996163
1977-12-07,2904.962199,-0.0016246139977498242
1977-12-08,2911.99931,0.002422444946933444
1977-12-09,2936.476693,0.008405696703272847
1977-12-12,2937.657404,0.0004020842402101543
1977-12-13,2936.1392929999997,-0.0005167760535770283
1977-12-14,2955.964299,0.006752065900710091
1977-12-15,2945.504299,-0.0035386083666635315
1977-12-16,2940.469293,-0.0017093867429456289
1977-12-19,2919.89931,-0.006995476214959551
1977-12-20,2914.506699,-0.001846848273682311
1977-12-21,2924.740021,0.003511167774468138
1977-12-22,2961.822393,0.012678860935927183
1977-12-23,2990.564315,0.009704134207347836
1977-12-27,2989.00931,-0.0005199704257154991
1977-12-28,2990.132404,0.0003757412184173248
1977-12-29,3003.04181,0.004317335908848419
1977-12-30,2997.830708,-0.0017352745415156745
1978-01-03,2947.170682,-0.016898894879156745
1978-01-04,2941.730715,-0.0018458269258799787
1978-01-05,2915.195721,-0.009020198165895055
1978-01-06,2879.033095,-0.012404870705420512
1978-01-09,2853.151801,-0.008989578495970596
1978-01-10,2838.536812,-0.005122401477158589
1978-01-11,2822.157396,-0.005770372936773405
1978-01-12,2829.121818,0.0024677652670510586
1978-01-13,2827.672401,-0.0005123204631127809
1978-01-16,2821.541785,-0.0021680785927788992
1978-01-17,2843.506784,0.00778475056324579
1978-01-18,2867.641793,0.008487762060496395
1978-01-19,2844.89071,-0.007933725563470162
1978-01-20,2835.49309,-0.003303332520636637
1978-01-23,2809.089999,-0.009311640043531244
1978-01-24,2815.261784,0.0021970762781531317
1978-01-25,2817.350716,0.0007420027550801844
1978-01-26,2787.404984,-0.010629039483773028
1978-01-27,2793.7756950000003,0.002285534766770292
1978-01-30,2819.133084,0.009076386857177487
1978-01-31,2812.095712,-0.0024962893876634418
1978-02-01,2835.21069,0.00821984042056667
1978-02-02,2830.270018,-0.001742611939714367
1978-02-03,2816.090685,-0.005009887010717029
1978-02-06,2812.769596,-0.0011793260130754657
1978-02-07,2838.810707,0.009258174234047623
1978-02-08,2850.085712,0.003971735407435784
1978-02-09,2840.562207,-0.003341480208788883
1978-02-10,2835.254807,-0.0018684329415216139
1978-02-13,2829.219801,-0.002128558599071795
1978-02-14,2808.524801,-0.007314737438457564
1978-02-15,2797.282207,-0.004003024646959452
1978-02-16,2774.509103,-0.008141153560771275
1978-02-17,2769.474092,-0.0018147394054521815
1978-02-21,2757.694614,-0.004253326663725243
1978-02-22,2751.255003,-0.0023351429006344127
1978-02-23,2762.629609,0.0041343335996106845
1978-02-24,2786.774124,0.008739685885267745
1978-02-27,2763.004087,-0.008529588672182009
1978-02-28,2728.779809,-0.012386618666626603
1978-03-01,2737.602193,0.0032330875400434778
1978-03-02,2741.564287,0.0014472862456536006
1978-03-03,2742.323704,0.00027700134685915145
1978-03-06,2722.318687,-0.0072949145175021934
1978-03-07,2741.893715,0.007190571806849011
1978-03-08,2759.928709,0.006577568598423733
1978-03-09,2754.168104,-0.00208722963793051
1978-03-10,2775.698087,0.007817236343973022
1978-03-13,2777.803103,0.0007583735456888618
1978-03-14,2788.231987,0.003754364011163025
1978-03-15,2774.133103,-0.005056567769731957
1978-03-16,2786.587614,0.004489514575393372
1978-03-17,2812.6275809999997,0.009344750859141548
1978-03-20,2830.082601,0.006205947818300972
1978-03-21,2795.068107,-0.012372251604114926
1978-03-22,2782.798109,-0.004389874425339113
1978-03-23,2774.953092,-0.0028191110862939572
1978-03-27,2760.108115,-0.0053496316902788
1978-03-28,2780.558087,0.007409119914130624
1978-03-29,2792.018118,0.004121485918089363
1978-03-30,2789.764287,-0.0008072408217804083
1978-03-31,2780.693718,-0.003251374692216036
1978-04-03,2757.609998,-0.008301424874870067
1978-04-04,2770.739987,0.004761365461222855
1978-04-05,2810.653709,0.014405437604131377
1978-04-06,2810.464987,-6.714523365014546e-05
1978-04-07,2826.740007,0.005790863816230063
1978-04-10,2842.263701,0.005491730389621141
1978-04-11,2833.539307,-0.003069523069562541
1978-04-12,2863.388713,0.01053431866156207
1978-04-13,2896.038696,0.011402567472508007
1978-04-14,2973.55309,0.026765662388096745
1978-04-17,3029.013696,0.01865129167745927
1978-04-18,3001.513685,-0.009078866509027561
1978-04-19,3017.523701,0.005333980677819206
1978-04-20,3040.264801,0.007536345113863918
1978-04-21,3039.959807,-0.0001003182354047949
1978-04-24,3093.499307,0.01761191048536781
1978-04-25,3123.34481,0.009647813055094323
1978-04-26,3130.173116,0.002186215872848063
1978-04-27,3104.04429,-0.008347406048068606
1978-04-28,3143.24931,0.01263030302960022
1978-05-01,3200.9043149999998,0.01834248553449913
1978-05-02,3189.588704,-0.003535129415450866
1978-05-03,3159.639315,-0.009389733843251036
1978-05-04,3147.139321,-0.003956145861541138
1978-05-05,3157.244999,0.003211067883956531
1978-05-08,3152.528699,-0.0014938023503066056
1978-05-09,3146.908716,-0.0017826905118366598
1978-05-10,3150.893105,0.00126612792412506
1978-05-11,3204.94201,0.017153519081378077
1978-05-12,3242.851693,0.011828508248110214
1978-05-15,3266.6908869999997,0.007351305658368057
1978-05-16,3301.916991,0.010783421272023253
1978-05-17,3300.996513,-0.0002787707875482326
1978-05-18,3263.931698,-0.011228371449055308
1978-05-19,3240.465882,-0.007189432307783461
1978-05-22,3276.760887,0.011200551501439948
1978-05-23,3241.23651,-0.010841308909947278
1978-05-24,3214.32201,-0.00830377540082694
1978-05-25,3203.856488,-0.0032559034121164565
1978-05-26,3194.501493,-0.002919916992236926
1978-05-30,3215.466993,0.006562995837047225
1978-05-31,3229.211999,0.004274653115682092
1978-06-01,3232.286488,0.0009520864535843554
1978-06-02,3266.297004,0.010522123000626715
1978-06-05,3344.86151,0.02405308087531166
1978-06-06,3359.881493,0.0044904648384080925
1978-06-07,3349.972608,-0.0029491769339615725
1978-06-08,3358.45201,0.0025311854729050953
1978-06-09,3350.312188,-0.002423682689454365
1978-06-12,3341.28221,-0.0026952646479762032
1978-06-13,3360.55721,0.0057687434908408886
1978-06-14,3353.151699,-0.002203655684826167
1978-06-15,3317.355599,-0.010675359546266638
1978-06-16,3287.068006,-0.009130041111399145
1978-06-19,3284.771706,-0.0006985860942969602
1978-06-20,3249.65669,-0.010690245515649899
1978-06-21,3233.86299,-0.004860113392470278
1978-06-22,3252.660016,0.005812561032463526
1978-06-23,3233.721695,-0.005822410244796905
1978-06-26,3188.53089,-0.01397485908260887
1978-06-27,3204.276501,0.0049382024334097
1978-06-28,3221.510912,0.005378565487285991
1978-06-29,3228.146512,0.0020597788370924075
1978-06-30,3221.752012,-0.0019808580484899085
1978-07-03,3176.616712,-0.014009551272688103
1978-07-05,3158.356496,-0.0057483220846318295
1978-07-06,3160.619985,0.0007166667229827617
1978-07-07,3182.232196,0.006837965684761027
1978-07-10,3206.806484,0.007722342835601248
1978-07-11,3219.09589,0.0038322879978309743
1978-07-12,3228.473001,0.00291296417392517
1978-07-13,3229.79439,0.00040929225661501256
1978-07-14,3291.973895,0.01925184624523424
1978-07-17,3291.574384,-0.00012135910330479671
1978-07-18,3257.790018,-0.010263892611457326
1978-07-19,3305.80561,0.014738700694244544
1978-07-20,3304.575584,-0.00037208055920734395
1978-07-21,3286.705584,-0.0054076535838740725
1978-07-24,3270.120001,-0.005046263675316798
1978-07-25,3306.434995,0.011105095222467387
1978-07-26,3324.71001,0.005527105486009987
1978-07-27,3347.88671,0.0069710440700962994
1978-07-28,3364.499991,0.004962318751819295
1978-07-31,3402.687997,0.011350276743097742
1978-08-01,3401.125613,-0.00045916169845050536
1978-08-02,3497.440013,0.028318389544879086
1978-08-03,3510.450002,0.003719860512729767
1978-08-04,3527.249991,0.0047857080973745525
1978-08-07,3511.055607,-0.004591220934530127
1978-08-08,3535.505602,0.006963716254238195
1978-08-09,3549.495896,0.003957084381958076
1978-08-10,3524.433019,-0.007060968017527092
1978-08-11,3540.625596,0.004594377851049103
1978-08-14,3531.756713,-0.0025048915112683146
1978-08-15,3530.707996,-0.00029693919633244636
1978-08-16,3562.545607,0.009017344690093188
1978-08-17,3572.246685,0.002723074753327559
1978-08-18,3556.65169,-0.004365598564478712
1978-08-21,3515.532191,-0.011561294887439622
1978-08-22,3529.855916,0.004074411560408997
1978-08-23,3561.218005,0.008884807127067962
1978-08-24,3581.583,0.005718547691101028
1978-08-25,3586.006716,0.0012351287126390886
1978-08-28,3545.361702,-0.011334338504903063
1978-08-29,3520.211691,-0.007093778608205925
1978-08-30,3520.356691,4.1190704630267305e-05
1978-08-31,3509.236702,-0.003158767697724718
1978-09-01,3527.237202,0.005129463050965066
1978-09-05,3561.146716,0.009613618834813042
1978-09-06,3596.55059,0.009941706091729507
1978-09-07,3594.2756,-0.0006325477545972014
1978-09-08,3652.717994,0.016259853306741512
1978-09-11,3644.745599,-0.002182592527837035
1978-09-12,3634.683921,-0.0027605981615728137
1978-09-13,3597.581522,-0.01020787496421205
1978-09-14,3555.108885,-0.01180588590981757
1978-09-15,3518.545007,-0.010284882737142897
1978-09-18,3480.234396,-0.0108881969461192
1978-09-19,3448.501691,-0.009117979247740271
1978-09-20,3416.176702,-0.009373632927123787
1978-09-21,3424.243019,0.002361211876211522
1978-09-22,3424.345619,2.996282665423955e-05
1978-09-25,3418.405602,-0.0017346429539828456
1978-09-26,3414.281502,-0.0012064396330228044
1978-09-27,3379.671491,-0.010136835811495382
1978-09-28,3392.651519,0.0038406182478283313
1978-09-29,3411.201502,0.005467694779765608
1978-10-02,3426.671485,0.004535053995177396
1978-10-03,3409.856482,-0.004907095142795637
1978-10-04,3425.289408,0.004525975237218205
1978-10-05,3430.489397,0.0015181166846383043
1978-10-06,3433.714982,0.0009402696311555658
1978-10-09,3473.766491,0.011664191468993668
1978-10-10,3472.383508,-0.0003981220394586593
1978-10-11,3522.0515020000003,0.01430371785995721
1978-10-12,3501.259108,-0.005903489482817936
1978-10-13,3492.358485,-0.0025421206273089636
1978-10-16,3417.8802180000002,-0.021326065843438213
1978-10-17,3366.320019,-0.015085431820712314
1978-10-18,3342.765604,-0.0069970813431448065
1978-10-19,3295.060605,-0.014271116988554544
1978-10-20,3256.200905,-0.011793318745346726
1978-10-23,3248.504288,-0.0023636800137797342
1978-10-24,3220.048121,-0.00875977510792203
1978-10-25,3202.768721,-0.005366193097335992
1978-10-26,3147.633693,-0.017214801567933646
1978-10-27,3092.454084,-0.0175305052562863
1978-10-30,3135.1272050000002,0.01379911223930086
1978-10-31,3069.70959,-0.020866016184501235
1978-11-01,3219.234804,0.04870988919834596
1978-11-02,3178.65371,-0.012605819851840838
1978-11-03,3187.938121,0.0029208626818302275
1978-11-06,3159.462593,-0.008932271242161893
1978-11-07,3103.317605,-0.01777042340187629
1978-11-08,3122.283088,0.00611135739682056
1978-11-09,3117.528093,-0.0015229224468067404
1978-11-10,3130.225893,0.004073034667598119
1978-11-13,3076.047621,-0.017308102945910786
1978-11-14,3047.738712,-0.009203013895733303
1978-11-15,3053.238701,0.0018046130327200594
1978-11-16,3094.369318,0.013471143604503855
1978-11-17,3118.17929,0.007694612230510822
1978-11-20,3141.755001,0.007560729774457542
1978-11-21,3140.6725850000003,-0.0003445259097718534
1978-11-22,3153.003696,0.003926264411926894
1978-11-24,3168.283696,0.004846172562177564
1978-11-27,3179.862596,0.003654628534249804
1978-11-28,3146.56199,-0.010472341176593347
1978-11-29,3105.177596,-0.013152257648672672
1978-11-30,3143.193096,0.012242616992010458
1978-12-01,3185.967007,0.013608426111152427
1978-12-04,3192.947601,0.0021910440329928615
1978-12-05,3239.763112,0.014662160752446418
1978-12-06,3242.125901,0.0007293091866031887
1978-12-07,3224.261695,-0.005510028464499106
1978-12-08,3209.115907,-0.004697443766269793
1978-12-11,3232.875896,0.007403904903581893
1978-12-12,3211.856507,-0.006501761798529682
1978-12-13,3188.367596,-0.007313188166659268
1978-12-14,3197.301981,0.0028021815963783503
1978-12-15,3179.311518,-0.005626763786126143
1978-12-18,3102.907592,-0.02403159475484906
1978-12-19,3134.271487,0.010107904947238344
1978-12-20,3157.2958869999998,0.007346013290647546
1978-12-21,3166.240887,0.0028331205943765703
1978-12-22,3235.731692,0.021947415714741236
1978-12-26,3290.712198,0.016991676453252724
1978-12-27,3246.38502,-0.013470390399665133
1978-12-28,3243.270015,-0.0009595303640231867
1978-12-29,3234.154387,-0.00281062876598015
1979-01-02,3246.455003,0.0038033484268542583
1979-01-03,3282.973009,0.011248579132085323
1979-01-04,3312.733007,0.009064953601024328
1979-01-05,3341.687981,0.008740509403811547
1979-01-08,3330.967213,-0.003208189412343576
1979-01-09,3343.696701,0.0038215590805936728
1979-01-10,3315.223018,-0.008515629719491047
1979-01-11,3343.622207,0.008566298208538825
1979-01-12,3372.747218,0.008710616569965968
1979-01-15,3404.247201,0.009339562369776289
1979-01-16,3354.256685,-0.01468474909381301
1979-01-17,3350.232207,-0.001199812172394843
1979-01-18,3367.995907,0.005302229488118648
1979-01-19,3353.465896,-0.004314141525469495
1979-01-22,3357.005896,0.0010556242734487409
1979-01-23,3375.26589,0.005439369058528376
1979-01-24,3361.090905,-0.004199664696638239
1979-01-25,3391.865915,0.00915625636730577
1979-01-26,3414.365899,0.006633512221251747
1979-01-29,3401.366688,-0.00380721088030056
1979-01-30,3386.35221,-0.004414248558666456
1979-01-31,3339.720916,-0.01377036147105315
1979-02-01,3342.015884,0.0006871735865727757
1979-02-02,3311.414995,-0.009156416385243005
1979-02-05,3265.594984,-0.013836988438231113
1979-02-06,3266.765907,0.00035856344884699354
1979-02-07,3229.255896,-0.011482307599581465
1979-02-08,3244.225918,0.00463574968417424
1979-02-09,3248.110884,0.001197501683974922
1979-02-12,3262.846716,0.004536739208192531
1979-02-13,3290.01671,0.00832708256467174
1979-02-14,3279.430888,-0.003217558733919046
1979-02-15,3278.962215,-0.00014291290653956068
1979-02-16,3277.37171,-0.00048506353404265123
1979-02-20,3250.226693,-0.008282556695407561
1979-02-21,3236.841699,-0.0041181724428105415
1979-02-22,3211.976693,-0.0076818727365264294
1979-02-23,3195.530916,-0.005120142071964873
1979-02-26,3185.960905,-0.002994810956790661
1979-02-27,3132.446484,-0.016796948423320246
1979-02-28,3138.51589,0.001937592878601846
1979-03-01,3161.846993,0.007433801139684615
1979-03-02,3161.465882,-0.00012053429556957429
1979-03-05,3203.605908,0.013329267995560778
1979-03-06,3189.112182,-0.004524191306991443
1979-03-07,3212.405919,0.0073041447495871825
1979-03-08,3253.025902,0.012644722997100288
1979-03-09,3249.245913,-0.0011619916698712984
1979-03-12,3255.222191,0.0018392815317822553
1979-03-13,3255.891718,0.0002056778188139763
1979-03-14,3249.433885,-0.0019834299047164494
1979-03-15,3249.541408,3.3089763880500556e-05
1979-03-16,3269.648902,0.00618779436092054
1979-03-19,3284.768907,0.004624351253968539
1979-03-20,3267.523891,-0.005249993679388054
1979-03-21,3300.386402,0.010057313150950709
1979-03-22,3318.626402,0.005526625606306679
1979-03-23,3314.318907,-0.0012979752699502356
1979-03-26,3295.713907,-0.0056135213665484684
1979-03-27,3356.793905,0.018533161470802417
1979-03-28,3342.741311,-0.004186314202688557
1979-03-29,3341.736305,-0.00030065323831462987
1979-03-30,3327.113802,-0.004375720184181309
1979-04-02,3302.916307,-0.0072728185568687875
1979-04-03,3355.111285,0.015802694694195374
1979-04-04,3358.813785,0.0011035401468062478
1979-04-05,3381.646302,0.006797791857937163
1979-04-06,3375.08879,-0.0019391478038734977
1979-04-09,3366.473822,-0.0025525159591430757
1979-04-10,3391.258811,0.007362299637688974
1979-04-11,3350.163822,-0.012117915880292873
1979-04-12,3335.678791,-0.004323678413837295
1979-04-16,3285.696313,-0.014984199957998823
1979-04-17,3281.005002,-0.0014277981143414609
1979-04-18,3305.391307,0.007432571722729708
1979-04-19,3293.781296,-0.003512446763992094
1979-04-20,3293.761285,-6.0753881941932875e-06
1979-04-23,3310.163818,0.004979879104991092
1979-04-24,3324.376296,0.004293587502441909
1979-04-25,3321.525002,-0.0008576929162413816
1979-04-26,3311.633796,-0.0029779110481010784
1979-04-27,3298.486285,-0.00397009808750004
1979-04-30,3300.251291,0.0005350957522627375
1979-05-01,3299.103802,-0.0003476974626536178
1979-05-02,3299.778796,0.00020459920042248392
1979-05-03,3302.418785,0.0008000502952500987
1979-05-04,3260.788813,-0.012605903342449598
1979-05-07,3206.048808,-0.01678735058884051
1979-05-08,3220.306287,0.004447056128535465
1979-05-09,3225.648791,0.0016590049280613695
1979-05-10,3189.473787,-0.011214799360963701
1979-05-11,3202.471282,0.004075122063387671
1979-05-14,3183.426304,-0.005946962930486022
1979-05-15,3199.839993,0.005155982087405642
1979-05-16,3217.412998,0.005491838666446647
1979-05-17,3262.907996,0.014140241873915604
1979-05-18,3267.846291,0.0015134643716752105
1979-05-21,3282.048007,0.004345894737801226
1979-05-22,3294.730007,0.0038640507308094207
1979-05-23,3281.281302,-0.004081883787572016
1979-05-24,3284.306297,0.0009218944435382959
1979-05-25,3292.671291,0.0025469591577500506
1979-05-29,3265.2580080000002,-0.008325544998958656
1979-05-30,3229.267999,-0.011022102667483935
1979-05-31,3237.132104,0.0024352593226808494
1979-06-01,2981.819599,-0.07886996785967426
1979-06-04,2976.577093,-0.0017581566643931623
1979-06-05,3014.687087,0.012803294794420994
1979-06-06,3032.772998,0.00599926641739712
1979-06-07,3050.573013,0.005869221010520231
1979-06-08,3047.321293,-0.0010659374439303537
1979-06-11,3054.201291,0.002257719924644519
1979-06-12,3085.801285,0.010346401886842882
1979-06-13,3072.177985,-0.004414833860567291
1979-06-14,3058.460013,-0.004465226971542169
1979-06-15,3065.887985,0.002428664088602428
1979-06-18,3050.987991,-0.004859927718461554
1979-06-19,3052.536297,0.0005074769237267684
1979-06-20,3055.336297,0.0009172700101065523
1979-06-21,3069.463818,0.0046238841249233165
1979-06-22,3071.678796,0.0007216172371899976
1979-06-25,3049.966318,-0.007068603015482844
1979-06-26,3036.892991,-0.004286384057045067
1979-06-27,3057.267996,0.00670916132388677
1979-06-28,3062.346318,0.001661065371646897
1979-06-29,2967.843808,-0.03085951103718365
1979-07-02,2937.468808,-0.010234703025180258
1979-07-03,2943.218793,0.0019574624875471347
1979-07-05,2954.68631,0.0038962502642596597
1979-07-06,2989.246293,0.011696667386664084
1979-07-09,3023.236287,0.011370757263994946
1979-07-10,3013.593808,-0.0031894559619646268
1979-07-11,2994.356298,-0.006383577623809589
1979-07-12,2975.136304,-0.006418739818249919
1979-07-13,2965.986304,-0.0030754893440337883
1979-07-16,2970.381288,0.001481795109462558
1979-07-17,2935.111293,-0.011873894823700493
1979-07-18,2934.148799,-0.00032792419227689606
1979-07-19,2928.1237929999998,-0.0020534084713269563
1979-07-20,2931.483888,0.0011475249127215204
1979-07-23,2917.114999,-0.004901575293938754
1979-07-24,2936.97391,0.006807723043763536
1979-07-25,2966.508915,0.010056270809705614
1979-07-26,2972.73631,0.002099233536265954
1979-07-27,2973.058888,0.0001085121471806616
1979-07-30,2979.761288,0.0022543784877766537
1979-07-31,2957.178893,-0.007578591980150762
1979-08-01,2978.986304,0.007374396946908002
1979-08-02,2983.50131,0.0015156182470317248
1979-08-03,2984.336304,0.0002798704988669076
1979-08-06,2997.900008,0.004544964983276278
1979-08-07,3043.118798,0.015083488401658407
1979-08-08,3060.731291,0.005787645560066723
1979-08-09,3051.583808,-0.0029886592876996465
1979-08-10,3088.371282,0.012055206841627086
1979-08-13,3121.398791,0.010694151053823875
1979-08-14,3119.156307,-0.0007184227809871047
1979-08-15,3150.2338,0.009963429190853912
1979-08-16,3141.208791,-0.0028648695852352413
1979-08-17,3143.9863020000003,0.0008842172503649159
1979-08-20,3161.718802,0.005640132715819757
1979-08-21,3157.543913,-0.001320449180160832
1979-08-22,3159.770613,0.0007052000103093814
1979-08-23,3145.510618,-0.004512984246809459
1979-08-24,3136.693902,-0.002802952229614686
1979-08-27,3154.768108,0.005762183548887467
1979-08-28,3155.433091,0.00021078664967899563
1979-08-29,3161.239682,0.001840188282414168
1979-08-30,3168.300613,0.002233595585998893
1979-08-31,3184.552313,0.00512946907036449
1979-09-04,3128.398082,-0.017633320316569057
1979-09-05,3096.664682,-0.010143657925948069
1979-09-06,3108.463108,0.0038100431307854787
1979-09-07,3127.604691,0.006157892931312858
1979-09-10,3133.025008,0.0017330569351035052
1979-09-11,3107.379991,-0.00818538534946811
1979-09-12,3127.843102,0.006585326242451117
1979-09-13,3139.714691,0.0037954554026093934
1979-09-14,3172.798113,0.010537079083915879
1979-09-17,3173.693091,0.00028207845823313704
1979-09-18,3145.073091,-0.009017885214282595
1979-09-19,3151.458085,0.0020301575878383105
1979-09-20,3192.648118,0.013070150986951745
1979-09-21,3202.893096,0.0032089280187939107
1979-09-24,3173.028096,-0.009324382395808795
1979-09-25,3176.028096,0.0009454690942642952
1979-09-26,3181.640618,0.0017671512437400505
1979-09-27,3177.900608,-0.0011754973138201619
1979-09-28,3153.060591,-0.007816486436821868
1979-10-01,3127.60811,-0.008072309511796494
1979-10-02,3159.92231,0.010331921028302826
1979-10-03,3148.970599,-0.0034658165377489114
1979-10-04,3161.385588,0.003942554752318861
1979-10-05,3181.935593,0.006500315898827269
1979-10-08,3144.810604,-0.011667423150133027
1979-10-09,3036.310618,-0.03450127834788996
1979-10-10,2992.990612,-0.014267316967897847
1979-10-11,2989.113118,-0.001295524945669202
1979-10-12,2971.013085,-0.0060553188472541875
1979-10-15,2935.668113,-0.011896605968667373
1979-10-16,2921.774996,-0.004732523045938741
1979-10-17,2934.1381069999998,0.004231369977813149
1979-10-18,2932.348081,-0.0006100687611565458
1979-10-19,2869.030587,-0.02159276192695625
1979-10-22,2840.521387,-0.009936875587586935
1979-10-23,2839.576409,-0.0003326776571106471
1979-10-24,2845.896409,0.0022256840773746678
1979-10-25,2838.991387,-0.0024263082725580754
1979-10-26,2864.878898,0.009118559189204012
1979-10-29,2874.653901,0.0034120126357957137
1979-10-30,2925.183885,0.017577762659505503
1979-10-31,2898.525618,-0.009113364509048538
1979-11-01,2917.393924,0.006509621954978284
1979-11-02,2918.464709,0.0003670347672939389
1979-11-05,2899.249714,-0.0065839394736363355
1979-11-06,2874.540009,-0.00852279294214675
1979-11-07,2850.530603,-0.00835243410243991
1979-11-08,2861.755598,0.003937861599586645
1979-11-09,2899.268114,0.01310821791567962
1979-11-12,2953.059698,0.018553504500067097
1979-11-13,2940.0331029999998,-0.004411219661025756
1979-11-14,2958.043103,0.006125781366755012
1979-11-15,2979.960598,0.007409457616682991
1979-11-16,2963.013114,-0.005687150364127147
1979-11-19,2966.393092,0.0011407232671465373
1979-11-20,2955.693104,-0.0036070701583200693
1979-11-21,2958.453115,0.0009337948504413163
1979-11-23,2986.925615,0.009624117365808038
1979-11-26,3055.313109,0.022895613354602995
1979-11-27,3046.185624,-0.002987413948872586
1979-11-28,3055.339992,0.003005190467670671
1979-11-29,3059.368113,0.0013183871551274429
1979-11-30,3050.460592,-0.002911555808583488
1979-12-03,3045.277292,-0.001699186022462662
1979-12-04,3071.143992,0.008494037658886455
1979-12-05,3083.864807,0.004142044473699924
1979-12-06,3107.387418,0.007627640143824221
1979-12-07,3094.63569,-0.004103681416141924
1979-12-10,3107.772418,0.004244999837121455
1979-12-11,3104.31729,-0.001111769954578512
1979-12-12,3112.082296,0.0025013570697214327
1979-12-13,3126.253185,0.004553507154426484
1979-12-14,3162.194912,0.011496742225630019
1979-12-17,3180.432412,0.0057673547986532014
1979-12-18,3152.466618,-0.008793079172028095
1979-12-19,3156.427413,0.0012564114009596672
1979-12-20,3167.974918,0.003658409806112095
1979-12-21,3149.977392,-0.005681082226295597
1979-12-24,3151.163303,0.0003764823846075238
1979-12-26,3146.104903,-0.0016052484475127526
1979-12-27,3153.437414,0.002330663225186269
1979-12-28,3152.324898,-0.00035279469795757024
1979-12-31,3151.222409,-0.00034973837902918525
1980-01-02,3284.709892,0.04236054003003886
1980-01-03,3271.151598,-0.004127699080220593
1980-01-04,3318.871615,0.014588139855449267
1980-01-07,3325.941587,0.0021302336517166065
1980-01-08,3412.162392,0.02592372798638709
1980-01-09,3413.354907,0.0003494895210132132
1980-01-10,3447.432418,0.00998358270044375
1980-01-11,3444.447407,-0.0008658649795175721
1980-01-14,3456.274896,0.003433784175645549
1980-01-15,3477.419888,0.006117855968132524
1980-01-16,3476.61411,-0.00023171720009440566
1980-01-17,3462.643321,-0.004018504371772202
1980-01-18,3462.204916,-0.00012660992177304653
1980-01-21,3496.358304,0.009864635060208515
1980-01-22,3474.694921,-0.006195984826616874
1980-01-23,3518.146616,0.012505182753568267
1980-01-24,3538.913316,0.005902738648115635
1980-01-25,3540.407484,0.00042221096324812635
1980-01-28,3565.90759,0.007202590694783462
1980-01-29,3545.554996,-0.005707549476906104
1980-01-30,3574.925018,0.00828361766581942
1980-01-31,3539.22579,-0.009986007488339443
1980-02-01,3559.71579,0.005789401755009305
1980-02-04,3528.652501,-0.008726339638480018
1980-02-05,3543.658281,0.004252552495817463
1980-02-06,3555.845912,0.0034392794207462885
1980-02-07,3561.815012,0.0016786722900044015
1980-02-08,3601.069288,0.011020863202538589
1980-02-11,3575.109321,-0.007208960706895473
1980-02-12,3610.026787,0.009766824693974163
1980-02-13,3631.846798,0.006044279526837837
1980-02-14,3574.4293040000002,-0.015809448248648272
1980-02-15,3543.684304,-0.008601373082297359
1980-02-19,3510.649315,-0.00932221557171753
1980-02-20,3550.339304,0.01130559775093909
1980-02-21,3507.776821,-0.011988286007494242
1980-02-22,3495.314301,-0.003552825802767945
1980-02-25,3453.687612,-0.011909283519393465
1980-02-26,3466.490995,0.003707163020625792
1980-02-27,3449.390984,-0.004932945455408566
1980-02-28,3442.39599,-0.0020278924692638256
1980-02-29,3482.034321,0.011514750515381644
1980-03-03,3458.979295,-0.0066211369201493175
1980-03-04,3453.08429,-0.0017042614301050474
1980-03-05,3400.42929,-0.015248686558995028
1980-03-06,3338.191798,-0.01830283375779307
1980-03-07,3296.980109,-0.012345512628930022
1980-03-10,3281.074998,-0.0048241452705712895
1980-03-11,3312.050107,0.009440536720093595
1980-03-12,3288.247614,-0.00718663432950295
1980-03-13,3258.385915,-0.009081341342075722
1980-03-14,3252.072504,-0.0019375884762254936
1980-03-17,3578.953284,0.10051460402495382
1980-03-18,3593.652509,0.004107129608456717
1980-03-19,3604.200821,0.0029352620971512255
1980-03-20,3571.305817,-0.009126851036805772
1980-03-21,3540.540884,-0.008614477330267767
1980-03-24,3423.91079,-0.0329413210639824
1980-03-25,3441.38079,0.005102352564507084
1980-03-26,3426.200784,-0.004411021891012501
1980-03-27,3381.922388,-0.012923467943494638
1980-03-28,3464.046617,0.024283297952489846
1980-03-31,3508.332395,0.012784405897618312
1980-04-01,3509.798284,0.0004178307055766606
1980-04-02,3541.092412,0.008916218388577812
1980-04-03,3532.13739,-0.0025288868400196174
1980-04-07,3463.937393,-0.019308421352205563
1980-04-08,3491.009917,0.0078155350193998
1980-04-09,3542.424886,0.014727820952219917
1980-04-10,3561.299894,0.00532827331769159
1980-04-11,3560.39331,-0.0002545654752433846
1980-04-14,3521.892405,-0.01081366625756297
1980-04-15,3481.081605,-0.011587747525183212
1980-04-16,3439.662394,-0.011898374039984616
1980-04-17,3433.533316,-0.00178188359726561
1980-04-18,3417.779894,-0.004588108094536469
1980-04-21,3387.8898990000002,-0.008745441756642158
1980-04-22,3512.356598,0.036738708373238005
1980-04-23,3551.8683,0.011249342399487272
1980-04-24,3583.633315,0.008943184914823599
1980-04-25,3609.938315,0.007340315732051961
1980-04-28,3614.491621,0.0012613251536959247
1980-04-29,3622.333306,0.0021695125683622862
1980-04-30,3625.7259,0.0009365769832334614
1980-05-01,3594.41089,-0.00863689392515854
1980-05-02,3591.865817,-0.0007080640132380855
1980-05-05,3614.515884,0.006305933504753725
1980-05-06,3623.575906,0.0025065658281113734
1980-05-07,3653.755915,0.008328791719259154
1980-05-08,3632.880789,-0.005713333480843796
1980-05-09,3599.3525170000003,-0.009229114289001639
1980-05-12,3554.45999,-0.012472389627848246
1980-05-13,3612.01999,0.016193739741602764
1980-05-14,3642.425017,0.008417734974938584
1980-05-15,3649.682512,0.001992489884109494
1980-05-16,3663.785006,0.003864033091544705
1980-05-19,3673.790017,0.002730785508324063
1980-05-20,3674.772588,0.00026745431705488265
1980-05-21,3674.475106,-8.095249239947755e-05
1980-05-22,3716.627517,0.011471682290395746
1980-05-23,3760.125884,0.01170371978387319
1980-05-27,3772.48252,0.003286229339443114
1980-05-28,3799.940889,0.007278594096706392
1980-05-29,3755.815917,-0.011612015367852724
1980-05-30,3777.2508000000003,0.005707117567445019
1980-06-02,3760.687484,-0.004385018860807444
1980-06-03,3750.357517,-0.002746829414555063
1980-06-04,3803.8393,0.014260449239191786
1980-06-05,3816.830098,0.003415180551922914
1980-06-06,3823.130115,0.0016505887970494904
1980-06-09,3820.365089,-0.0007232361747646632
1980-06-10,3846.007604,0.006712058769941187
1980-06-11,3880.6492980000003,0.009007182919755996
1980-06-12,3877.060087,-0.0009248996042621194
1980-06-13,3874.210009,-0.0007351131878394757
1980-06-16,3895.140109,0.005402417512571089
1980-06-17,3897.397603,0.0005795668286190381
1980-06-18,3895.347603,-0.0005259920102639315
1980-06-19,3849.997587,-0.0116420973484046
1980-06-20,3829.236787,-0.005392418964131673
1980-06-23,3792.366804,-0.00962854611790298
1980-06-24,3821.229298,0.007610681005212339
1980-06-25,3866.159298,0.011757996313781938
1980-06-26,3847.071107,-0.004937248966920271
1980-06-27,3831.5651980000002,-0.004030575096931832
1980-06-30,3785.240987,-0.01209015339845465
1980-07-01,3796.088598,0.0028657649637775506
1980-07-02,3814.992803,0.004979916698983233
1980-07-03,3855.872781,0.010715610778571527
1980-07-07,3889.238601,0.008653247110333107
1980-07-08,3893.03349,0.0009757408555557401
1980-07-09,3894.222807,0.00030549878470220726
1980-07-10,3880.512781,-0.003520606467446119
1980-07-11,3908.722781,0.0072696577983517585
1980-07-14,3982.577801,0.018894924029660976
1980-07-15,3987.200307,0.0011606819077933928
1980-07-16,3995.203707,0.0020072731199256566
1980-07-17,4043.957801,0.012203155977898561
1980-07-18,4074.968701,0.007668452918161428
1980-07-21,4087.201101,0.003001839007253926
1980-07-22,4084.158701,-0.0007443724751532432
1980-07-23,4066.725316,-0.004268537604998346
1980-07-24,4071.821984,0.0012532609419053653
1980-07-25,4050.05779,-0.005345075026737756
1980-07-28,4070.246101,0.004984697020829598
1980-07-29,4110.425316,0.009871446100059744
1980-07-30,4139.921104,0.00717584817444239
1980-07-31,4143.217815,0.0007963221803466425
1980-08-01,4128.647804,-0.0035165930565491665
1980-08-04,4127.897804,-0.0001816575391277997
1980-08-05,4128.268588,8.982392917777915e-05
1980-08-06,4144.115221,0.0038385663776971946
1980-08-07,4190.3110990000005,0.011147344013483496
1980-08-08,4227.414421,0.008854550682132922
1980-08-11,4279.422788,0.012302642187537627
1980-08-12,4250.51521,-0.0067550180087512235
1980-08-13,4227.330215,-0.0054546316986358034
1980-08-14,4280.362799,0.01254517184671844
1980-08-15,4293.287787,0.003019601049476295
1980-08-18,4216.824393,-0.017809985678465368
1980-08-19,4177.067793,-0.009428090025754066
1980-08-20,4193.976121,0.004047894082144232
1980-08-21,4266.60531,0.01731750179414049
1980-08-22,4295.44111,0.006758487815222702
1980-08-25,4284.93281,-0.0024463843714527256
1980-08-26,4283.19111,-0.00040647078431099715
1980-08-27,4242.725316,-0.009447580778154885
1980-08-28,4193.737801,-0.011546237701333117
1980-08-29,4195.231101,0.0003560785320542159
1980-09-02,4226.705284,0.007502371679237729
1980-09-03,4285.92781,0.01401151062606254
1980-09-04,4277.431084,-0.001982470628687616
1980-09-05,4265.888716,-0.0026984345915412877
1980-09-08,4219.58779,-0.010853758520783852
1980-09-09,4245.372801,0.006110789082551804
1980-09-10,4273.432806,0.00660955028340271
1980-09-11,4313.975284,0.009487098508505376
1980-09-12,4314.133706,3.672297349210929e-05
1980-09-15,4331.457001,0.004015474758213289
1980-09-16,4378.842899,0.010939944224093834
1980-09-17,4449.502004,0.01613647866109469
1980-09-18,4432.196988,-0.0038892028780846966
1980-09-19,4471.427393,0.008851232268379583
1980-09-22,4500.987021,0.006610781167167179
1980-09-23,4438.550321,-0.013871779613825352
1980-09-24,4434.515305,-0.0009090842072712046
1980-09-25,4383.572406,-0.011487816705144871
1980-09-26,4305.757407,-0.01775150306482698
1980-09-29,4221.862012,-0.01948446860095021
1980-09-30,4280.934306,0.013992000172458718
1980-10-01,4319.130316,0.008922353689582607
1980-10-02,4331.394321,0.0028394616746265644
1980-10-03,4384.233221,0.01219905094851792
1980-10-06,4465.252899,0.018479782875583384
1980-10-07,4450.485616,-0.003307154898954834
1980-10-08,4461.604707,0.0024983994915130925
1980-10-09,4392.052907,-0.015588965084889161
1980-10-10,4364.598418,-0.006250946785327671
1980-10-13,4404.335601,0.009104430509831118
1980-10-14,4414.978905,0.0024165515447061026
1980-10-15,4494.858888,0.018092947830290917
1980-10-16,4454.8533879999995,-0.008900279407392242
1980-10-17,4433.903399,-0.004702733664913139
1980-10-20,4436.602915,0.0006088350956425792
1980-10-21,4426.900593,-0.0021868808603980883
1980-10-22,4434.87471,0.0018012866637684422
1980-10-23,4368.614704,-0.014940671458112176
1980-10-24,4369.095621,0.00011008455370542514
1980-10-27,4316.528921,-0.012031483071082039
1980-10-28,4326.82839,0.0023860535139454964
1980-10-29,4321.682907,-0.0011892043169290378
1980-10-30,4274.732907,-0.01086382342488712
1980-10-31,4317.902896,0.010098873997322233
1980-11-03,4358.375607,0.009373233251144475
1980-11-05,4480.938895,0.028121322954164585
1980-11-06,4404.368901,-0.017087935317627312
1980-11-07,4399.395218,-0.0011292612203466224
1980-11-10,4391.521085,-0.0017898216936234057
1980-11-11,4440.646101,0.011186332719156145
1980-11-12,4529.778499,0.02007194358044595
1980-11-13,4577.240616,0.0104778008484252
1980-11-14,4604.680188,0.005994784697156641
1980-11-17,4587.109304,-0.00381587499731062
1980-11-18,4656.465193,0.015119737595858274
1980-11-19,4652.029315,-0.0009526277586415777
1980-11-20,4689.961115,0.00815381792150216
1980-11-21,4669.961599,-0.004264324481504711
1980-11-24,4642.081116,-0.005970173931616474
1980-11-25,4657.876615,0.0034026762146739387
1980-11-26,4675.66751,0.003819529040916869
1980-11-28,4683.524291,0.001680354940379214
1980-12-01,4616.846602,-0.014236648484588832
1980-12-02,4598.498502,-0.003974162795889913
1980-12-03,4612.1865960000005,0.002976644222901559
1980-12-04,4622.186107,0.0021680629766089865
1980-12-05,4555.295602,-0.014471616557952705
1980-12-08,4458.603497,-0.021226307455776805
1980-12-09,4441.741088,-0.003781993400253314
1980-12-10,4369.038404,-0.01636805985752221
1980-12-11,4286.914704,-0.018796744822570877
1980-12-12,4363.047921,0.017759442922660185
1980-12-15,4364.537888,0.0003414968221706616
1980-12-16,4385.5737149999995,0.0048197146043424954
1980-12-17,4400.647921,0.0034372255443892996
1980-12-18,4413.088193,0.002826918268247436
1980-12-19,4423.820593,0.0024319477723160343
1980-12-22,4487.429687,0.01437876890863321
1980-12-23,4471.589708,-0.0035298556422816985
1980-12-24,4489.477908,0.004000411747973276
1980-12-26,4433.082893,-0.012561597619069942
1980-12-29,4407.075599,-0.005866638325456641
1980-12-30,4430.585588,0.005334600796349953
1980-12-31,4446.814704,0.0036629731392519016
1981-01-02,4465.058693,0.004102709515552583
1981-01-05,4522.233719,0.012804988675654938
1981-01-06,4549.298708,0.005984871787207302
1981-01-07,4452.268182,-0.021328677721111355
1981-01-08,4394.088199,-0.013067492932077873
1981-01-09,4401.962899,0.0017921124118065457
1981-01-12,4402.043193,1.8240499032540214e-05
1981-01-13,4383.86791,-0.004128828864946699
1981-01-14,4392.709704,0.002016893342025927
1981-01-15,4407.543699,0.003376957732146968
1981-01-16,4424.337893,0.0038103295501779044
1981-01-19,4416.549693,-0.0017603085904270843
1981-01-20,4356.663199,-0.013559565308393862
1981-01-21,4340.428716,-0.0037263571358294723
1981-01-22,4316.638204,-0.005481143351646844
1981-01-23,4323.810599,0.0016615696430972715
1981-01-26,4311.80871,-0.0027757665894930783
1981-01-27,4345.579688,0.007832206916247753
1981-01-28,4335.642416,-0.002286754061245566
1981-01-29,4342.493216,0.0015801118594831465
1981-01-30,4323.00871,-0.004486939882417995
1981-02-02,4268.538204,-0.012600137925699362
1981-02-03,4320.93791,0.012275796419227492
1981-02-04,4337.678199,0.0038742257696546822
1981-02-05,4370.723197,0.007618130364677178
1981-02-06,4392.143719,0.00490091022343897
1981-02-09,4356.6379130000005,-0.00808393537907337
1981-02-10,4360.777898,0.0009502706175434916
1981-02-11,4355.098208,-0.0013024488136863521
1981-02-12,4333.569299,-0.004943380831333166
1981-02-13,4300.104999,-0.007722110272407989
1981-02-17,4335.139304,0.008147313846556647
1981-02-18,4354.259304,0.0044104695741513655
1981-02-19,4303.03239,-0.011764782578047361
1981-02-20,4274.132921,-0.006716070524395934
1981-02-23,4279.38381,0.001228527305316307
1981-02-24,4309.036485,0.006929192686738528
1981-02-25,4337.606507,0.006630257622430191
1981-02-26,4418.332,0.018610607686456948
1981-02-27,4456.197907,0.008570181462144388
1981-03-02,4474.731091,0.0041589678884967896
1981-03-03,4435.236985,-0.00882602891589046
1981-03-04,4443.103802,0.001773708378290939
1981-03-05,4432.066107,-0.0024842307296605304
1981-03-06,4440.201985,0.0018356851643412941
1981-03-09,4474.494288,0.007723140324662481
1981-03-10,4464.72431,-0.0021834820587885995
1981-03-11,4412.074316,-0.01179244010253333
1981-03-12,4489.051988,0.01744704791595364
1981-03-13,4489.6878990000005,0.00014165819458100692
1981-03-16,4535.749986,0.01025952984621914
1981-03-17,4533.282408,-0.0005440286628708435
1981-03-18,4556.807019,0.005189310720745244
1981-03-19,4540.091988,-0.0036681454646433354
1981-03-20,4568.747419,0.0063116410583177185
1981-03-23,4610.557014,0.009151216113660876
1981-03-24,4587.062399,-0.005095830054515749
1981-03-25,4645.612391,0.012764158606772602
1981-03-26,4627.777388,-0.0038391069893285446
1981-03-27,4595.366999,-0.0070034459920310654
1981-03-30,4589.112899,-0.0013609576778875754
1981-03-31,4626.059288,0.008050878200894118
1981-04-01,4654.262019,0.006096491472376453
1981-04-02,4664.544314,0.0022092213455162657
1981-04-03,4643.0943210000005,-0.004598518430968701
1981-04-06,4599.869305,-0.009309527873362478
1981-04-07,4602.914305,0.0006619753297534281
1981-04-08,4613.589305,0.0023191828682112003
1981-04-09,4655.689316,0.009125218613276642
1981-04-10,4681.499299,0.00554375115008221
1981-04-13,4649.307394,-0.006876409232161151
1981-04-14,4626.802911,-0.0048403947282649185
1981-04-15,4666.762005,0.008636437464193403
1981-04-16,4685.572394,0.004030715296783116
1981-04-20,4715.033805,0.006287686652270308
1981-04-21,4682.899688,-0.006815246364919703
1981-04-22,4679.788422,-0.0006643887777424418
1981-04-23,4695.413822,0.003338911632531305
1981-04-24,4719.335188,0.005094623585234936
1981-04-27,4729.322822,0.0021163222365294665
1981-04-28,4681.3828,-0.01013676245085049
1981-04-29,4643.973802,-0.00799101453527784
1981-04-30,4636.746096,-0.0015563623543457528
1981-05-01,4613.850607,-0.004937835397058055
1981-05-04,4555.713413,-0.012600580069019984
1981-05-05,4534.243785,-0.004712681868603963
1981-05-06,4552.452785,0.004015884646572987
1981-05-07,4566.143408,0.003007306971992918
1981-05-08,4565.513408,-0.00013797201351506416
1981-05-11,4505.560587,-0.013131671214664853
1981-05-12,4530.685619,0.005576449703615927
1981-05-13,4523.4706129999995,-0.0015924755338889707
1981-05-14,4547.159691,0.0052369253669781735
1981-05-15,4596.725602,0.010900411326680404
1981-05-18,4612.064691,0.003336959898873504
1981-05-19,4514.210602,-0.021216981017406877
1981-05-20,4518.369718,0.0009213384945214731
1981-05-21,4520.295218,0.00042614927953543713
1981-05-22,4506.815002,-0.002982153897011175
1981-05-26,4521.018402,0.0031515382800706426
1981-05-27,4559.274685,0.008461872878702925
1981-05-28,4577.003405,0.0038884956983020746
1981-05-29,4560.600185,-0.0035838339080283
1981-06-01,4557.609705,-0.0006557207119002317
1981-06-02,4523.267805,-0.007535068209619689
1981-06-03,4531.548816,0.0018307585040280294
1981-06-04,4537.562811,0.0013271389637832254
1981-06-05,4567.564705,0.0066118961322736425
1981-06-08,4575.682805,0.001777336616843872
1981-06-09,4562.64519,-0.002849326659128071
1981-06-10,4559.420185,-0.0007068279179517356
1981-06-11,4609.755588,0.011039869316190165
1981-06-12,4578.145616,-0.006857190451113437
1981-06-15,4584.88391,0.0014718391604779946
1981-06-16,4538.478916,-0.010121301849930542
1981-06-17,4536.814994,-0.0003666254775656075
1981-06-18,4505.788921,-0.0068387344515993265
1981-06-19,4508.222894,0.0005401879765507545
1981-06-22,4505.642905,-0.0005722851466448686
1981-06-23,4535.334683,0.006589909281769835
1981-06-24,4514.202888,-0.004659368376761619
1981-06-25,4509.400594,-0.001063818822314322
1981-06-26,4498.10791,-0.002504253894636377
1981-06-29,4468.254711,-0.006636834775268885
1981-06-30,4430.432918,-0.008464556173776061
1981-07-01,4400.352918,-0.006789404231309248
1981-07-02,4347.952418,-0.011908249401008542
1981-07-06,4283.104297,-0.014914634468292887
1981-07-07,4291.537385,0.0019689196001850817
1981-07-08,4282.261985,-0.002161323359880174
1981-07-09,4297.190285,0.0034860781643650807
1981-07-10,4288.487413,-0.002025247062104385
1981-07-13,4286.834608,-0.0003854051185948615
1981-07-14,4252.824998,-0.007933501781601793
1981-07-15,4287.253616,0.00809547019127077
1981-07-16,4300.21361,0.0030229128390335536
1981-07-17,4319.260488,0.0044292864790966835
1981-07-20,4202.215791,-0.02709831864162393
1981-07-21,4182.468807,-0.0046991837121482805
1981-07-22,4145.494807,-0.008840233294297062
1981-07-23,4151.980896,0.0015646115366125812
1981-07-24,4181.674699,0.007151719563210701
1981-07-27,4209.892916,0.006748066033626987
1981-07-28,4199.751222,-0.0024090147189862465
1981-07-29,4194.182885,-0.0013258730590589574
1981-07-30,4216.9656,0.005431979392572561
1981-07-31,4254.427888,0.008883707279945474
1981-08-03,4239.737905,-0.0034528691957464996
1981-08-04,4248.933616,0.0021689338364891952
1981-08-05,4284.3140220000005,0.008326890744249305
1981-08-06,4281.432922,-0.0006724763836651881
1981-08-07,4254.14791,-0.006372869199887998
1981-08-10,4207.039994,-0.011073408117584727
1981-08-11,4293.447888,0.020538881047775348
1981-08-12,4297.055194,0.0008401886069426823
1981-08-13,4315.165399,0.004214561876070055
1981-08-14,4298.235922,-0.003923251007695749
1981-08-17,4260.783796,-0.008713371410886461
1981-08-18,4228.135718,-0.007662458261939786
1981-08-19,4222.725202,-0.001279645773187288
1981-08-20,4250.848785,0.006660055214267935
1981-08-21,4214.588785,-0.008530061132249855
1981-08-24,4127.095718,-0.02075957381925231
1981-08-25,4100.940491,-0.006337441335786176
1981-08-26,4092.976191,-0.001942066708229162
1981-08-27,4057.960502,-0.00855506784451765
1981-08-28,4071.275791,0.0032812761468323792
1981-08-31,4028.7515869999997,-0.010444933279637914
1981-09-01,4012.641615,-0.003998750395031392
1981-09-02,4020.215415,0.001887484786004201
1981-09-03,3946.339588,-0.018376086695344518
1981-09-04,3919.824815,-0.006718827006329087
1981-09-08,3867.301321,-0.013399449332278435
1981-09-09,3878.58651,0.002918104399758148
1981-09-10,3923.801613,0.011657623952288754
1981-09-11,3959.987482,0.009222145401060144
1981-09-14,3934.996804,-0.006310797221858566
1981-09-15,3916.40371,-0.004725059492068584
1981-09-16,3896.068693,-0.005192267831857333
1981-09-17,3840.69519,-0.014212660854642789
1981-09-18,3839.386584,-0.00034072112866634363
1981-09-21,3857.627316,0.0047509495594988405
1981-09-22,3845.677316,-0.0030977590682325085
1981-09-23,3803.812518,-0.010886196256201908
1981-09-24,3771.415218,-0.008517060146022715
1981-09-25,3700.650507,-0.01876343677626857
1981-09-28,3756.437785,0.015074992327558379
1981-09-29,3796.947412,0.010784053754799405
1981-09-30,3796.725012,-5.857336851633477e-05
1981-10-01,3822.178018,0.006703937187853448
1981-10-02,3863.52179,0.010816809631915891
1981-10-05,3872.8329949999998,0.002410030409068842
1981-10-06,3874.703806,0.00048306007576770504
1981-10-07,3927.458816,0.013615236839086498
1981-10-08,3971.910299,0.01131812835793733
1981-10-09,3953.77879,-0.004564934158902134
1981-10-12,3959.15879,0.0013607235724990563
1981-10-13,3957.505284,-0.0004176407382741054
1981-10-14,3896.185001,-0.015494681270019961
1981-10-15,3923.469996,0.007003002935691338
1981-10-16,3931.873496,0.002141854024261036
1981-10-19,3922.946612,-0.002270389423535968
1981-10-20,3955.006601,0.008172425518596427
1981-10-21,3956.200001,0.00030174412343542123
1981-10-22,3952.804596,-0.0008582490771805729
1981-10-23,3907.569992,-0.011443673194919457
1981-10-26,3901.704998,-0.0015009312723783808
1981-10-27,3975.814581,0.01899415333501331
1981-10-28,3980.688498,0.0012258914244371866
1981-10-29,3951.694998,-0.007283539019586005
1981-10-30,4048.028496,0.0243777665150664
1981-11-02,4083.145012,0.008674967588469196
1981-11-03,4151.3373010000005,0.016700922646535776
1981-11-04,4147.548521,-0.0009126649378955465
1981-11-05,4117.784316,-0.0071763367804611455
1981-11-06,4096.36579,-0.005201468643410201
1981-11-09,4083.945818,-0.0030319489607884
1981-11-10,4109.668605,0.006298513287474661
1981-11-11,4111.64001,0.00047969926275848174
1981-11-12,4109.344605,-0.0005582699347260744
1981-11-13,4063.315916,-0.011200980551496098
1981-11-16,3987.31549,-0.018704040633595653
1981-11-17,4035.685885,0.012131067913063509
1981-11-18,4009.209812,-0.006560489035682182
1981-11-19,4026.995384,0.004436178906567889
1981-11-20,4062.790418,0.00888876956308926
1981-11-23,4057.580612,-0.0012823221146033292
1981-11-24,4124.479895,0.016487480939294308
1981-11-25,4139.555406,0.0036551301943006376
1981-11-26,27.95,-0.9932480671814445
1981-11-27,4150.198084,147.48651463327369
1981-11-30,4175.52361,0.006102245118765781
1981-12-01,4203.47859,0.006694963940103271
1981-12-02,4177.914021,-0.00608176500787172
1981-12-03,4182.137916,0.0010110057264867134
1981-12-04,4218.282893,0.008642703259908346
1981-12-07,4164.725199,-0.012696562880805118
1981-12-08,4187.185405,0.005392962302865234
1981-12-09,4138.314588,-0.011671519713849388
1981-12-10,4145.543621,0.0017468543887315668
1981-12-11,4120.395893,-0.006066207546969071
1981-12-14,4061.593599,-0.01427103014540354
1981-12-15,4070.36591,0.002159819978581723
1981-12-16,4053.254605,-0.004203873896929333
1981-12-17,4057.3849840000003,0.0010190277696606742
1981-12-18,4101.549618,0.01088499961777356
1981-12-21,4089.678612,-0.002894273410201542
1981-12-22,4073.05959,-0.0040636498797819165
1981-12-23,4059.764584,-0.0032641324552779016
1981-12-24,4073.545484,0.0033945071727341514
1981-12-28,4071.860507,-0.0004136389311518718
1981-12-29,4052.681196,-0.004710208261562099
1981-12-30,4066.965796,0.0035247282747281616
1981-12-31,4663.47459,0.1466717016864727
1982-01-04,4901.820796,0.05110914649585352
1982-01-05,4814.661185,-0.01778106842892424
1982-01-06,4778.131607,-0.007587154442727395
1982-01-07,4765.17159,-0.002712360827611726
1982-01-08,4793.645807,0.005975486183908751
1982-01-11,4692.831215,-0.021030880473643543
1982-01-12,4655.634309,-0.00792632513206637
1982-01-13,4605.452887,-0.010778643396237464
1982-01-14,4628.073593,0.0049117223767183305
1982-01-15,4665.919715,0.00817751084538565
1982-01-18,4698.541504,0.006991502424511742
1982-01-19,4646.400215,-0.011097334982698492
1982-01-20,4631.628404,-0.0031791947134282017
1982-01-21,4615.355804,-0.0035133647565394055
1982-01-22,4601.571587,-0.002986598993744538
1982-01-25,4593.059115,-0.0018499053723404213
1982-01-26,4594.179104,0.00024384380256337046
1982-01-27,4616.391987,0.004835005884002319
1982-01-28,4733.875592,0.02544922643719172
1982-01-29,4785.23179,0.010848658145302448
1982-02-01,4696.903909,-0.018458433128481833
1982-02-02,4711.708887,0.0031520717235946627
1982-02-03,4676.35892,-0.0075025787559867
1982-02-04,4670.511787,-0.0012503601840723189
1982-02-05,4714.974504,0.009519881123897012
1982-02-08,4630.562289,-0.01790300561082303
1982-02-09,4583.394804,-0.010186124720111933
1982-02-10,4604.846787,0.004680369882446023
1982-02-11,4592.535021,-0.0026736537760079226
1982-02-12,4591.507515,-0.00022373394983399297
1982-02-16,4584.747495,-0.0014722876915514993
1982-02-17,4585.004801,5.6122174728390206e-05
1982-02-18,4600.114801,0.003295525447804204
1982-02-19,4584.794801,-0.003330351667890863
1982-02-22,4529.877301,-0.011978180569394592
1982-02-23,4518.777495,-0.002450354670213706
1982-02-24,4566.14492,0.010482353922584453
1982-02-25,4570.903593,0.0010421642508884332
1982-02-26,4556.20672,-0.0032153102118598342
1982-03-01,4588.336698,0.007051914009731375
1982-03-02,4570.46862,-0.003894238626338975
1982-03-03,4520.852398,-0.010855828171072668
1982-03-04,4462.766204,-0.012848504858441578
1982-03-05,4429.786615,-0.007389943253231501
1982-03-08,4338.1931,-0.020676732980737356
1982-03-09,4351.899689,0.003159515651804279
1982-03-10,4350.507195,-0.00031997382741133507
1982-03-11,4351.241806,0.00016885640387953593
1982-03-12,4304.632601,-0.010711701872263113
1982-03-15,4307.172501,0.0005900387409158991
1982-03-16,4313.985117,0.0015816910045787225
1982-03-17,4311.787195,-0.0005094876176876539
1982-03-18,4373.591806,0.014333873218898674
1982-03-19,4400.273012,0.006100524965177545
1982-03-22,4478.559217,0.01779121540561368
1982-03-23,4507.828017,0.00653531606524238
1982-03-24,4473.497512,-0.007615753056800734
1982-03-25,4492.921806,0.004342082218196319
1982-03-26,4478.499706,-0.0032099601601659478
1982-03-29,4490.4492900000005,0.00266821140659923
1982-03-30,4485.222084,-0.0011640719363296137
1982-03-31,4538.960417,0.011981197807729327
1982-04-01,4582.377389,0.009565400005998814
1982-04-02,4645.610404,0.013799172270662519
1982-04-05,4641.129198,-0.0009646108068257497
1982-04-06,4660.172909,0.0041032494868289415
1982-04-07,4678.36892,0.003904578511423562
1982-04-08,4718.352387,0.008546454476702436
1982-04-12,4715.647392,-0.0005732922804690954
1982-04-13,4721.899913,0.0013259093567106195
1982-04-14,4725.566409,0.0007764874452136361
1982-04-15,4750.69522,0.005317629427901149
1982-04-16,4773.995198,0.004904540687415526
1982-04-19,4767.111414,-0.0014419335827743351
1982-04-20,4727.78992,-0.008248494860959354
1982-04-21,4748.246404,0.0043268597687606825
1982-04-22,4791.830524,0.00917899289373092
1982-04-23,4852.004024,0.01255751840525643
1982-04-26,4881.436492,0.0060660436088706415
1982-04-27,4833.064214,-0.00990943507700559
1982-04-28,4811.308898,-0.004501350496643686
1982-04-29,4775.733515,-0.007394117433363823
1982-04-30,4783.765998,0.0016819370207259432
1982-05-03,4793.175987,0.0019670671608800205
1982-05-04,4801.809924,0.0018012977248107465
1982-05-05,4806.304892,0.0009360986942723581
1982-05-06,4848.262192,0.008729637620334296
1982-05-07,4860.03719,0.002428704870670817
1982-05-10,4811.779924,-0.009929402618419014
1982-05-11,4845.151013,0.0069352899606967
1982-05-12,4833.494981,-0.0024057107753144846
1982-05-13,4820.040018,-0.002783692349509037
1982-05-14,4807.212698,-0.0026612476145627673
1982-05-17,4759.587715,-0.00990698477307117
1982-05-18,4739.241204,-0.004274847364589385
1982-05-19,4712.164989,-0.005713196234272133
1982-05-20,4697.649984,-0.003080326141780665
1982-05-21,4696.486189,-0.000247739828204141
1982-05-24,4688.269998,-0.001749433655153565
1982-05-25,4662.834998,-0.005425242149204257
1982-05-26,4624.739189,-0.00817009587865336
1982-05-27,4609.883798,-0.003212157571033103
1982-05-28,4583.676498,-0.005685023993743599
1982-06-01,4556.554984,-0.005916978218649005
1982-06-02,4631.641604,0.016478813547441185
1982-06-03,4623.458115,-0.001766865768053516
1982-06-04,4557.755398,-0.014210730445862407
1982-06-07,4550.797304,-0.0015266492807082255
1982-06-08,4520.841109,-0.006582625636538331
1982-06-09,4483.475121,-0.008265273452237043
1982-06-10,4516.3063,0.007322707969588782
1982-06-11,4596.986321,0.017864160586273714
1982-06-14,4546.3575,-0.01101348089045151
1982-06-15,4539.631306,-0.0014794687835261167
1982-06-16,4528.781315,-0.002390059956115742
1982-06-17,4478.923984,-0.011008995032474878
1982-06-18,4460.741289,-0.0040596123231727566
1982-06-21,4467.715504,0.0015634654753904353
1982-06-22,4519.100098,0.011501312909023564
1982-06-23,4594.520109,0.01668916584374358
1982-06-24,4585.780487,-0.0019021838609173392
1982-06-25,4553.62782,-0.007011383796313053
1982-06-28,4578.130498,0.005380913629432493
1982-06-29,4558.874015,-0.004206189187576093
1982-06-30,4570.788003,0.0026133619750838832
1982-07-01,4521.495092,-0.010784335429174674
1982-07-02,4489.270487,-0.007126979979922177
1982-07-06,4487.805503,-0.0003263300806316538
1982-07-07,4472.822509,-0.003338601458994672
1982-07-08,4492.509314,0.004401427724973983
1982-07-09,4519.431792,0.005992748399230141
1982-07-12,4543.3900140000005,0.005301158000085238
1982-07-13,4527.486107,-0.0035004494333513714
1982-07-14,4548.306114,0.004598579986321738
1982-07-15,4559.377487,0.002434174992294702
1982-07-16,4577.417593,0.003956703749895096
1982-07-19,4575.051398,-0.0005169279297608798
1982-07-20,4605.705087,0.006700184617248528
1982-07-21,4607.420318,0.0003724144224608317
1982-07-22,4622.10039,0.003186180332332089
1982-07-23,4607.625407,-0.003131689443897856
1982-07-26,4576.185487,-0.006823453996984363
1982-07-27,4540.60522,-0.0077750928368344185
1982-07-28,4488.124309,-0.011558131230796742
1982-07-29,4498.97452,0.002417537985354379
1982-07-30,4479.507989,-0.004326881806834493
1982-08-02,4544.582909,0.014527247224427331
1982-08-03,4516.187987,-0.006248080972132031
1982-08-04,4444.66072,-0.015837973796904437
1982-08-05,4402.880487,-0.009400094997577102
1982-08-06,4352.210698,-0.011508327139382657
1982-08-09,4323.135187,-0.00668063037788158
1982-08-10,4315.160804,-0.001844583307035963
1982-08-11,4289.62702,-0.005917226532167974
1982-08-12,4278.076987,-0.0026925494795114746
1982-08-13,4293.370814,0.0035749302891168178
1982-08-16,4313.690587,0.004732825064571733
1982-08-17,4473.695207,0.03709228021179811
1982-08-18,4493.435801,0.004412592518397762
1982-08-19,4495.610785,0.0004840358461370986
1982-08-20,4629.380699,0.029755670674680212
1982-08-23,4762.17071,0.028684184696385895
1982-08-24,4753.633899,-0.0017926301932170707
1982-08-25,4831.508921,0.01638220857024386
1982-08-26,4887.9239099999995,0.011676474145539517
1982-08-27,4854.398616,-0.006858800304033186
1982-08-30,4882.023799,0.005690752899637719
1982-08-31,4956.373588,0.015229296714045049
1982-09-01,4907.162204,-0.00992890933789714
1982-09-02,4988.34721,0.016544186359648494
1982-09-03,5084.792219,0.01933406095042045
1982-09-07,5033.8871930000005,-0.01001123031336193
1982-09-08,5064.261782,0.006034022582436238
1982-09-09,5056.811804,-0.0014710886444455618
1982-09-10,5017.051888,-0.007862644990772494
1982-09-13,5067.062015,0.009968030651549942
1982-09-14,5112.136921,0.008895668903708964
1982-09-15,5144.841904,0.006397517027693755
1982-09-16,5142.446704,-0.0004655536641733349
1982-09-17,5090.266788,-0.010146904577428617
1982-09-20,5088.826821,-0.00028288635153561614
1982-09-21,5172.736915,0.01648908421362072
1982-09-22,5153.80681,-0.0036595916844536225
1982-09-23,5153.107116,-0.00013576255878322563
1982-09-24,5129.392484,-0.004602006414026971
1982-09-27,5161.492295,0.0062580141995622895
1982-09-28,5142.372501,-0.0037043151296616283
1982-09-29,5076.747518,-0.012761615963689521
1982-09-30,5046.032285,-0.006050179350282181
1982-10-01,5076.867407,0.006110765896536474
1982-10-04,5068.197507,-0.0017077263014680932
1982-10-05,5073.602484,0.0010664495597370038
1982-10-06,5242.13251,0.033217033957916975
1982-10-07,5336.90111,0.01807825342438729
1982-10-08,5449.775193,0.02114974227056665
1982-10-11,5548.8839960000005,0.01818585161591635
1982-10-12,5528.723913,-0.0036331779533566033
1982-10-13,5607.765191,0.014296477676186026
1982-10-14,5535.470085,-0.012891963828305153
1982-10-15,5518.031097,-0.0031504077760723392
1982-10-18,5621.125891,0.018683257159614275
1982-10-19,5619.741196,-0.00024633766025716763
1982-10-20,5717.186111,0.017339751351781008
1982-10-21,5756.72771,0.006916269338148817
1982-10-22,5773.517594,0.0029165673357860467
1982-10-25,5588.217596,-0.03209481827726102
1982-10-26,5611.172802,0.004107786714753425
1982-10-27,5640.242811,0.005180736723994439
1982-10-28,5591.217722,-0.008692017461444657
1982-10-29,5593.147716,0.00034518312395626083
1982-11-01,5659.322816,0.011831459378534914
1982-11-02,5762.387521,0.018211490729706403
1982-11-03,5970.046819,0.03603702410558518
1982-11-04,5964.138703,-0.0009896264098294694
1982-11-05,5978.588882,0.0024228442227092195
1982-11-08,5924.248805,-0.00908911418271352
1982-11-09,6025.50881,0.01709246325281577
1982-11-10,5964.028194,-0.01020338994409331
1982-11-11,5981.832799,0.0029853321313790815
1982-11-12,5945.457111,-0.006081027207260115
1982-11-15,5845.112396,-0.01687754416970666
1982-11-16,5774.316618,-0.012111961790238324
1982-11-17,5863.036407,0.015364552183272595
1982-11-18,5893.911391,0.005266039958943036
1982-11-19,5856.181613,-0.006401483751115267
1982-11-22,5760.45531,-0.01634619780020119
1982-11-23,5717.850698,-0.007396049393185944
1982-11-24,5748.710691,0.005397131654870657
1982-11-26,5788.914313,0.006993502397492524
1982-11-29,5755.924313,-0.005698823339968073
1982-11-30,5931.292516,0.030467426856868762
1982-12-01,5972.753702,0.006990244687503644
1982-12-02,5979.088385,0.0010605967223926704
1982-12-03,5970.738707,-0.0013964801090659007
1982-12-06,6084.018202,0.018972442198348594
1982-12-07,6130.521885,0.007643580518005733
1982-12-08,6064.110918,-0.010832840701946123
1982-12-09,5960.791196,-0.017037901086755847
1982-12-10,5915.5965909999995,-0.007581980900510099
1982-12-13,5928.1118129999995,0.0021156314173012003
1982-12-14,5832.9256080000005,-0.016056749265636494
1982-12-15,5751.775115,-0.01391248550962143
1982-12-16,5761.220099,0.0016420989713885614
1982-12-17,5865.015187,0.018016164322209427
1982-12-20,5819.265193,-0.007800490287119155
1982-12-21,5899.825393,0.013843706606962325
1982-12-22,5960.480091,0.010280761541174632
1982-12-23,6023.010107,0.010490768368544012
1982-12-27,6099.7175,0.012735723772212992
1982-12-28,6046.477716,-0.0087282376601866
1982-12-29,6051.762716,0.000874062594494518
1982-12-30,6019.78411,-0.005284180411676331
1982-12-31,6062.179121,0.0070426131943128745
1983-01-03,5985.8836,-0.012585494337457703
1983-01-04,6054.994105,0.011545581173679986
1983-01-05,6061.5130850000005,0.0010766286286914006
1983-01-06,6188.126888,0.020888151394628185
1983-01-07,6206.882503,0.003030903428365539
1983-01-10,6275.546508,0.011062559177946962
1983-01-11,6257.506308,-0.002874681906508525
1983-01-12,6305.933919,0.007739123001456294
1983-01-13,6280.327691,-0.004060655935966495
1983-01-14,6350.511497,0.011175182164551156
1983-01-17,6356.2475,0.0009032348028517045
1983-01-18,6342.9065,-0.0020988798815654297
1983-01-19,6285.385202,-0.009068602540491466
1983-01-20,6298.0614080000005,0.0020167747230459554
1983-01-21,6215.443086,-0.013118055961641728
1983-01-24,6045.243108,-0.027383402220087616
1983-01-25,6127.030588,0.013529229269831466
1983-01-26,6112.359583,-0.0023944722960470566
1983-01-27,6213.888794,0.016610477446775018
1983-01-28,6217.835494,0.000635141717342913
1983-01-31,6253.730699,0.0057729422135142094
1983-02-01,6185.541288,-0.010903797154377504
1983-02-02,6177.325299,-0.0013282570784773906
1983-02-03,6223.194688,0.007425444958746974
1983-02-04,6316.279591,0.01495773596469574
1983-02-07,6341.032389,0.00391888890340919
1983-02-08,6299.076508,-0.0066165694205855274
1983-02-09,6270.386786,-0.004554591766517402
1983-02-10,6348.3335,0.012430925979563634
1983-02-11,6356.7489,0.0013256077362664431
1983-02-14,6424.1989,0.010610769917307916
1983-02-15,6418.436706,-0.0008969513692983488
1983-02-16,6346.285522,-0.011241239464518382
1983-02-17,6340.419617,-0.0009243052459058099
1983-02-18,6371.664106,0.004927826687720627
1983-02-22,6254.743617,-0.018350071041864813
1983-02-23,6312.466316,0.009228627508106602
1983-02-24,6420.930009,0.017182458894882346
1983-02-25,6416.075303,-0.0007560752092290457
1983-02-28,6376.245603,-0.006207798088245009
1983-03-01,6481.7403189999995,0.016544958047156166
1983-03-02,6530.589303,0.007536399422977347
1983-03-03,6572.007587,0.006342197017499496
1983-03-04,6576.045692,0.000614440100158653
1983-03-07,6562.614097,-0.0020425032959153766
1983-03-08,6480.05172,-0.012580714907149848
1983-03-09,6522.386383,0.00653307486255672
1983-03-10,6485.476391,-0.005658970479915482
1983-03-11,6464.252517,-0.0032725235156900734
1983-03-14,6441.067306,-0.0035866808945080875
1983-03-15,6464.6726,0.0036648109511308036
1983-03-16,6443.952817,-0.0032050784752810646
1983-03-17,6439.408606,-0.0007051899864959355
1983-03-18,6459.013,0.0030444401341038763
1983-03-21,6564.3330000000005,0.01630589689167694
1983-03-22,6572.842989,0.0012963981260547541
1983-03-23,6673.962411,0.01538442682553498
1983-03-24,6726.970711,0.00794255297462132
1983-03-25,6739.136211,0.0018084663249844368
1983-03-28,6716.311285,-0.0033869216002406777
1983-03-29,6724.356291,0.001197831020424589
1983-03-30,6781.496389,0.008497482216472951
1983-03-31,6751.747611,-0.004386757183599599
1983-04-04,6664.871811,-0.012867157513183902
1983-04-05,6673.317985,0.0012672672842799493
1983-04-06,7345.488185,0.1007250368573589
1983-04-07,7350.564491,0.000691078097486475
1983-04-08,7363.804486,0.0018012215274365584
1983-04-11,7435.095485,0.00968127265403873
1983-04-12,7468.450289,0.004486129877860012
1983-04-13,7510.075522,0.005573476610175376
1983-04-14,7589.658002,0.010596761612698957
1983-04-15,7640.002297,0.006633275832288232
1983-04-18,7686.762823,0.006120485856183855
1983-04-19,7652.117323,-0.004507163912529588
1983-04-20,7722.292089,0.009170633830858144
1983-04-21,7715.655022,-0.0008594685261198443
1983-04-22,7722.004117,0.000822884768940213
1983-04-25,7655.579122,-0.008602040868349925
1983-04-26,7758.274094,0.013414396267538153
1983-04-27,7746.284311,-0.0015454188463478458
1983-04-28,7798.969309,0.006801325110825651
1983-04-29,7851.039314,0.0066765239016790545
1983-05-02,7760.953194,-0.011474419678342174
1983-05-03,7757.377611,-0.00046071441363204624
1983-05-04,7824.302611,0.008627271141874004
1983-05-05,7900.564294,0.009746770644170288
1983-05-06,8002.93302,0.01295714105861312
1983-05-09,8012.7616,0.001228122236614615
1983-05-10,8023.495889,0.0013396491167290137
1983-05-11,7978.2696,-0.0056367311238987305
1983-05-12,7959.338895,-0.002372783316322069
1983-05-13,8005.808889,0.005838423845627716
1983-05-16,7926.568917,-0.009897809590343365
1983-05-17,7958.349122,0.0040093267759069295
1983-05-18,7975.959695,0.002212842479015764
1983-05-19,7925.479806,-0.0063290050263975495
1983-05-20,7946.415122,0.002641520325892488
1983-05-23,7997.2803,0.006401021997853862
1983-05-24,8071.463692,0.009276077518503456
1983-05-25,8106.868423,0.004386407763326883
1983-05-26,8102.576392,-0.0005294314371531161
1983-05-27,8026.239792,-0.009421274950936587
1983-05-31,7949.160123,-0.009603459527440017
1983-06-01,7940.9704090000005,-0.0010302615462862708
1983-06-02,7950.455014,0.0011943886592562514
1983-06-03,7986.810303,0.004572730609252229
1983-06-06,8009.330292,0.002819647411876014
1983-06-07,7943.616687,-0.008204631673841334
1983-06-08,7888.86262,-0.0068928385088881106
1983-06-09,7880.476794,-0.0010629955677945446
1983-06-10,8197.856183,0.04027413534694313
1983-06-13,8159.951809,-0.004623693457638689
1983-06-14,8197.171909,0.004561313702729164
1983-06-15,8248.835294,0.006302586498555307
1983-06-16,8325.776598,0.009327535495340156
1983-06-17,8305.28582,-0.0024611251285463487
1983-06-20,8257.702716,-0.00572925544421532
1983-06-21,8311.561416,0.006522237703670886
1983-06-22,8339.321494,0.0033399353756276007
1983-06-23,8333.136489,-0.0007416676529918842
1983-06-24,8352.706611,0.0023484701139639963
1983-06-27,8276.217022,-0.009157461474735284
1983-06-28,8122.499691,-0.018573380880586687
1983-06-29,8117.674519,-0.0005940501303245416
1983-06-30,8163.153202,0.005602427504768137
1983-07-01,8120.297619,-0.005249881012829749
1983-07-05,8030.366586,-0.011074844447767296
1983-07-06,8090.726214,0.007516422488760277
1983-07-07,8056.281414,-0.0042573186990801926
1983-07-08,8035.846414,-0.0025365300626774
1983-07-11,8034.967819,-0.00010933446892025245
1983-07-12,7946.513191,-0.011008709679064865
1983-07-13,7914.103919,-0.0040784267541020824
1983-07-14,7937.012319,0.002894629668054094
1983-07-15,7874.177713,-0.007916657235063629
1983-07-18,7839.987591,-0.004342056179853948
1983-07-19,7902.677802,0.007996213038903965
1983-07-20,8106.177506,0.025750727677205543
1983-07-21,8162.527517,0.006951489892528473
1983-07-22,8157.772491,-0.0005825433347816933
1983-07-25,8131.711313,-0.003194643884559367
1983-07-26,8169.6419,0.004664527002989027
1983-07-27,8047.831906,-0.014910077515147835
1983-07-28,7917.5483,-0.01618865894836452
1983-07-29,7817.468985,-0.012640190019428066
1983-08-01,7779.002908,-0.0049205282520222715
1983-08-02,7770.902908,-0.001041264554827448
1983-08-03,7821.812886,0.006551359424088243
1983-08-04,7736.549386,-0.010900733786742722
1983-08-05,7742.594088,0.0007813175743360823
1983-08-08,7640.969905,-0.013125340402062924
1983-08-09,7663.583805,0.0029595588362678615
1983-08-10,7714.285897,0.006615976714043237
1983-08-11,7719.505614,0.0006766299654554775
1983-08-12,7758.223617,0.005015606560319297
1983-08-15,7822.873302,0.008333052537740526
1983-08-16,7779.470808,-0.005548152491349101
1983-08-17,7834.640602,0.007091715537163035
1983-08-18,7785.140386,-0.006318122108544988
1983-08-19,7783.214914,-0.0002473265611834252
1983-08-22,7795.499891,0.001578393650405685
1983-08-23,7719.930517,-0.00969397409488082
1983-08-24,7660.760206,-0.007664617041526656
1983-08-25,7645.040583,-0.002051966459893695
1983-08-26,7638.965011,-0.0007947076191472391
1983-08-29,7662.910389,0.0031346364285631534
1983-08-30,7682.070617,0.0025003852358111978
1983-08-31,7757.232106,0.009784014329895951
1983-09-01,7835.061689,0.010033164141086015
1983-09-02,7921.087006,0.010979532824964888
1983-09-06,8049.484498,0.01620957980927895
1983-09-07,8090.548919,0.005101496997752308
1983-09-08,8178.15892,0.010828684416486878
1983-09-09,8012.8624,-0.020211947654350526
1983-09-12,7971.563089,-0.005154127069497583
1983-09-13,7898.271411,-0.009194141372491416
1983-09-14,7904.5718,0.0007976921369434731
1983-09-15,7881.3863,-0.0029331759628016263
1983-09-16,7953.066322,0.009094849468297195
1983-09-19,8038.449094,0.010735830501477306
1983-09-20,8103.189111,0.008053794487337562
1983-09-21,8032.079089,-0.008775559971008096
1983-09-22,8113.0092,0.010075860820498495
1983-09-23,8072.2242,-0.005027111272103646
1983-09-26,8133.2839,0.007564172957436055
1983-09-27,8086.5690890000005,-0.005743659212486096
1983-09-28,8090.103706,0.0004370972363059167
1983-09-29,8064.168906,-0.0032057438251088533
1983-09-30,8023.658889,-0.005023458396296587
1983-10-03,8005.499085,-0.0022632821573329576
1983-10-04,8030.988006,0.0031839265396653715
1983-10-05,8084.5382,0.00666794595633724
1983-10-06,8181.738617,0.012023001759086327
1983-10-07,8209.228306,0.0033598835512640424
1983-10-10,8266.103405,0.006928190675173473
1983-10-11,8245.812395,-0.002454724917634765
1983-10-12,8201.127497,-0.005419101946473659
1983-10-13,8183.971208,-0.002091942724494311
1983-10-14,8188.489897,0.0005521389170557445
1983-10-17,8204.499808,0.0019551725899871197
1983-10-18,8104.718591,-0.012161767241764876
1983-10-19,8046.904991,-0.007133326018771258
1983-10-20,8075.745497,0.003584049523668531
1983-10-21,8029.955313,-0.0056700875500608205
1983-10-24,8036.055497,0.0007596784492840403
1983-10-25,8085.911608,0.006204052600011556
1983-10-26,8010.8968190000005,-0.00927722100323014
1983-10-27,7986.670514,-0.003024168897362567
1983-10-28,7924.870482,-0.007737896773338693
1983-10-31,7920.895683,-0.000501560121269895
1983-11-01,7899.255483,-0.0027320395149811327
1983-11-02,7939.445099,0.005087772649776001
1983-11-03,7906.9450879999995,-0.0040934864584042385
1983-11-04,7872.83501,-0.004313938900596059
1983-11-07,7862.200294,-0.0013508114912216262
1983-11-08,7847.055119,-0.001926327800572336
1983-11-09,7918.890083,0.009154385041347135
1983-11-10,7899.380308,-0.002463700694859128
1983-11-11,7978.455308,0.010010278897436775
1983-11-14,8007.519402,0.0036428221852491394
1983-11-15,7984.019491,-0.0029347304477501668
1983-11-16,7989.044591,0.0006293947560704893
1983-11-17,7996.3058,0.0009088957906406847
1983-11-18,7932.210689,-0.008015590274198958
1983-11-21,8028.250698,0.012107596830878808
1983-11-22,8057.409414,0.003632013634958353
1983-11-23,8057.9591199999995,6.82236649218737e-05
1983-11-25,8075.544192,0.002182323307691414
1983-11-28,8061.70392,-0.0017138500726318062
1983-11-29,8119.653709,0.0071882804894676244
1983-11-30,8098.567486,-0.00259693624330648
1983-12-01,8103.492823,0.000608173854019789
1983-12-02,8040.267892,-0.007802182636671096
1983-12-05,8053.393112,0.0016324356571575382
1983-12-06,8037.518118,-0.0019712180666240364
1983-12-07,8059.678323,0.002757095495731665
1983-12-08,8034.527903,-0.0031205240447659266
1983-12-09,8022.083108,-0.0015489142797492361
1983-12-12,8039.883114,0.0022188757907841694
1983-12-13,8031.648319,-0.0010242431243385752
1983-12-14,7966.973614,-0.008052482184385812
1983-12-15,7911.24372,-0.006995114669649305
1983-12-16,7929.499092,0.0023075223878956663
1983-12-19,7944.969086,0.00195094214912106
1983-12-20,7934.604418,-0.0013045573730757765
1983-12-21,7970.929623,0.004578073850486364
1983-12-22,7905.799486,-0.008170958731346434
1983-12-23,7889.464503,-0.0020662025426937403
1983-12-27,7919.424486,0.003797467241104524
1983-12-28,7922.294603,0.0003624148453051923
1983-12-29,7949.725197,0.003462455686716437
1983-12-30,8017.264597,0.008495815682470154
1984-01-03,7978.899592,-0.004785298593532272
1984-01-04,8041.034592,0.007787414703438467
1984-01-05,8132.198897,0.011337385004001721
1984-01-06,8159.648812,0.00337546035797609
1984-01-09,8185.743523,0.003198018885521625
1984-01-10,8173.4735120000005,-0.0014989488695221764
1984-01-11,8162.437417,-0.0013502331638803877
1984-01-12,8173.317406,0.001332933833874117
1984-01-13,8152.407586,-0.0025583027015015913
1984-01-16,8136.727392,-0.0019233819990708279
1984-01-17,8148.492597,0.0014459382050291403
1984-01-18,8160.057297,0.001419244094822858
1984-01-19,8150.377403,-0.0011862531901042361
1984-01-20,8113.547398,-0.004518809765354459
1984-01-23,8046.997689,-0.008202294968586044
1984-01-24,8055.427914,0.0010476236387546578
1984-01-25,8014.371811,-0.005096700440785584
1984-01-26,7981.086811,-0.004153163939101923
1984-01-27,7955.936889,-0.0031511901318173052
1984-01-30,7884.127094,-0.009025938239817455
1984-01-31,7896.8585060000005,0.0016148156730868557
1984-02-01,7851.4334,-0.005752300863120063
1984-02-02,7863.668611,0.0015583410540043197
1984-02-03,7773.938422,-0.011410728686415128
1984-02-06,7682.853391,-0.011716716296881535
1984-02-07,7704.1297,0.0027693238328516667
1984-02-08,7577.704097,-0.016410108334494966
1984-02-09,7547.887991,-0.003934715003163558
1984-02-10,7565.0232080000005,0.0022702002229542106
1984-02-13,7479.958213,-0.011244512100114235
1984-02-14,7538.353208,0.007806861126377962
1984-02-15,7566.843219,0.003779341483994836
1984-02-16,7540.113219,-0.003532516695057497
1984-02-17,7510.133214,-0.003976068280308276
1984-02-21,7438.124482,-0.009588209682588
1984-02-22,7388.394499,-0.006685822900698302
1984-02-23,7379.334294,-0.0012262752078582295
1984-02-24,7514.849086,0.018364094456350122
1984-02-27,7567.7686189999995,0.007041995440545401
1984-02-28,7488.261519,-0.010506016238443827
1984-02-29,7503.1150880000005,0.001983580429491205
1984-03-01,7522.443619,0.002576067509735047
1984-03-02,7568.008586,0.006057202859575339
1984-03-05,7513.656302,-0.00718184756034046
1984-03-06,7460.831517,-0.007030503243266484
1984-03-07,7391.260183,-0.009324876703283858
1984-03-08,7402.399811,0.0015071351466724447
1984-03-09,7376.459811,-0.0035042689752387
1984-03-12,7411.640088,0.004769263020661718
1984-03-13,7453.70012,0.005674861636643547
1984-03-14,7462.74522,0.0012135046828258833
1984-03-15,7482.809994,0.0026886585845415922
1984-03-16,7568.154988,0.011405473888610462
1984-03-19,7504.263883,-0.008442097856255049
1984-03-20,7544.647488,0.005381421233265016
1984-03-21,7527.842298,-0.0022274321002709874
1984-03-22,7460.422309,-0.008956084138201481
1984-03-23,7451.262414,-0.001227798457059115
1984-03-26,7445.037387,-0.0008354325286280551
1984-03-27,7451.487614000001,0.0008663793967325084
1984-03-28,7549.637614,0.013171866489530615
1984-03-29,7550.372594,9.735301713509337e-05
1984-03-30,7543.382795,-0.0009257555058348466
1984-04-02,7497.757906,-0.006048332722852434
1984-04-03,7480.940521,-0.002242988532150547
1984-04-04,7478.0255210000005,-0.00038965688763559214
1984-04-05,7376.373021,-0.013593494661730765
1984-04-06,7367.268021,-0.001234346470017078
1984-04-09,7362.108016,-0.0007003959928282288
1984-04-10,7372.110732,0.0013586755285661667
1984-04-11,7328.391233,-0.005930390981544464
1984-04-12,7426.921399,0.01344499261397436
1984-04-13,7445.04631,0.002440433933021069
1984-04-16,7465.951327,0.0028079095991546676
1984-04-17,7485.382516,0.002602640728412986
1984-04-18,7466.0164270000005,-0.002587187623158127
1984-04-19,7465.94931,-8.989666799741336e-06
1984-04-23,7438.9819210000005,-0.0036120509101071896
1984-04-24,7475.12211,0.004858217076449289
1984-04-25,7513.471499,0.005130269236498064
1984-04-26,7571.756326,0.007757376468088939
1984-04-27,7566.35871,-0.0007128618206405646
1984-04-30,7573.152926,0.0008979505546069522
1984-05-01,7640.05011,0.008833465355008174
1984-05-02,7652.775004,0.0016655511177006144
1984-05-03,7659.538015,0.0008837331551581062
1984-05-04,7577.718895,-0.01068199150389626
1984-05-07,7589.265533,0.0015237617230190459
1984-05-08,7646.306427,0.007515996607573294
1984-05-09,7629.626329,-0.002181458218977639
1984-05-10,7642.922096,0.0017426498266976953
1984-05-11,7597.926329,-0.005887246583809791
1984-05-14,7577.167224,-0.002732206670755133
1984-05-15,7598.322198,0.002791937062309291
1984-05-16,7618.422218,0.0026453234643419865
1984-05-17,7554.737196,-0.008359345305059551
1984-05-18,7511.717129,-0.005694449175912886
1984-05-21,7473.922129,-0.005031472744638776
1984-05-22,7427.097531,-0.006265063669624316
1984-05-23,7393.747115,-0.004490370008041311
1984-05-24,7297.008315,-0.01308386647465154
1984-05-25,7280.853915,-0.0022138387819556904
1984-05-29,7233.268909,-0.0065356353190887395
1984-05-30,7204.768931,-0.003940124217494456
1984-05-31,7216.5338,0.0016329280109705913
1984-06-01,7309.080104,0.012824204329230593
1984-06-04,7303.05742,-0.0008240002728528983
1984-06-05,7281.732409,-0.0029200114107824637
1984-06-06,7330.252892,0.006663315853248086
1984-06-07,7338.411409,0.0011129925693156295
1984-06-08,7345.644609,0.0009856629176074883
1984-06-11,7232.81992,-0.015359399345533986
1984-06-12,7203.879926,-0.00400120483021793
1984-06-13,7203.281104,-8.312492797646343e-05
1984-06-14,7149.5339,-0.007461489177501779
1984-06-15,7103.378906,-0.006455664753194701
1984-06-18,7194.773232,0.012866317172353314
1984-06-19,7225.299709,0.004242868540210276
1984-06-20,7280.359509,0.007620417452222306
1984-06-21,7265.454698,-0.0020472630481468412
1984-06-22,7268.8197040000005,0.00046315146675235397
1984-06-25,7235.742298,-0.004550588313780524
1984-06-26,7187.267315,-0.006699379414521034
1984-06-27,7159.02952,-0.003928863886983436
1984-06-28,7191.602304,0.004549888208869923
1984-06-29,7210.013104000001,0.0025600414513688996
1984-07-02,7188.533104,-0.002979190147114119
1984-07-03,7195.70452,0.0009976188321383361
1984-07-05,7166.265606,-0.004091178830116893
1984-07-06,7128.565617,-0.005260757983688857
1984-07-09,7165.184388,0.005136905931351965
1984-07-10,7147.449004,-0.002475216692218285
1984-07-11,7090.159526,-0.008015374152083976
1984-07-12,7057.095132,-0.004663420319211631
1984-07-13,7091.898332,0.0049316608815694885
1984-07-16,7098.354132,0.0009103063379900522
1984-07-17,7137.659426,0.005537240502387464
1984-07-18,7105.32651,-0.004529904562582954
1984-07-19,7452.48409,0.04885877932722904
1984-07-20,7418.889126,-0.00450788805374025
1984-07-23,7380.673985,-0.005151059727536822
1984-07-24,7334.316902,-0.00628087395462984
1984-07-25,7352.709016,0.0025076792079961052
1984-07-26,7380.448205,0.0037726488209499642
1984-07-27,7430.308994,0.006755794176052987
1984-07-30,7402.224021,-0.0037797853390321157
1984-07-31,7418.514005,0.002200687787046851
1984-08-01,7546.268188,0.017220993707620647
1984-08-02,7720.838991,0.023133395030619397
1984-08-03,7927.843217,0.026811105145606584
1984-08-06,7968.005816,0.0050660183231017175
1984-08-07,7976.868306,0.0011122594793047114
1984-08-08,7940.395895,-0.004572271924380034
1984-08-09,8091.8847,0.019078243327312006
1984-08-10,8135.550427,0.005396236923642883
1984-08-13,8104.852621,-0.003773291835070136
1984-08-14,8064.370405,-0.004994812107392166
1984-08-15,8008.14641,-0.006971901360723676
1984-08-16,8047.729721,0.004942880533574057
1984-08-17,8045.80503,-0.00023915949798569702
1984-08-20,8059.5609,0.0017096946730263962
1984-08-21,8160.908298,0.01257480392014898
1984-08-22,8139.398813,-0.0026356729195538
1984-08-23,8148.080393,0.0010666119451150369
1984-08-24,8156.273898,0.0010055748844892687
1984-08-27,8114.613893,-0.0051077251108764266
1984-08-28,8142.251498,0.0034059051193848777
1984-08-29,8167.746498,0.0031311978027530607
1984-08-30,8149.40632,-0.0022454391801326468
1984-08-31,8148.3193200000005,-0.0001333839493721234
1984-09-04,8081.794111,-0.008164285957315665
1984-09-05,8059.858711,-0.002714174563064442
1984-09-06,8106.514389,0.005788647130541502
1984-09-07,8954.366489,0.1045889835402598
1984-09-10,8927.986506,-0.0029460468289306263
1984-09-11,8881.913985,-0.005160460420615243
1984-09-12,8861.993711,-0.0022427906905698736
1984-09-13,8972.662911,0.012488070247965943
1984-09-14,9031.431089,0.006549691945738179
1984-09-17,9036.8683,0.0006020320529958045
1984-09-18,8987.6611,-0.005445160686916362
1984-09-19,8946.198985,-0.004613226348732513
1984-09-20,8958.478286,0.001372571862149119
1984-09-21,8897.632688,-0.006791956854445558
1984-09-24,8858.032408000001,-0.004450653492743761
1984-09-25,8826.472914,-0.003562810853062426
1984-09-26,8826.520086,5.344377132399103e-06
1984-09-27,8854.630091,0.0031847211274789178
1984-09-28,8837.887897,-0.0018907841240051182
1984-10-01,8766.680514,-0.008057058861786648
1984-10-02,8725.297908,-0.004720441897467675
1984-10-03,8711.073299,-0.0016302720147765015
1984-10-04,8723.112699,0.0013820799787531701
1984-10-05,8753.017921,0.003428274175963475
1984-10-08,8721.752405,-0.0035719698373962716
1984-10-09,8704.384483,-0.0019913339881149072
1984-10-10,8712.940099,0.000982908787716008
1984-10-11,8738.912419,0.0029808904577435236
1984-10-12,8797.177419,0.00666730563328688
1984-10-15,8860.987882,0.007253515526716825
1984-10-16,8823.465108,-0.004234603917721458
1984-10-17,8820.150688,-0.00037563700421905377
1984-10-18,8940.570119,0.013652763457185912
1984-10-19,9004.762702,0.007179920535893114
1984-10-22,8980.287886,-0.002717985671578438
1984-10-23,8971.947919,-0.0009286970647123249
1984-10-24,9006.765714,0.0038807397584492698
1984-10-25,8953.455708,-0.005918884502250976
1984-10-26,8923.312903,-0.003366611282062504
1984-10-29,8929.077708,0.0006460386476039304
1984-10-30,9009.595686,0.00901750221390274
1984-10-31,8988.987708,-0.00228733660401903
1984-11-01,9095.192719,0.011815013486499604
1984-11-02,9107.350497,0.0013367257160588064
1984-11-05,9154.140686,0.005137629106886088
1984-11-06,9232.615686000001,0.008572623328808593
1984-11-07,9189.100713,-0.004713179285257718
1984-11-08,9195.195506,0.0006632632713861053
1984-11-09,9163.590513,-0.003437120285194384
1984-11-12,9149.892708,-0.0014948076281418032
1984-11-13,9090.871119,-0.006450522523438473
1984-11-14,9082.044019,-0.0009709850557170219
1984-11-15,9077.796108,-0.00046772631701774703
1984-11-16,9011.601088,-0.007291970343073162
1984-11-19,8950.146483,-0.006819499043497768
1984-11-20,8976.526488,0.0029474383519985103
1984-11-21,8987.263697,0.0011961429640245935
1984-11-23,9096.406491,0.012144162859762497
1984-11-26,9052.369419,-0.004841150408523398
1984-11-27,9079.528723,0.003000242560030175
1984-11-28,9030.271502,-0.005425085651772132
1984-11-29,8967.892203,-0.006907798839291268
1984-11-30,8924.096514,-0.004883610106881986
1984-12-03,8899.016519,-0.002810367969536709
1984-12-04,8908.389386,0.0010532475111140194
1984-12-05,8864.484394000001,-0.0049284994287518424
1984-12-06,8890.742219,0.0029621378788564634
1984-12-07,8877.478016000001,-0.0014919117744357502
1984-12-10,8873.453016,-0.0004533945330810196
1984-12-11,8885.868919,0.0013992188810392214
1984-12-12,8876.777610000001,-0.0010231198640079375
1984-12-13,8853.507614,-0.002621446320090981
1984-12-14,8889.117614,0.004022134678428602
1984-12-17,9128.087591,0.026883430659487617
1984-12-18,9502.631286,0.04103200054404477
1984-12-19,9504.9471,0.0002437023946630923
1984-12-20,9464.142095,-0.004293028101124308
1984-12-21,9421.839895,-0.004469734242721124
1984-12-24,9478.424922,0.006005730051731106
1984-12-26,9479.4649,0.0001097205504667631
1984-12-27,9446.6171,-0.003465153397002596
1984-12-28,9470.006322,0.002475936279877411
1984-12-31,9526.6013,0.005976234447544471
1985-01-02,9461.041311,-0.006881781543644494
1985-01-03,9441.876308,-0.0020256758606177483
1985-01-04,9407.636291,-0.0036263996564950274
1985-01-07,9434.6204,0.0028683197527326065
1985-01-08,9439.637589,0.0005317849354067317
1985-01-09,9492.928917,0.005645484532382783
1985-01-10,9628.813706,0.014314316496846224
1985-01-11,9648.297917,0.0020235318280026338
1985-01-14,9767.789,0.012384680078074917
1985-01-15,9802.706111,0.0035747200313192007
1985-01-16,9843.573995,0.004169041031857779
1985-01-17,9824.846117,-0.0019025486078038112
1985-01-18,9847.608985,0.002316867636289466
1985-01-21,9995.818994,0.01505035478416672
1985-01-22,10029.843988999999,0.0034039226821156454
1985-01-23,10125.307917,0.009517987329084932
1985-01-24,10133.223722,0.0007817841259631919
1985-01-25,10151.74152,0.0018274340435013858
1985-01-28,10148.636514,-0.00030585944233141316
1985-01-29,10218.593683,0.006893257917306883
1985-01-30,10294.716117,0.007449404131474546
1985-01-31,10296.963322,0.00021828722370398346
1985-02-01,10268.978311,-0.0027177926272892172
1985-02-04,10352.7579,0.00815851260589917
1985-02-05,10380.981089,0.002726151743585259
1985-02-06,10386.162706,0.0004991452113798367
1985-02-07,10469.675091000001,0.008040735290210543
1985-02-08,10491.819506,0.0021151004981077026
1985-02-11,10450.1245,-0.00397404911284982
1985-02-12,10445.384522,-0.000453581007575532
1985-02-13,10519.317406,0.007078043306522952
1985-02-14,10522.903623,0.0003409172726316356
1985-02-15,10485.020111,-0.0036001006335549812
1985-02-19,10475.350108,-0.0009222684265387526
1985-02-20,10477.777923,0.00023176456872264772
1985-02-21,10427.532897,-0.004795389477544321
1985-02-22,10407.962397,-0.001876810190225342
1985-02-25,10384.777897,-0.002227573382344472
1985-02-26,10455.062402,0.006768031603285873
1985-02-27,10444.542386000001,-0.0010062126456544807
1985-02-28,10455.325108000001,0.0010323785955863585
1985-03-01,10543.460713,0.008429733565392672
1985-03-04,10491.392697,-0.004938417984125643
1985-03-05,10475.965508,-0.001470461495966302
1985-03-06,10411.698988,-0.0061346631917528205
1985-03-07,10364.287899,-0.004553636160115948
1985-03-08,10336.963688,-0.002636380932899196
1985-03-11,10292.046514,-0.004345296680508204
1985-03-12,10319.163908,0.002634791240314849
1985-03-13,10258.459899,-0.0058826480072614595
1985-03-14,10251.180414,-0.0007096079793330601
1985-03-15,10207.431288,-0.004267715934474503
1985-03-18,10212.940399,0.0005397157075626158
1985-03-19,10469.760414,0.02514653028085312
1985-03-20,10471.179899,0.00013557951126585976
1985-03-21,10522.402114,0.004891732879586108
1985-03-22,10548.767119,0.0025056070576243705
1985-03-25,10584.764899,0.0034125106369218283
1985-03-26,10547.115794,-0.003556914618250695
1985-03-27,10663.238999,0.011009948811414372
1985-03-28,10684.963594,0.0020373354664600107
1985-03-29,10731.674908,0.004371686771701411
1985-04-01,10742.129999,0.0009742273307409288
1985-04-02,10717.189910000001,-0.002321707985503907
1985-04-03,10646.880405,-0.006560442204574191
1985-04-04,10613.023899,-0.0031799461168080523
1985-04-08,10619.011505,0.0005641753054532739
1985-04-09,10582.002188,-0.0034851941710933865
1985-04-10,10636.38721,0.00513938865573782
1985-04-11,10655.707999,0.0018164804099867204
1985-04-12,10639.682988,-0.0015038898402155443
1985-04-15,10646.668903,0.0006565905213415935
1985-04-16,10670.553914,0.0022434257341532593
1985-04-17,10729.053914,0.005482377060411769
1985-04-18,10675.680014,-0.004974707036410231
1985-04-19,10693.423919,0.0016620866283676428
1985-04-22,10691.149914,-0.0002126545264852231
1985-04-23,10761.627603,0.006592152347214775
1985-04-24,10791.402594,0.0027667739582160067
1985-04-25,10832.370399,0.003796337375345349
1985-04-26,10796.870388,-0.003277215391681687
1985-04-29,10717.305405,-0.007369263512548185
1985-04-30,10662.295388,-0.005132821630177142
1985-05-01,10603.016282999999,-0.005559694497557999
1985-05-02,10597.135416000001,-0.0005546409477298342
1985-05-03,10645.616283,0.004574903037173561
1985-05-06,10614.849994,-0.0028900430169674918
1985-05-07,10686.946319,0.006792024855815537
1985-05-08,10706.664914,0.001845110325382926
1985-05-09,10773.785797,0.006269074780908879
1985-05-10,10920.592114,0.013626251697047564
1985-05-13,10913.239882,-0.0006732448133992541
1985-05-14,10898.350819,-0.0013643118964660195
1985-05-15,10879.735814,-0.0017080570546093021
1985-05-16,10939.525814,0.005495537853323906
1985-05-17,11054.918614,0.010548245139869294
1985-05-20,11159.241419,0.009436777297291421
1985-05-21,11127.072286,-0.002882734748011373
1985-05-22,11103.233208,-0.002142439393513662
1985-05-23,11093.313986,-0.0008933633847169054
1985-05-24,11105.548986,0.0011029165870037883
1985-05-28,11086.228191,-0.0017397424498649672
1985-05-29,11060.144008,-0.0023528455801745674
1985-05-30,11090.322286,0.0027285610366531987
1985-05-31,11153.425819,0.005689963859721203
1985-06-03,11133.023608,-0.0018292326798143854
1985-06-04,11175.920802999999,0.0038531486602770837
1985-06-05,11212.610799,0.0032829506084324223
1985-06-06,11258.260788,0.00407130772826525
1985-06-07,11230.437194,-0.002471393630324892
1985-06-10,11140.541514,-0.008004646519730096
1985-06-11,11155.032988,0.0013007872177299706
1985-06-12,11137.928008,-0.0015333867697567838
1985-06-13,11028.514894,-0.009823471108936332
1985-06-14,11074.785408,0.004195534434574988
1985-06-17,11060.99541,-0.0012451706730172152
1985-06-18,11071.792116,0.0009761061821109696
1985-06-19,11093.230799,0.0019363335921940283
1985-06-20,11082.390816,-0.0009771709609592838
1985-06-21,11192.989916,0.009979714831958919
1985-06-24,11268.681387999999,0.006762399731264024
1985-06-25,11265.421388,-0.0002892973798576115
1985-06-26,11278.365783,0.0011490377993128575
1985-06-27,11529.41131,0.02225903396203055
1985-06-28,11568.99131,0.0034329593190651764
1985-07-01,12711.204899,0.09873061171830044
1985-07-02,12702.369899,-0.0006950560603972145
1985-07-03,12693.482116,-0.0006996948656564639
1985-07-05,12722.612094,0.0022948768299979605
1985-07-08,12718.157099,-0.0003501635487339616
1985-07-09,12688.214899,-0.0023542876351443365
1985-07-10,12742.45131,0.004274550157900903
1985-07-11,12885.675405,0.01123991699207827
1985-07-12,12898.257588,0.0009764473032680687
1985-07-15,12923.363919,0.0019464901230812348
1985-07-16,12999.727988,0.00590899315987925
1985-07-17,13080.347988,0.006201668225244372
1985-07-18,12995.594897,-0.00647942173080962
1985-07-19,13058.089908,0.0048089380667311055
1985-07-22,13052.807614,-0.0004045227163556042
1985-07-23,12985.515391,-0.005155383040183925
1985-07-24,12786.587591,-0.015319207132731494
1985-07-25,12776.090408,-0.0008209526525582156
1985-07-26,12713.935386,-0.004864948510467704
1985-07-29,12553.980397,-0.012581076129750901
1985-07-30,12587.661286,0.0026828852630715883
1985-07-31,12668.890397000001,0.006453074098072831
1985-08-01,12716.517602,0.00375938251161112
1985-08-02,12682.087591,-0.0027075031134770056
1985-08-05,12592.184886000001,-0.007088951590572434
1985-08-06,12483.265388,-0.008649769598054302
1985-08-07,12492.587614,0.0007467778429961491
1985-08-08,12571.744908,0.0063363409123735615
1985-08-09,12524.92991,-0.003723826592298196
1985-08-12,12456.168894,-0.00548993219875038
1985-08-13,12349.22391,-0.008585704393548665
1985-08-14,12413.762994,0.005226165180124198
1985-08-15,12408.482194,-0.0004253988095754835
1985-08-16,12372.061483,-0.0029351463322090376
1985-08-19,12367.222188,-0.0003911470215897106
1985-08-20,12406.969416,0.003213917191410065
1985-08-21,12443.087216,0.002911089629464403
1985-08-22,12373.22301,-0.00561470033820588
1985-08-23,12289.11761,-0.0067973720292624495
1985-08-26,12360.917621,0.005842568464116127
1985-08-27,12402.309916,0.003348642574049432
1985-08-28,12407.257594,0.0003989319758586074
1985-08-29,12450.309899,0.003469929166362906
1985-08-30,12476.002588,0.0020636184326674467
1985-09-03,12430.194905,-0.0036716634736881915
1985-09-04,12410.360421,-0.001595669589382065
1985-09-05,12414.635420999999,0.0003444702534800559
1985-09-06,12456.21261,0.00334904631429378
1985-09-09,12458.410416,0.000176442556723444
1985-09-10,12379.385416000001,-0.006343104566414848
1985-09-11,12281.841316,-0.007879559180209994
1985-09-12,12186.182105,-0.007788670162623079
1985-09-13,12159.62081,-0.0021796240012778023
1985-09-16,12150.33081,-0.0007640040873939657
1985-09-17,12074.04081,-0.006278841390656709
1985-09-18,12011.982105,-0.005139845555980127
1985-09-19,12114.54761,0.008538599550302894
1985-09-20,12086.414894,-0.002322225881284945
1985-09-23,12172.014916,0.00708233357457333
1985-09-24,12167.481294,-0.00037246273778723804
1985-09-25,12078.725405,-0.007294516166116205
1985-09-26,12065.006311000001,-0.0011358064315560856
1985-09-27,2712.65108,-0.7751637247361569
1985-09-30,12142.860407,3.4763812406717634
1985-10-01,12251.421285,0.008940305196740717
1985-10-02,12205.696285,-0.003732220036869016
1985-10-03,12258.381318,0.004316429949575706
1985-10-04,12172.035418,-0.007043825588392449
1985-10-07,12112.836291,-0.004863535552357634
1985-10-08,12114.875418,0.0001683443044231403
1985-10-09,12150.886318,0.002972453183174961
1985-10-10,12170.531313,0.0016167540775109401
1985-10-11,12250.226302,0.006548193086268306
1985-10-14,12351.516285,0.008268417293112673
1985-10-15,12366.184917999999,0.0011875977541164762
1985-10-16,12487.152096,0.009782093572280548
1985-10-17,12613.699891,0.010134239899307174
1985-10-18,12622.63709,0.0007085311270467187
1985-10-21,12689.884885,0.005327555131350081
1985-10-22,12747.93579,0.004574580898572211
1985-10-23,12835.425807,0.006863073241130557
1985-10-24,12921.165796,0.0066799489389155475
1985-10-25,12894.824885,-0.0020385862557504852
1985-10-28,12939.534891,0.0034672829137840644
1985-10-29,12917.255802,-0.0017217843753793982
1985-10-30,13011.632091,0.007306218166352796
1985-10-31,13013.979897000001,0.00018043900900233112
1985-11-01,13053.732107,0.0030545774862587027
1985-11-04,12963.057107,-0.006946289326052235
1985-11-05,13044.551307,0.006286649771525932
1985-11-06,13129.444902,0.0065079735593851495
1985-11-07,13155.132096,0.0019564569707046786
1985-11-08,13214.295791,0.004497385094140549
1985-11-11,13479.779885,0.020090672874207627
1985-11-12,13578.814911,0.007346931985900085
1985-11-13,13523.83709,-0.004048793754119262
1985-11-14,13621.451288,0.007217936547917914
1985-11-15,13567.87711,-0.003933074153941063
1985-11-18,13573.141322,0.0003879908372783625
1985-11-19,13635.991322,0.004630468254104958
1985-11-20,13614.992116,-0.0015399838195937487
1985-11-21,13760.990388,0.010723346055296457
1985-11-22,13784.542199,0.0017114909854554217
1985-11-25,13702.359405,-0.005961953093078565
1985-11-26,13719.877211,0.001278451796674407
1985-11-27,13840.640416,0.008802061646963955
1985-11-29,13857.420405,0.0012123708510338727
1985-12-02,13761.808922,-0.00689965954742211
1985-12-03,13823.772994,0.00450261098313498
1985-12-04,13992.199905,0.012183859722892043
1985-12-05,13982.858883,-0.000667587803448999
1985-12-06,13937.137599,-0.0032698094418722734
1985-12-09,13972.194914,0.0025153884541195826
1985-12-10,14021.957999,0.0035615796448802417
1985-12-11,14092.071503000001,0.005000264870640869
1985-12-12,14097.221103,0.0003654253385603212
1985-12-13,14255.521114,0.011229164233390154
1985-12-16,14320.931102,0.004588396837753139
1985-12-17,14292.845486,-0.0019611585168562984
1985-12-18,14232.555486,-0.004218194344789872
1985-12-19,14212.482702,-0.001410342929612618
1985-12-20,14148.130088,-0.004527893918980341
1985-12-23,14077.290499,-0.005006993048507713
1985-12-24,13995.745514,-0.005792661947680466
1985-12-26,14003.337688,0.00054246299294336
1985-12-27,14094.620497,0.006518646556543661
1985-12-30,14122.847697,0.0020026931555914285
1985-12-31,14172.105514,0.0034878105362889933
1986-01-02,14127.560519,-0.003143145875960096
1986-01-03,14188.771118999999,0.0043327083906437025
1986-01-06,14116.969014,-0.005060487930758861
1986-01-07,14320.649003,0.01442802550590061
1986-01-08,14141.622883,-0.01250125744737518
1986-01-09,13981.316508,-0.011335783475933892
1986-01-10,13928.72651,-0.003761448213400187
1986-01-13,13922.882214000001,-0.0004195858103612782
1986-01-14,13954.739408,0.0022881177553857324
1986-01-15,14044.039382,0.0063992577280811425
1986-01-16,14073.783002,0.0021178821271408133
1986-01-17,14078.977191,0.00036906843023376545
1986-01-20,14022.294413,-0.004026057946612371
1986-01-21,13924.954408,-0.00694180296983038
1986-01-22,13808.998008,-0.008327237318161762
1986-01-23,13822.607988,0.000985587802396326
1986-01-24,13859.713888,0.0026844355299819878
1986-01-27,13920.823019,0.004409119228132807
1986-01-28,13995.992213,0.005399766515054694
1986-01-29,14048.538019,0.0037543466158258543
1986-01-30,13982.138903000001,-0.004726407538648947
1986-01-31,14121.214886,0.00994668869797577
1986-02-03,14241.527985,0.008520024655901404
1986-02-04,14251.353011,0.000689885664680645
1986-02-05,14356.057195,0.007346964454475469
1986-02-06,14470.427195,0.00796667207761148
1986-02-07,14582.863017,0.00777004165010764
1986-02-10,14600.848017,0.0012332969170070207
1986-02-11,14611.603017,0.0007366010513552013
1986-02-12,14686.454917000001,0.005122771260135828
1986-02-13,14698.723017,0.0008353343314866368
1986-02-14,14795.889394,0.0066105318732532226
1986-02-18,14905.878009,0.007433727846370752
1986-02-19,14811.468,-0.006333743570354988
1986-02-20,15035.152214,0.015102096159543388
1986-02-21,15166.395709,0.008729109830879711
1986-02-24,15288.192419,0.008030695778808106
1986-02-25,15237.249714,-0.003332160114408955
1986-02-26,15325.604709000001,0.005798618297816693
1986-02-27,15461.166186,0.00884542434533686
1986-02-28,15591.934009,0.00845782403648232
1986-03-03,15475.941902999999,-0.007439237873444582
1986-03-04,15551.101209,0.004856525468438955
1986-03-05,15668.184483000001,0.007528937817743664
1986-03-06,15598.743383,-0.004431981259561013
1986-03-07,15666.769498,0.004360999686303879
1986-03-10,15706.57452,0.002540729408515352
1986-03-11,16008.898023,0.01924821370917229
1986-03-12,16199.605117,0.011912568480729302
1986-03-13,16302.868701,0.006374450689025313
1986-03-14,16449.171492,0.0089740519710515
1986-03-17,16214.090095,-0.014291382220334437
1986-03-18,16318.837906,0.0064602953595467305
1986-03-19,16241.020095,-0.004768587778630318
1986-03-20,16198.013717,-0.0026480096538541442
1986-03-21,16163.028706000001,-0.0021598333975529904
1986-03-24,16230.227889,0.0041575860701807965
1986-03-25,16147.154417,-0.005118441501138937
1986-03-26,16353.84331,0.012800329250731268
1986-03-27,16475.095215,0.007414275818935945
1986-03-31,16498.020995,0.001391541578413813
1986-04-01,16206.730517,-0.01765608602924429
1986-04-02,16268.848723,0.0038328647431287166
1986-04-03,16003.1201,-0.01633358497115578
1986-04-04,15748.528686,-0.015908861047665313
1986-04-07,15591.504392,-0.009970727877556484
1986-04-08,15791.604323,0.012833907875026584
1986-04-09,15991.283317,0.01264463001451821
1986-04-10,16092.140486,0.006307009074923986
1986-04-11,15923.96282,-0.010450919574453876
1986-04-14,15958.140492,0.002146304433534141
1986-04-15,15972.758308,0.0009160099829506052
1986-04-16,16197.822806,0.014090521728315153
1986-04-17,16325.770195000001,0.007899048565502609
1986-04-18,16287.688686,-0.0023326010684423526
1986-04-21,16431.220786,0.00881230620053386
1986-04-22,16352.588703,-0.004785528964895924
1986-04-23,16280.820195,-0.004388816309361054
1986-04-24,16276.262292,-0.0002799553674451838
1986-04-25,16298.302323,0.0013541211492293925
1986-04-28,16286.00609,-0.0007544487000125111
1986-04-29,16196.596092,-0.005489989227923764
1986-04-30,15915.961098,-0.017326788444061658
1986-05-01,15814.008887,-0.006405658469020192
1986-05-02,15774.914298,-0.0024721491735177903
1986-05-05,15948.943887,0.011032046559014574
1986-05-06,15914.162598,-0.0021807894771231906
1986-05-07,15893.149303,-0.0013204147482218653
1986-05-08,15975.02441,0.0051515974234599415
1986-05-09,16028.7343,0.0033621163023938028
1986-05-12,16012.145598000001,-0.0010349352412685198
1986-05-13,15955.072009,-0.003564393581777736
1986-05-14,16002.640097,0.002981377205516056
1986-05-15,15827.955292,-0.01091599910646912
1986-05-16,15661.435109,-0.010520637689958923
1986-05-19,15694.99512,0.0021428439198853955
1986-05-20,15793.485103,0.006275247761912128
1986-05-21,15793.267014000001,-1.380879511880817e-05
1986-05-22,16114.160609,0.020318379643397444
1986-05-23,16209.579303,0.005921418826290381
1986-05-27,16252.364012,0.0026394706611589935
1986-05-28,16366.9376,0.007049656770879764
1986-05-29,16258.793895,-0.00660744897078358
1986-05-30,16295.117609,0.0022340964670921615
1986-06-02,15965.482404,-0.020229077991921862
1986-06-03,15949.742404,-0.0009858768812432972
1986-06-04,15874.971098,-0.004687931886677266
1986-06-05,15906.800887,0.00200502972909411
1986-06-06,15748.02092,-0.009981891904472295
1986-06-09,15396.851084,-0.022299299561763686
1986-06-10,15383.441106,-0.0008709558809680829
1986-06-11,15482.614398,0.006446756048704705
1986-06-12,15538.545898,0.0036125358781282646
1986-06-13,15796.810718,0.016620913031073492
1986-06-16,15708.940918,-0.005562502556283433
1986-06-17,15688.465709,-0.0013034111660920056
1986-06-18,15615.580909,-0.004645757039083098
1986-06-19,15587.18242,-0.0018185995875205085
1986-06-20,15725.349292,0.008864133893930592
1986-06-23,15499.174293,-0.014382828311169105
1986-06-24,15577.510609,0.0050542251167136065
1986-06-25,15685.314309,0.006920470330972872
1986-06-26,15680.696115,-0.0002944278902557995
1986-06-27,15779.176115,0.006280333428934526
1986-06-30,15847.41112,0.004324370582006187
1986-07-01,15846.436115,-6.152456023367225e-05
1986-07-02,15931.784309,0.005385955137206633
1986-07-03,15884.49402,-0.002968298345169429
1986-07-07,15476.402087,-0.025691213864676765
1986-07-08,15147.655298,-0.02124180976637613
1986-07-09,15673.322395000001,0.03470286896939134
1986-07-10,15678.024295,0.0002999938291001758
1986-07-11,15616.12261,-0.003948309036601039
1986-07-14,15373.658992,-0.01552649297494213
1986-07-15,15096.238814,-0.018045162712686746
1986-07-16,15096.054303,-1.2222315920684679e-05
1986-07-17,15174.722024,0.005211144542873525
1986-07-18,15200.942213,0.0017278859512899203
1986-07-21,15237.417197,0.0023995212592022863
1986-07-22,15334.997124,0.006403967663181742
1986-07-23,15400.019406,0.004240123521003891
1986-07-24,15390.167234,-0.0006397506224025129
1986-07-25,15495.952234,0.006873544542537413
1986-07-28,15279.547097,-0.013965268718703183
1986-07-29,15190.564108,-0.005823666659430682
1986-07-30,15237.539428,0.003092401287142499
1986-07-31,15189.647208,-0.0031430415800595135
1986-08-01,15183.967297,-0.00037393304282995476
1986-08-04,15109.032514,-0.004935125421062003
1986-08-05,15132.15251,0.0015302102221685931
1986-08-06,15098.605231,-0.0022169535350526903
1986-08-07,15118.040225,0.0012872045929182008
1986-08-08,15191.840402,0.0048815968142457145
1986-08-11,15393.570202,0.013278825649948534
1986-08-12,15576.338919,0.011873055737015026
1986-08-13,15745.172502,0.010839105638235536
1986-08-14,15885.677207,0.008923668824978082
1986-08-15,15846.834422,-0.002445145050718023
1986-08-18,15843.0457,-0.00023908383839355007
1986-08-19,15769.483927000001,-0.004643158543688353
1986-08-20,15883.471227,0.007228346883618286
1986-08-21,15914.277527,0.0019395193632254504
1986-08-22,15934.44622,0.0012673332462489473
1986-08-25,15837.723815,-0.0060700198591526755
1986-08-26,15953.523808,0.007311656293079505
1986-08-27,15979.870225,0.0016514481262621672
1986-08-28,15951.185493,-0.0017950541272309106
1986-08-29,15926.538216,-0.0015451689788709144
1986-09-02,15782.705407,-0.009031015218078253
1986-09-03,15772.310094,-0.0006586521595587369
1986-09-04,15910.530314,0.00876347340219863
1986-09-05,15820.990409,-0.005627713422048042
1986-09-08,15642.125298,-0.011305557134921762
1986-09-09,15617.088124,-0.0016006248206694718
1986-09-10,15550.829394,-0.004242707057417139
1986-09-11,14869.493823,-0.04381345545870885
1986-09-12,14581.888794,-0.019341951543443647
1986-09-15,14588.431116,0.000448660807418344
1986-09-16,14477.821098,-0.007582036554889537
1986-09-17,14589.246101,0.007696254998992513
1986-09-18,14585.331135,-0.00026834601136327407
1986-09-19,14605.569824,0.001387605726100638
1986-09-22,14736.77982,0.00898355884646107
1986-09-23,14740.079634,0.00022391689638467938
1986-09-24,14808.779834,0.004660775362538283
1986-09-25,14643.179612,-0.01118257033032477
1986-09-26,14600.889409,-0.002888047822984019
1986-09-29,14481.530731,-0.008174753924677036
1986-09-30,14571.883127000001,0.006239146791753525
1986-10-01,14615.583211,0.0029989318209000526
1986-10-02,14625.15452,0.0006548701383874977
1986-10-03,14591.914727,-0.002272782345960511
1986-10-06,14622.419894,0.002090552718455596
1986-10-07,14610.789494,-0.0007953813448328129
1986-10-08,14704.424726000001,0.006408636031506099
1986-10-09,14682.169698,-0.0015134919192486551
1986-10-10,14693.323922,0.0007597122380025301
1986-10-13,14732.371224,0.002657485958063921
1986-10-14,14743.214898,0.0007360440376587007
1986-10-15,14918.019734,0.011856629453574019
1986-10-16,14960.870586000001,0.002872422262744312
1986-10-17,15000.133794,0.0026243932647034285
1986-10-20,14921.223789,-0.005260620077373157
1986-10-21,14916.865104,-0.0002921131042356029
1986-10-22,14966.496711,0.0033272143076958915
1986-10-23,15041.064394,0.004982307111669915
1986-10-24,15034.532415,-0.0004342763802411831
1986-10-27,15066.995894,0.002159260966946297
1986-10-28,15087.527385,0.0013626798032231324
1986-10-29,15161.452404,0.004899743815775626
1986-10-30,15327.874066,0.010976630573736657
1986-10-31,15370.687652,0.0027931848745397225
1986-11-03,15405.636086,0.0022737066025444452
1986-11-04,15455.699686,0.0032496937952140037
1986-11-05,15480.528279,0.001606436040064274
1986-11-06,15504.253306,0.0015325721818024718
1986-11-07,15475.560397,-0.0018506475890004426
1986-11-10,15435.212484,-0.002607202063443337
1986-11-11,15464.018284,0.0018662392908332937
1986-11-12,15509.272575,0.0029264250836293915
1986-11-13,15370.054614,-0.008976433957606167
1986-11-14,15393.606703,0.0015323360646062323
1986-11-17,15281.426691,-0.007287441738922484
1986-11-18,14939.974904,-0.02234423486133652
1986-11-19,14921.201986,-0.001256556193743985
1986-11-20,15093.381982,0.011539284580528442
1986-11-21,15220.343975,0.008411765709726904
1986-11-24,15305.853304,0.005618094383441852
1986-11-25,15306.970386,7.298397402699663e-05
1986-11-26,15322.507582,0.0010150405735553925
1986-11-28,15342.427609,0.0013000500664395176
1986-12-01,15314.279693,-0.0018346455148654517
1986-12-02,15515.774702,0.013157328522091838
1986-12-03,15586.379702,0.004550530112485962
1986-12-04,15572.426303,-0.0008952302758420405
1986-12-05,15431.796289,-0.009030706664696742
1986-12-08,15391.631288999999,-0.002602743014993747
1986-12-09,15326.986283,-0.004200010043522773
1986-12-10,15361.596282,0.0022581085649164834
1986-12-11,15247.456309,-0.007430215643262628
1986-12-12,15138.581295,-0.007140536217554838
1986-12-15,15135.773301,-0.00018548594120426642
1986-12-16,15194.042484,0.003849765838931374
1986-12-17,15147.17039,-0.0030848994959280507
1986-12-18,15119.889006,-0.0018010878136032193
1986-12-19,15251.46398,0.008702112426075992
1986-12-22,15163.917486,-0.005740202652991466
1986-12-23,15006.213989,-0.010399917906807388
1986-12-24,14975.219783,-0.002065424764882029
1986-12-26,15038.540582,0.004228371931601416
1986-12-29,14897.545611,-0.009375575391189273
1986-12-30,14852.197699,-0.0030439854445899472
1986-12-31,14884.951684,0.0022053291818358023
1987-01-02,15186.729788999999,0.020274039943601885
1987-01-05,15568.012788,0.025106326661330947
1987-01-06,15570.364713,0.00015107419501947383
1987-01-07,15735.406885,0.010599762757143472
1987-01-08,15844.539008,0.006935449702545116
1987-01-09,15918.159006,0.004646395705348638
1987-01-12,16032.341115,0.00717307252408772
1987-01-13,16063.601925,0.00194985933593661
1987-01-14,16215.546902,0.009458960556257612
1987-01-15,16403.899906,0.0116155813392127
1987-01-16,16342.260412,-0.0037576121747397995
1987-01-19,16475.405395,0.008147280709236204
1987-01-20,16440.464598,-0.002120785265205538
1987-01-21,16356.425422,-0.005111727560924373
1987-01-22,16675.470423,0.019505790095852626
1987-01-23,16536.127609,-0.008356154906898894
1987-01-26,16384.664612,-0.009159520329146686
1987-01-27,16608.418893,0.0136563235378111
1987-01-28,16766.835187,0.009538312769000079
1987-01-29,16685.021791,-0.004879477557185874
1987-01-30,16705.160882,0.0012070161640942434
1987-02-02,16850.821606,0.00871950441117586
1987-02-03,16843.712489,-0.0004218854822763962
1987-02-04,17040.100885,0.011659448362601355
1987-02-05,17137.495985,0.0057156410432837035
1987-02-06,17099.583917,-0.0022122291397287386
1987-02-09,17030.4132,-0.004045169598029363
1987-02-10,16901.37528,-0.007576910699970463
1987-02-11,17004.771008,0.006117592579720554
1987-02-12,16966.883191,-0.002228069815357947
1987-02-13,17178.306796,0.012460957184649457
1987-02-17,17446.292410000002,0.015600234480758202
1987-02-18,17631.728816,0.010628986471286517
1987-02-19,17778.549523,0.008327073795892925
1987-02-20,17743.822297,-0.001953321667500285
1987-02-23,17447.626003,-0.016692924953947252
1987-02-24,17502.972415,0.003172145711427099
1987-02-25,17580.231707,0.004414066946354156
1987-02-26,17556.585109,-0.0013450674822780284
1987-02-27,17616.413709,0.0034077583783267418
1987-03-02,17621.282394,0.00027637208573927374
1987-03-03,17610.954498,-0.0005861035405413384
1987-03-04,17738.465816,0.0072404546848656715
1987-03-05,17909.087393,0.009618733591159945
1987-03-06,17966.464504,0.0032037987051436456
1987-03-09,17876.378887,-0.00501409818163967
1987-03-10,18007.951097,0.0073601153137161646
1987-03-11,18082.426781,0.004135711142196685
1987-03-12,18148.49521,0.003653736846285671
1987-03-13,17997.550177,-0.008317220312394125
1987-03-16,17773.186709,-0.012466333795069784
1987-03-17,17927.011724,0.008654892199050801
1987-03-18,17944.101014,0.0009532704202519504
1987-03-19,18052.849495,0.006060402854127567
1987-03-20,18214.195129,0.008937405368869333
1987-03-23,18306.965203,0.005093284295186518
1987-03-24,18374.547422,0.0036916123590449157
1987-03-25,18293.313086,-0.004421025135168177
1987-03-26,18329.498089,0.0019780453562396882
1987-03-27,18073.4552,-0.013968897989283136
1987-03-30,17673.281591,-0.02214151110408602
1987-03-31,17843.925801,0.009655490924045607
1987-04-01,17841.362096,-0.00014367382091762249
1987-04-02,17837.245789,-0.0002307170819050297
1987-04-03,18090.924823,0.014221872423624937
1987-04-06,18220.308495,0.007151855046985123
1987-04-07,18019.763514,-0.0110066731886036
1987-04-08,18071.125918,0.0028503372954977735
1987-04-09,17892.008414,-0.00991180653672441
1987-04-10,17829.839503,-0.0034746748135527916
1987-04-13,17497.418428,-0.01864408678182805
1987-04-14,17056.501011,-0.025198998287337515
1987-04-15,17251.532323,0.011434426783911933
1987-04-16,17444.647226,0.01119407246755344
1987-04-20,17411.437221,-0.0019037361185787471
1987-04-21,17620.216100999998,0.011990904446887773
1987-04-22,17421.129794,-0.01129874377583251
1987-04-23,17391.186138,-0.0017188125198580595
1987-04-24,17152.10852,-0.013747056474636365
1987-04-27,17034.081214,-0.006881212642887324
1987-04-28,17090.989797,0.0033408660135554324
1987-04-29,17232.294806,0.00826780722932785
1987-04-30,17383.068592,0.008749489705079938
1987-05-01,17298.826098999998,-0.00484623831253661
1987-05-04,17376.064904,0.00446497378249644
1987-05-05,17637.386077,0.015039145769986328
1987-05-06,17625.651074,-0.0006653481955186669
1987-05-07,17637.99478,0.0007003262431655166
1987-05-08,17564.709899,-0.004154944023631257
1987-05-11,17479.668714,-0.004841593484264939
1987-05-12,17504.484999,0.0014197228452119681
1987-05-13,17483.994887,-0.0011705635442099682
1987-05-14,17535.796113,0.0029627797499824915
1987-05-15,17277.629886,-0.014722241598635666
1987-05-18,17143.202399,-0.0077804356203349245
1987-05-19,16875.659811,-0.015606336655956787
1987-05-20,16679.0598,-0.01164991551156136
1987-05-21,16795.924798,0.007006689789552878
1987-05-22,16856.143704,0.0035853283891320586
1987-05-26,16984.264984,0.007600865432204396
1987-05-27,16968.518692,-0.0009271105941195401
1987-05-28,16938.459995,-0.0017714390717070705
1987-05-29,16948.597392,0.0005984839827819499
1987-06-01,16893.289983,-0.003263244014876876
1987-06-02,16757.021103,-0.008066450060179475
1987-06-03,16970.486207,0.012738845567353607
1987-06-04,17029.236121,0.0034618874959380097
1987-06-05,16976.586118,-0.0030917419093787757
1987-06-08,17083.683709,0.006308546974968632
1987-06-09,17141.107407,0.0033613182600511493
1987-06-10,17044.547415,-0.005633241173237491
1987-06-11,17007.071104,-0.002198727257904265
1987-06-12,17103.074807,0.0056449286542596955
1987-06-15,17013.844912,-0.005217184395608254
1987-06-16,16973.279812,-0.002384240611679078
1987-06-17,16998.386104,0.001479165622559897
1987-06-18,17121.846120000002,0.0072630433998053245
1987-06-19,17110.574804,-0.0006583002744567912
1987-06-22,17222.149807,0.006520821438092073
1987-06-23,17204.083713,-0.001049003417253891
1987-06-24,17150.478709,-0.003115830223465843
1987-06-25,17201.516104,0.002975858334101078
1987-06-26,17111.013704,-0.0052613036811884895
1987-06-29,17153.669824,0.0024929043210355495
1987-06-30,17016.644818,-0.007988086946169703
1987-07-01,16877.30982,-0.008188159269365225
1987-07-02,16923.941309,0.0027629693059698646
1987-07-06,16926.321304,0.00014062888523103112
1987-07-07,17076.771124,0.0088885125892324
1987-07-08,17061.281112,-0.0009070808461107971
1987-07-09,17081.31002,0.00117393927621956
1987-07-10,17207.30341,0.007376096438298729
1987-07-13,17154.112409,-0.0030911874878133405
1987-07-14,17289.942104,0.007918200123763652
1987-07-15,17366.388704,0.004421449160452173
1987-07-16,17476.508704,0.006340984408268691
1987-07-17,17576.84371,0.00574113558373579
1987-07-20,17492.492418,-0.0047990010829992436
1987-07-21,17377.127403,-0.006595115907055749
1987-07-22,17364.551109,-0.000723726868563257
1987-07-23,17509.769706,0.008362934122998045
1987-07-24,17551.272114,0.002370242938476652
1987-07-27,17636.288414,0.004843882508788866
1987-07-28,17757.512403,0.006873554466469978
1987-07-29,17889.798709,0.00744959671139811
1987-07-30,17957.0374,0.003758493434930399
1987-07-31,18042.409689,0.004754252447009888
1987-08-03,17923.6697,-0.006581160224534477
1987-08-04,17954.458597,0.0017177786421718189
1987-08-05,18076.124999,0.006776389348789769
1987-08-06,18384.955015,0.017084967935167894
1987-08-07,18414.458624,0.0016047691700049604
1987-08-10,18609.31499,0.010581704842847817
1987-08-11,18819.318398,0.011284854284687507
1987-08-12,18756.563598,-0.003334594732541829
1987-08-13,18772.83839,0.0008676851660469609
1987-08-14,18896.078689,0.0065648196846805895
1987-08-17,18890.148721,-0.00031382003100211
1987-08-18,18607.229712,-0.014977066257052973
1987-08-19,18686.921007,0.004282813521058859
1987-08-20,18824.8697,0.007382098578375906
1987-08-21,18956.467197,0.006990619276371568
1987-08-24,18758.090808,-0.010464839621139754
1987-08-25,18776.7984,0.0009973078919107703
1987-08-26,18698.530018,-0.004168356092058678
1987-08-27,18637.26,-0.003276729130098577
1987-08-28,18505.965008,-0.007044758296015585
1987-08-31,18671.925,0.008967918826619181
1987-09-01,18406.190094999998,-0.014231789437886055
1987-09-02,18280.747621,-0.006815232992409159
1987-09-03,18118.240101,-0.00888954452898405
1987-09-04,17952.637617,-0.009140097662733715
1987-09-08,17778.41501,-0.00970456880581283
1987-09-09,17805.409999,0.0015184137047545843
1987-09-10,17954.749994,0.008387338174655312
1987-09-11,18177.584992,0.01241092179364589
1987-09-14,18249.91509,0.003979081821475772
1987-09-15,17974.585094000002,-0.015086645315454783
1987-09-16,18004.130108,0.0016437104859716722
1987-09-17,17976.245108,-0.0015488112912276364
1987-09-18,17950.675005,-0.0014224384929318878
1987-09-21,17625.214984,-0.018130795689262347
1987-09-22,17945.015005,0.018144460722340883
1987-09-23,18159.702487,0.011963627889983952
1987-09-24,17968.322486,-0.010538718965082183
1987-09-25,18050.535004,0.0045754142082019555
1987-09-28,18202.975094,0.008445184032839892
1987-09-29,18323.955018,0.006646162145213186
1987-09-30,18510.559995,0.01018366268726889
1987-10-01,18636.265001,0.006790988821189448
1987-10-02,18774.649998,0.007425575725209743
1987-10-05,18723.804996,-0.0027081730953928407
1987-10-06,18393.014994,-0.017666815162338256
1987-10-07,18311.564984,-0.004428312053601391
1987-10-08,18027.145001,-0.015532259708469276
1987-10-09,17974.315109,-0.002930574530635388
1987-10-12,17779.755004,-0.010824340389057774
1987-10-13,18140.62001,0.02029639924278004
1987-10-14,17753.5,-0.02133995474171224
1987-10-15,17370.119997,-0.021594615315289833
1987-10-16,16622.729997,-0.04302733660614233
1987-10-19,13838.480093,-0.16749654867175778
1987-10-20,13718.085012,-0.008700021981525308
1987-10-21,14865.295001,0.08362756084369427
1987-10-22,14234.645107,-0.04242431071550046
1987-10-23,13985.055003,-0.017533988527558275
1987-10-26,12757.540006000001,-0.08777334066520859
1987-10-27,12584.780111,-0.013541787438546171
1987-10-28,12786.7001,0.01604477688279249
1987-10-29,13370.515103,0.04565798825609435
1987-10-30,14098.580101,0.05445302536150165
1987-11-02,14074.645107,-0.001697688265664521
1987-11-03,13727.339998,-0.02467594076864288
1987-11-04,13617.380001,-0.008010291652717938
1987-11-05,14743.549998,0.08270093049597649
1987-11-06,14796.995006000001,0.003624975532164898
1987-11-09,14383.894996,-0.027917831278073235
1987-11-10,14244.015007,-0.009724764331142555
1987-11-11,14379.500004,0.009511714002928162
1987-11-12,14671.155007,0.020282694316135386
1987-11-13,14589.305001,-0.005578974931486069
1987-11-16,14684.950001,0.006555829766629939
1987-11-17,14524.725006,-0.01091083013487193
1987-11-18,14410.860001000001,-0.007839391448234867
1987-11-19,14251.759995,-0.011040285311838427
1987-11-20,14274.042401,0.0015634845105318984
1987-11-23,14453.369999,0.012563196392595621
1987-11-24,14534.800006,0.005633980656804205
1987-11-25,14606.344993,0.00492232345615129
1987-11-27,14384.365001,-0.01519750437952705
1987-11-30,13878.640001,-0.035157964912934436
1987-12-01,13910.970106,0.0023294865345360183
1987-12-02,13843.560098,-0.0048458164661662195
1987-12-03,13588.415109,-0.018430590627974475
1987-12-04,13368.839998,-0.016158993468971206
1987-12-07,13543.985006,0.01310098767179535
1987-12-08,13849.150001,0.022531403782919845
1987-12-09,13917.715009,0.004950845936035675
1987-12-10,13833.005004,-0.006086487971999732
1987-12-11,13949.799995,0.008443211794272099
1987-12-14,14306.495013,0.025569901943242934
1987-12-15,14405.669999,0.006932165139671209
1987-12-16,14690.162405000001,0.019748641057288463
1987-12-17,14610.81501,-0.00540139671791473
1987-12-18,14790.690013,0.012311086197237309
1987-12-21,14825.440002,0.002349450158813271
1987-12-22,14816.399997,-0.0006097630153829581
1987-12-23,14928.634994,0.007575051768494712
1987-12-24,14894.787599,-0.0022672799632119656
1987-12-28,14715.525107,-0.012035249969730044
1987-12-29,14605.840099000001,-0.007453693103199099
1987-12-30,15423.284993000001,0.055966989126217115
1987-12-31,15380.857596,-0.002750866434696464
1988-01-04,15946.345013,0.03676566234818157
1988-01-05,16687.425008,0.04647334510797574
1988-01-06,16661.81011,-0.001534982059108625
1988-01-07,16783.115098,0.007280420746554661
1988-01-08,16113.959999,-0.03987073288198684
1988-01-11,16172.722598,0.003646688896065564
1988-01-12,16072.23501,-0.0062133995924982255
1988-01-13,16029.120007,-0.002682576690371641
1988-01-14,16017.055007,-0.0007526925991401257
1988-01-15,16298.240007,0.017555349586869218
1988-01-18,16339.190004,0.0025125410462978337
1988-01-19,16333.209999,-0.00036599152090988074
1988-01-20,16069.522501,-0.01614425443719547
1988-01-21,15937.512499,-0.008214929970183249
1988-01-22,16105.137512,0.010517639626040465
1988-01-25,16450.382498,0.021436947417726504
1988-01-26,16214.897507,-0.01431486416979233
1988-01-27,16303.902504,0.005489087856495933
1988-01-28,16453.860012,0.009197645040088354
1988-01-29,16529.400012,0.004591019976157851
1988-02-01,16613.710012,0.005100608608829882
1988-02-02,16679.285001,0.003947040664164403
1988-02-03,16487.75001,-0.011483405373102995
1988-02-04,16559.905001,0.004376278810403811
1988-02-05,16618.590001,0.0035438005227963476
1988-02-08,16476.240001,-0.008565708642636727
1988-02-09,16535.195004,0.003578183068249974
1988-02-10,16810.139995,0.01662786504383451
1988-02-11,16707.685007,-0.006094832525515903
1988-02-12,16773.635098,0.003947290781000978
1988-02-16,16912.457407,0.00827622087811819
1988-02-17,16944.059993,0.001868598113182296
1988-02-18,16877.337399,-0.0039378162038828934
1988-02-19,17007.027399,0.007684268965771901
1988-02-22,17241.139993,0.01376563866850522
1988-02-23,17266.249999,0.0014564005634309929
1988-02-24,17223.980001,-0.0024481284588401264
1988-02-25,17198.017517,-0.0015073452244191987
1988-02-26,17277.857409,0.004642389270802738
1988-02-29,17492.767407,0.012438463457167703
1988-03-01,17455.100103,-0.0021533073140231895
1988-03-02,17585.442512,0.007467296562658987
1988-03-03,17563.47752,-0.0012490440308802198
1988-03-04,17548.047515,-0.0008785278987279987
1988-03-07,17598.084994,0.0028514556367156274
1988-03-08,17788.984996,0.010847771337908929
1988-03-09,17866.649984,0.004365903283265693
1988-03-10,17607.780028,-0.014489003603463613
1988-03-11,17611.279996,0.00019877395074408
1988-03-14,17594.435013,-0.0009564882849985024
1988-03-15,17627.005004,0.0018511529910414382
1988-03-16,17666.207509,0.002224002602319919
1988-03-17,17771.992518,0.0059879863262166655
1988-03-18,17910.499997,0.007793581887889811
1988-03-21,17789.607518,-0.006749810391683542
1988-03-22,17842.26752,0.0029601553573745942
1988-03-23,17975.687533,0.007477749834792213
1988-03-24,17838.055104,-0.007656587752058686
1988-03-25,17667.794822,-0.009544778340875304
1988-03-28,17489.26473,-0.010104831632847255
1988-03-29,17652.795007,0.009350323156781526
1988-03-30,17551.20001,-0.005755179106748498
1988-03-31,17624.879998,0.004198002869206574
1988-04-04,17568.107609,-0.003221150385502969
1988-04-05,17670.385007,0.005821765228009257
1988-04-06,17935.614995,0.015009859032212969
1988-04-07,18010.985005,0.004202254008073281
1988-04-08,18215.345119999998,0.0113464152539835
1988-04-11,18283.760007,0.003755892987439724
1988-04-12,18352.30001,0.0037486820530217013
1988-04-13,18356.515002,0.0002296710492801779
1988-04-14,17681.565117,-0.03676895559568161
1988-04-15,17723.175111,0.0023532981229130723
1988-04-18,17818.049997,0.0053531540147742085
1988-04-19,17854.809989,0.002063076038410161
1988-04-20,17761.880003000002,-0.005204759168943918
1988-04-21,17765.545023,0.00020634189620571952
1988-04-22,17925.760006,0.009018298216721288
1988-04-25,18003.545008,0.004339286143179688
1988-04-26,18074.095013,0.003918672959611458
1988-04-27,18103.734993000002,0.0016399150263781692
1988-04-28,18087.210103,-0.0009127889911330067
1988-04-29,18109.395001,0.0012265516834086831
1988-05-02,18027.09501,-0.004544601903898826
1988-05-03,18058.494989,0.0017418213518363146
1988-05-04,18038.370007,-0.0011144329586854074
1988-05-05,17938.850003,-0.0055171284301952506
1988-05-06,17943.565003,0.0002628373613253743
1988-05-09,17879.890011,-0.0035486254815781937
1988-05-10,17920.754991,0.0022855274822641825
1988-05-11,17675.375009,-0.01369250247119802
1988-05-12,17591.450017,-0.00474813077274272
1988-05-13,17755.754986,0.009340046945602642
1988-05-16,17901.547604,0.008211006409750254
1988-05-17,17811.432604,-0.005033922317412509
1988-05-18,17567.335007,-0.013704545974880245
1988-05-19,17511.599991,-0.0031726506028258994
1988-05-20,17532.680111,0.001203780351928696
1988-05-23,17432.720123,-0.005701352409737237
1988-05-24,17651.559986,0.012553397373211483
1988-05-25,17722.970012,0.004045536261760407
1988-05-26,17628.054988,-0.005355480708692517
1988-05-27,17726.185111,0.005566701662026885
1988-05-31,17994.745011,0.015150462342478077
1988-06-01,18174.675106,0.009999035545655621
1988-06-02,18146.119996,-0.0015711483057306852
1988-06-03,18151.259991,0.00028325586963662275
1988-06-06,18159.030003,0.0004280701176586632
1988-06-07,18213.184983,0.0029822617172312604
1988-06-08,18388.12,0.009604855886726105
1988-06-09,18451.829994,0.003464736688688186
1988-06-10,18502.555117,0.002749056490141788
1988-06-13,18515.532593,0.0007013883173399016
1988-06-14,18590.402607,0.0040436327512558545
1988-06-15,18655.265112,0.0034890317531679482
1988-06-16,18495.089992,-0.008586054341139682
1988-06-17,18441.695002,-0.0028869818975250094
1988-06-20,18418.915006,-0.0012352441571954476
1988-06-21,18537.325117,0.006428723459629859
1988-06-22,18743.070007,0.011098952448717503
1988-06-23,18748.402394,0.0002844991241035544
1988-06-24,18713.680002,-0.001852018709130765
1988-06-27,18590.725001,-0.0065703272144688185
1988-06-28,18698.400007,0.005791866965608294
1988-06-29,18665.830011,-0.0017418600515449745
1988-06-30,18902.33511,0.012670483919580589
1988-07-01,18943.585008000002,0.002182264665183009
1988-07-05,19048.250101999998,0.005525094323793223
1988-07-06,18942.555105,-0.0055488035086698195
1988-07-07,18954.690094,0.0006406204935256454
1988-07-08,18884.405104999998,-0.003708052658811467
1988-07-11,19079.125114,0.01031115398750071
1988-07-12,18976.625011,-0.005372369141014022
1988-07-13,19017.707498,0.0021648995528016357
1988-07-14,19036.120015,0.0009681775262311287
1988-07-15,19055.145002,0.0009994151636472104
1988-07-18,19008.240009,-0.002461539547197189
1988-07-19,18920.9625,-0.004591561815227241
1988-07-20,18969.044999,0.002541229020458058
1988-07-21,18862.569989,-0.005613092804915287
1988-07-22,18719.865009,-0.007565510960766186
1988-07-25,18735.830012,0.0008528375066978455
1988-07-26,18743.71012,0.000420590280492128
1988-07-27,18601.880103,-0.007566805936070509
1988-07-28,18714.369998000002,0.006047232558060722
1988-07-29,18883.76751,0.009051734683994228
1988-08-01,18898.609986,0.0007859912484167175
1988-08-02,18909.059999,0.0005529514079469777
1988-08-03,18921.995,0.0006840636711016312
1988-08-04,18901.194997,-0.0010992499998018213
1988-08-05,18852.890102999998,-0.0025556529101820047
1988-08-08,18810.105103,-0.0022694133242302517
1988-08-09,18660.33012,-0.00796247454120369
1988-08-10,18421.335003,-0.012807657499255387
1988-08-11,18416.089998,-0.0002847244783913405
1988-08-12,18311.540003,-0.005677100568652449
1988-08-15,18147.45752,-0.008960605332654525
1988-08-16,18221.594983,0.004085280977695893
1988-08-17,18248.054998,0.001452123978427089
1988-08-18,18270.444988,0.0012269795330217548
1988-08-19,18267.96,-0.00013601135613461324
1988-08-22,18124.859994000002,-0.007833387307613848
1988-08-23,18086.424991,-0.002120568269919132
1988-08-24,18382.059992,0.01634568474129683
1988-08-25,18304.729995,-0.004206818878496277
1988-08-26,18324.159994999998,0.0010614742749717188
1988-08-29,18424.410104000002,0.005470925217164524
1988-08-30,18320.519989,-0.005638721370919031
1988-08-31,18304.224984,-0.0008894400928458612
1988-09-01,18133.874999,-0.009306593704399235
1988-09-02,18344.069994999998,0.011591289562302043
1988-09-06,18473.340002,0.007046964334263661
1988-09-07,18547.16,0.0039960287631801705
1988-09-08,18592.934997,0.0024680326799360053
1988-09-09,18647.370092,0.0029277300764394276
1988-09-12,18760.115104,0.00604616154684301
1988-09-13,18785.784989,0.001368322361440466
1988-09-14,18908.729994,0.006544576394970525
1988-09-15,18860.694994,-0.0025403609875037647
1988-09-16,18966.800003,0.005625721058198252
1988-09-19,19102.580106,0.007158830323434895
1988-09-20,19128.415106,0.0013524351085896225
1988-09-21,19158.935103,0.001595531926240179
1988-09-22,19115.860017,-0.0022483027249909915
1988-09-23,19130.020112,0.0007407511347858886
1988-09-26,19035.424992,-0.004944852093525021
1988-09-27,19172.435012,0.007197633888267996
1988-09-28,19204.290007,0.0016614996989199327
1988-09-29,19379.844995,0.009141446413067689
1988-09-30,19295.910104,-0.004331040368055317
1988-10-03,19244.680012,-0.002654971531473871
1988-10-04,19214.015106,-0.0015934224929112784
1988-10-05,19308.269992,0.004905527838924728
1988-10-06,19318.830112,0.0005469221221980902
1988-10-07,19577.915109,0.013411008611700082
1988-10-10,19584.250117,0.00032357929660675744
1988-10-11,19499.955017,-0.0043042291380269715
1988-10-12,19392.545000000002,-0.005508218706471779
1988-10-13,19404.410112,0.0006118388277556175
1988-10-14,19385.550012,-0.0009719491544006864
1988-10-17,19394.344992,0.0004536874112188727
1988-10-18,19359.910009,-0.001775516678403033
1988-10-19,19291.625006,-0.0035271343187162074
1988-10-20,19513.345021,0.011493070953382256
1988-10-21,19531.949989,0.0009534484210664829
1988-10-24,19469.709984,-0.0031865740509806617
1988-10-25,19511.489984,0.002145897398283525
1988-10-26,19476.712518,-0.0017824095457865674
1988-10-27,19292.905008,-0.009437296454939625
1988-10-28,19301.280004,0.00043409719772768973
1988-10-31,19239.004999,-0.003226470212705723
1988-11-01,19285.970086,0.002441139081903687
1988-11-02,19254.030083,-0.0016561263373101598
1988-11-03,19285.587412,0.0016389986337386198
1988-11-04,19174.067424,-0.005782555937632994
1988-11-07,19062.290008,-0.005829614214253209
1988-11-08,19057.319999,-0.0002607246557425613
1988-11-09,19037.71001,-0.0010290003526743918
1988-11-10,19036.610004000002,-5.7780373764471094e-05
1988-11-11,18847.030002,-0.009958705986001015
1988-11-14,18711.630005,-0.007184155646042467
1988-11-15,18745.414998,0.0018055611932779048
1988-11-16,18523.190104,-0.011854893264497401
1988-11-17,18503.690007,-0.0010527396679791412
1988-11-18,18600.175105000002,0.005214370645179489
1988-11-21,18572.439999,-0.0014911206934040688
1988-11-22,18611.227497,0.002088443844863175
1988-11-23,18643.530008,0.001735646453475903
1988-11-25,18500.984999,-0.007645816481043788
1988-11-28,18530.899993,0.0016169406116277596
1988-11-29,18645.259998,0.006171314131704353
1988-11-30,18761.329994,0.006225174441785608
1988-12-01,18792.165002,0.0016435406237118588
1988-12-02,18932.900005,0.007489025505311275
1988-12-05,19025.015008000002,0.0048653403850269505
1988-12-06,19205.285008,0.009475419594896062
1988-12-07,19251.195108,0.0023904930325624463
1988-12-08,19188.462397,-0.003258639821998921
1988-12-09,19223.060005,0.0018030422284074366
1988-12-12,19163.367505,-0.0031052548337504593
1988-12-13,19072.280097,-0.004753204674295075
1988-12-14,19038.625099,-0.0017646027548270382
1988-12-15,19004.295113,-0.0018031756926504272
1988-12-16,19167.755001999998,0.008601207675847045
1988-12-19,19190.265008,0.0011743684118277198
1988-12-20,19141.33001,-0.0025499907364279206
1988-12-21,19058.085002,-0.004348966762315443
1988-12-22,19011.635002,-0.002437285802593836
1988-12-23,19133.852499,0.006428563192336867
1988-12-27,19066.712499,-0.0035089640208896267
1988-12-28,19131.61501,0.003403969667209461
1988-12-29,19232.229996000002,0.005259095269657621
1988-12-30,19205.902507,-0.0013689254447081245
1989-01-03,19066.847493,-0.00724022284031256
1989-01-04,19231.955002,0.008659402612865685
1989-01-05,19300.770008,0.003578159682301907
1989-01-06,19433.589999,0.00688159026530788
1989-01-09,19437.759997,0.00021457682292447267
1989-01-10,19423.050008,-0.0007567738773538446
1989-01-11,19457.587499,0.0017781703175236974
1989-01-12,19508.079999,0.0025950031062480505
1989-01-13,19495.977505,-0.0006203836564450116
1989-01-16,19587.105002,0.004674169170365117
1989-01-17,19495.62251,-0.004670546872070025
1989-01-18,19587.959999,0.004736319086637852
1989-01-19,19578.005008,-0.0005082198963295426
1989-01-20,19507.770005,-0.0035874443270037526
1989-01-23,19557.907508,0.0025701299014264656
1989-01-24,19700.790005,0.007305612675668538
1989-01-25,19742.879996,0.0021364620905719445
1989-01-26,19954.034993999998,0.010695248010562652
1989-01-27,20026.160005,0.00361455770833774
1989-01-30,20133.217494,0.005345882034961669
1989-01-31,20185.320008,0.002587888101617475
1989-02-01,20280.757504999998,0.004728064601511095
1989-02-02,20274.335003,-0.00031667959140158075
1989-02-03,20259.842494,-0.00071482043666804
1989-02-06,20228.790008,-0.0015327111259229032
1989-02-07,20374.442505,0.007200257501432272
1989-02-08,20287.972497,-0.004244042897310174
1989-02-09,20239.540014000002,-0.002387251018166503
1989-02-10,20052.080005,-0.009262068647327593
1989-02-13,19950.46751,-0.00506742916319225
1989-02-14,19910.974999,-0.0019795280977854546
1989-02-15,19971.837508,0.0030567317272538475
1989-02-16,20054.332494,0.004130565651105034
1989-02-17,20148.532605,0.004697244898486996
1989-02-21,20096.957505,-0.0025597447224123826
1989-02-22,19898.602508,-0.009869901797356584
1989-02-23,19910.622502000002,0.0006040622197045487
1989-02-24,19684.274999,-0.011368178115840677
1989-02-27,19652.402507,-0.0016191854666540717
1989-02-28,19724.485008,0.0036678722092287064
1989-03-01,19712.82741,-0.0005910216664856138
1989-03-02,19871.907399,0.008069871748549895
1989-03-03,19902.080114,0.0015183602859139
1989-03-06,20029.702614,0.006412520664622612
1989-03-07,20028.647605,-5.267222486193823e-05
1989-03-08,20049.495121,0.0010408848570881979
1989-03-09,20026.42254,-0.0011507811473933094
1989-03-10,19908.782507,-0.005874241031568639
1989-03-13,19848.255005,-0.003040241259289367
1989-03-14,19895.160008,0.002363180188292846
1989-03-15,19909.755007,0.0007335954570926173
1989-03-16,20192.157483,0.014184126118111928
1989-03-17,19852.442596,-0.01682410050961658
1989-03-20,19716.902489,-0.006827376850207401
1989-03-21,19801.752499,0.004303414800947314
1989-03-22,19755.349999,-0.0023433531957508524
1989-03-23,19699.022196,-0.002851268289493669
1989-03-27,19759.377502,0.003063873191241573
1989-03-28,19823.157216,0.00322782000564259
1989-03-29,19836.507493,0.0006734687544740492
1989-03-30,19872.615002,0.0018202553555730638
1989-03-31,20003.102607,0.006566202031633495
1989-04-03,20118.500099,0.0057689796561668505
1989-04-04,20103.210104,-0.0007599967654029482
1989-04-05,20217.455099,0.005682922996326223
1989-04-06,20222.675099,0.00025819273367688744
1989-04-07,20423.980107,0.009954420323449398
1989-04-10,20556.675,0.006497014406830592
1989-04-11,20674.245108,0.005719315404850267
1989-04-12,20868.909993999998,0.009415815909267433
1989-04-13,20939.335002,0.003374637583862805
1989-04-14,21299.679997,0.01720899899474282
1989-04-17,21327.455005,0.001304010576868464
1989-04-18,21467.015008000002,0.006543678229178562
1989-04-19,21483.39001,0.0007627982741846839
1989-04-20,21488.225010000002,0.00022505759089930244
1989-04-21,21564.16,0.0035337953676797262
1989-04-24,21619.480002,0.002565367814002517
1989-04-25,21673.735007,0.002509542551207611
1989-04-26,21839.009999,0.007625588849666354
1989-04-27,22151.135014,0.01429208627196421
1989-04-28,22088.204996,-0.0028409387582273293
1989-05-01,21955.574996,-0.006004562164468319
1989-05-02,21926.349994,-0.0013310970906169617
1989-05-03,21855.939994,-0.0032112047841645897
1989-05-04,21714.755007,-0.006459799351515416
1989-05-05,21710.204996,-0.0002095354517485104
1989-05-08,21553.569994,-0.007214809902939989
1989-05-09,21375.290005,-0.008271483055922069
1989-05-10,21415.674997000002,0.0018893307174103757
1989-05-11,21486.36001,0.00330062036381773
1989-05-12,21781.684999,0.013744765928829006
1989-05-15,22057.395002,0.012657882207582016
1989-05-16,22303.159994,0.011142067863304739
1989-05-17,22346.030005,0.0019221496420924744
1989-05-18,22391.415002,0.002031009400320638
1989-05-19,22482.410011,0.004063834688065482
1989-05-22,22565.814997,0.0037097884950587634
1989-05-23,22392.980014,-0.007659150933523873
1989-05-24,22413.595014,0.000920601009205102
1989-05-25,22356.875,-0.002530607605097268
1989-05-26,22614.690011000002,0.011531799994408898
1989-05-30,22506.829996,-0.004769466879605111
1989-05-31,22667.850005,0.007154273126362742
1989-06-01,22683.299994,0.0006815815790466306
1989-06-02,22945.894999,0.011576578587306985
1989-06-05,22799.105002,-0.006397222553593873
1989-06-06,22796.999993999998,-9.232853657270557e-05
1989-06-07,23007.444994,0.009231258501354977
1989-06-08,23129.940002,0.0053241465113549324
1989-06-09,23354.250004999998,0.009697820356671993
1989-06-12,23480.729994,0.005415716153287953
1989-06-13,23172.940002,-0.01310819519148898
1989-06-14,23058.105008,-0.004955564291371339
1989-06-15,22857.105,-0.008717108709942245
1989-06-16,22961.110008,0.004550226636312882
1989-06-19,22965.309994,0.00018291737631748184
1989-06-20,22949.904999000002,-0.0006707941240079451
1989-06-21,22864.139994,-0.0037370527243463236
1989-06-22,22918.925008,0.0023961108536938447
1989-06-23,23290.969999,0.016233090813384088
1989-06-26,23337.759997,0.0020089329899961594
1989-06-27,23244.94,-0.003977245331682866
1989-06-28,23142.140014,-0.004422467255239093
1989-06-29,22789.86001,-0.015222447180203935
1989-06-30,22776.415004,-0.0005899556203549094
1989-07-03,22827.514999,0.002243548644113913
1989-07-05,22823.600004,-0.00017150333709869958
1989-07-06,22984.725004,0.007059578680478129
1989-07-07,23248.129996,0.01146000189056684
1989-07-10,23284.105007000002,0.0015474367618466545
1989-07-11,23452.125011,0.00721608169820076
1989-07-12,23466.014999,0.0005922699112972385
1989-07-13,23540.295005,0.003165429068513248
1989-07-14,23543.699994000002,0.000144645128673071
1989-07-17,23583.840005000002,0.0017049151582049227
1989-07-18,23424.554999,-0.006753989425226425
1989-07-19,23659.309994,0.010021748332466496
1989-07-20,23636.920002,-0.0009463501685247344
1989-07-21,23697.14,0.002547709176783819
1989-07-24,23666.895002,-0.0012763142725239485
1989-07-25,23783.319993999998,0.004919318397709427
1989-07-26,24172.449997,0.016361466906141375
1989-07-27,24459.575011,0.011878192489203077
1989-07-28,24416.785,-0.0017494175994782202
1989-07-31,24634.475008,0.008915588518308315
1989-08-01,24693.315,0.002388522263246484
1989-08-02,24840.979999,0.005979958502938976
1989-08-03,24952.345014,0.004483116809581578
1989-08-04,24858.564997,-0.0037583648730161734
1989-08-07,25015.585006,0.006316535528859024
1989-08-08,25261.945008,0.009848260671933451
1989-08-09,25296.285014,0.001359357167040276
1989-08-10,25489.119998,0.007623055476061902
1989-08-11,25368.670001,-0.004725545527246577
1989-08-14,25217.879994,-0.005943946095481434
1989-08-15,25050.140008,-0.0066516291631140145
1989-08-16,25264.369997,0.008552047570655752
1989-08-17,25044.835011,-0.008689509614768554
1989-08-18,25028.344997,-0.0006584197497311317
1989-08-21,24759.114997,-0.010757003710483826
1989-08-22,24903.535009,0.00583300380556806
1989-08-23,25139.200014,0.009463114570474884
1989-08-24,25444.415,0.012140998354364108
1989-08-25,25389.760009,-0.0021480152324193647
1989-08-28,25415.009995,0.000994494866869422
1989-08-29,25330.890003,-0.0033098547675782797
1989-08-30,25379.344997,0.0019128816237510282
1989-08-31,25405.724997,0.0010394279286214392
1989-09-01,25433.420009,0.001090109099554093
1989-09-05,25403.3425,-0.0011825978963646566
1989-09-06,25375.335008,-0.0011025120808413336
1989-09-07,25433.059997,0.0022748463806212538
1989-09-08,25445.770011,0.0004997437980918118
1989-09-11,25563.125008,0.004611964855033568
1989-09-12,25873.215014,0.012130363791710064
1989-09-13,25997.650009,0.0048094137096093
1989-09-14,25777.414999999997,-0.00847134294537244
1989-09-15,25646.130011,-0.005093023835011978
1989-09-18,25642.505011,-0.00014134686201949798
1989-09-19,25802.689996999998,0.0062468540390761
1989-09-20,25743.690008,-0.0022865828720515236
1989-09-21,25684.935002000002,-0.0022823070811426316
1989-09-22,25613.230011,-0.0027917139363762278
1989-09-25,25383.700005000002,-0.008961384639946668
1989-09-26,25601.735009,0.008589567476650295
1989-09-27,25750.820009,0.005823238149585963
1989-09-28,25952.005014,0.007812761105459254
1989-09-29,25963.435009,0.0004404282055985309
1989-10-02,26085.214994,0.00469044196031021
1989-10-03,26215.910009,0.005010310056101197
1989-10-04,26374.134998,0.006035456672901507
1989-10-05,26398.435001,0.0009213573450594925
1989-10-06,26516.020006000002,0.004454241510739143
1989-10-09,26602.735013999998,0.003270287470758193
1989-10-10,26641.835009000002,0.0014697735018383007
1989-10-11,26273.87,-0.013811548974599464
1989-10-12,26198.965,-0.002850931362604725
1989-10-13,24984.495011,-0.04635564759905597
1989-10-16,24952.750014,-0.001270587898055231
1989-10-17,24882.815008,-0.002802697336396265
1989-10-18,24922.015008,0.0015753844565975506
1989-10-19,25537.709994,0.024704863784182907
1989-10-20,25402.035005,-0.005312731213248045
1989-10-23,25291.424997,-0.004354375859187298
1989-10-24,25056.694999,-0.009281011173860043
1989-10-25,25032.434999,-0.0009682043063128365
1989-10-26,24831.995002,-0.008007211324348118
1989-10-27,24492.710005,-0.013663219446229502
1989-10-30,24589.350007,0.003945663913069275
1989-10-31,25089.510008,0.020340513305866725
1989-11-01,25103.130005,0.0005428562373539503
1989-11-02,24949.744999,-0.006110194464572727
1989-11-03,24874.029994,-0.0030347005551772943
1989-11-06,24556.965002,-0.012746828402011245
1989-11-07,24576.614997,0.0008001801117687446
1989-11-08,24724.395008,0.006013033569433279
1989-11-09,24711.220005,-0.0005328746363960635
1989-11-10,24868.109999,0.006348937606813987
1989-11-13,24984.905002,0.004696577383833889
1989-11-14,24892.275008,-0.0037074383109555464
1989-11-15,24984.17501,0.0036919085125992623
1989-11-16,24978.189994,-0.00023955227649519184
1989-11-17,25092.249999,0.004566383914422767
1989-11-20,24898.830007,-0.007708355847232062
1989-11-21,24805.010007,-0.0037680485377675765
1989-11-22,24933.734999,0.005189475511748309
1989-11-24,25040.985008,0.004301401655399939
1989-11-27,25068.630008,0.0011039901182468004
1989-11-28,25073.125008,0.0001793077642682217
1989-11-29,24996.395005000002,-0.0030602488910144166
1989-11-30,25029.474997,0.0013233905126472933
1989-12-01,25253.940002,0.0089680268973642
1989-12-04,25224.545008,-0.0011639765516854306
1989-12-05,25239.0,0.0005730526356537702
1989-12-06,25192.079999,-0.0018590277348546902
1989-12-07,25209.699997,0.0006994260894970239
1989-12-08,25239.735006000003,0.0011914068395726396
1989-12-11,25119.665006,-0.00475718148274773
1989-12-12,25183.98,0.0025603444148096788
1989-12-13,25308.839997,0.004957913602218644
1989-12-14,25311.970008,0.00012367263771762005
1989-12-15,25396.704997,0.0033476252134156947
1989-12-18,25187.425003,-0.00824043882955372
1989-12-19,25057.440008,-0.005160709956834264
1989-12-20,24939.745011000003,-0.004697008032840677
1989-12-21,25039.320008000002,0.003992622897951881
1989-12-22,25110.070009,0.0028255560046115402
1989-12-26,25068.640014,-0.0016499354635470809
1989-12-27,25157.880009,0.003559825939905892
1989-12-28,25323.949998,0.006601112213771243
1989-12-29,25544.890003,0.008724547514011416
1990-01-02,25707.353998,0.006359941067701547
1990-01-03,25740.944011,0.0013066305074653783
1990-01-04,25721.661,-0.0007491182526856432
1990-01-05,25568.173006,-0.005967266033091723
1990-01-08,25593.284,0.0009821192149359614
1990-01-09,25400.333000000002,-0.007539126280159958
1990-01-10,25109.399005,-0.011453944127425508
1990-01-11,25142.266008000002,0.0013089521972811102
1990-01-12,24821.969014,-0.012739384504884654
1990-01-15,24459.802011,-0.014590583156224635
1990-01-16,24672.920994,0.008713029766314495
1990-01-17,24640.272997,-0.0013232319354461453
1990-01-18,24565.780005,-0.0030232210499075984
1990-01-19,24641.192007999998,0.0030697988415042676
1990-01-22,24001.678011,-0.025953046297126137
1990-01-23,24036.634994,0.0014564391282967382
1990-01-24,24123.188002,0.0036008787428691846
1990-01-25,23911.828002,-0.008761694349124882
1990-01-26,23471.654997,-0.018408170423573678
1990-01-29,23228.747494,-0.010348972112577903
1990-01-30,23041.501014,-0.008060980474662416
1990-01-31,23459.471003,0.018139876770443042
1990-02-01,23630.438008,0.007287760451978542
1990-02-02,23835.074996,0.008659889754507377
1990-02-05,23761.048499,-0.0031057799068147096
1990-02-06,23705.790994,-0.0023255499437377924
1990-02-07,24144.483007,0.018505689732565056
1990-02-08,24168.357993999998,0.000988838195171926
1990-02-09,24330.088,0.006691807777762682
1990-02-12,23474.920996,-0.03514853723504818
1990-02-13,23655.222502,0.007680601184162583
1990-02-14,23700.752502,0.0019247335338379301
1990-02-15,23895.939008,0.00823545606763032
1990-02-16,23912.366011000002,0.0006874391081472808
1990-02-20,23477.658002,-0.018179213583466858
1990-02-21,23451.611005,-0.0011094376192797295
1990-02-22,23400.756996,-0.0021684654836359174
1990-02-23,23107.878994,-0.012515749043933266
1990-02-26,23233.910007,0.005454027738016176
1990-02-27,23406.288014,0.0074192422604748565
1990-02-28,23494.669003,0.0037759506739014626
1990-03-01,23628.643,0.0057023147243697725
1990-03-02,23708.593008,0.003383605567192305
1990-03-05,23633.724002,-0.00315788482153867
1990-03-06,23808.165011,0.007381020823685747
1990-03-07,23985.635015,0.007454165573785421
1990-03-08,24150.484048,0.006872823375195347
1990-03-09,24039.598011,-0.004591462298627613
1990-03-12,23950.063008,-0.003724480041597533
1990-03-13,23744.652997,-0.00857659584993109
1990-03-14,23759.423011,0.0006220353694730285
1990-03-15,23720.603003,-0.0016338783977214444
1990-03-16,23952.988011,0.00979675803227309
1990-03-19,24028.402994,0.0031484582618821477
1990-03-20,23982.533008,-0.001908990206775485
1990-03-21,23906.771002,-0.0031590493787593266
1990-03-22,23613.396002,-0.012271627982526678
1990-03-23,23792.767674,0.007596182776285376
1990-03-26,27237.519008,0.14478144708504503
1990-03-27,27543.01469,0.01121598784053246
1990-03-28,27454.642004999998,-0.0032085334882417937
1990-03-29,27353.077011,-0.00369937418894406
1990-03-30,27165.413008,-0.006860800447588855
1990-04-02,27052.674494,-0.004150075464223524
1990-04-03,27352.488010999998,0.011082583242056021
1990-04-04,27279.1125,-0.0026825900068209174
1990-04-05,27280.031997000002,3.370699834914781e-05
1990-04-06,27182.626797,-0.003570567659550883
1990-04-09,27221.726308,0.0014384007583960745
1990-04-10,27309.015997000002,0.003206618419874019
1990-04-11,27298.716794,-0.0003771356317318064
1990-04-12,27499.530314,0.007356152361129853
1990-04-16,27479.206506,-0.0007390601864081248
1990-04-17,27455.206998999998,-0.000873369723931483
1990-04-18,27143.807,-0.011342110770147906
1990-04-19,27037.282502,-0.003924449433346022
1990-04-20,26887.547505,-0.005538093445187187
1990-04-23,26520.077505,-0.013666921459893788
1990-04-24,26504.284499,-0.0005955113063685902
1990-04-25,26637.213502,0.005015377910126739
1990-04-26,26616.222,-0.0007880517231436679
1990-04-27,26449.756002000002,-0.0062543060393770444
1990-04-30,26537.610999,0.0033215806222695043
1990-05-01,26580.819499,0.0016281985594568393
1990-05-02,26834.707508,0.009551549342169396
1990-05-03,26947.831796,0.004215596088247731
1990-05-04,27034.320996,0.003209504967031762
1990-05-07,27185.527994,0.005593149464429903
1990-05-08,27307.051,0.004470135949789844
1990-05-09,27353.771508,0.0017109320226487146
1990-05-10,27529.880505,0.006438197999441897
1990-05-11,28102.632305,0.020804732512223367
1990-05-14,28278.961008000002,0.006274455043438376
1990-05-15,28197.273594000002,-0.0028886285453305627
1990-05-16,27984.227094,-0.007555570906164988
1990-05-17,27975.841511,-0.00029965390760433586
1990-05-18,27919.688997,-0.002007178728758441
1990-05-21,28181.768605,0.009386910005629412
1990-05-22,28337.7033,0.00553317633061301
1990-05-23,28407.590308,0.0024662199071014967
1990-05-24,28314.328794,-0.0032829787035379976
1990-05-25,28107.783511,-0.007294726444081134
1990-05-29,28299.872497,0.0068340139991764914
1990-05-30,28316.106002,0.0005736246692178426
1990-05-31,28275.187494,-0.0014450612664435036
1990-06-01,28241.582494,-0.0011884978660932077
1990-06-04,28609.164805,0.013015641424417135
1990-06-05,28492.886805,-0.004064361920124271
1990-06-06,28628.445802000002,0.004757643475290729
1990-06-07,28544.274294,-0.002940135436696467
1990-06-08,28309.218005,-0.00823479646317049
1990-06-11,28307.856494,-4.8094263845777085e-05
1990-06-12,28552.273,0.00863422866552277
1990-06-13,28476.098514,-0.0026678956873240622
1990-06-14,28442.279008,-0.0011876453504813256
1990-06-15,28426.435503,-0.0005570406293934349
1990-06-18,28032.418511,-0.01386093560546553
1990-06-19,28024.301011,-0.0002895754426902597
1990-06-20,28028.046314,0.00013364483198108346
1990-06-21,28016.500294,-0.00041194523052545673
1990-06-22,27932.0406,-0.0030146411262540473
1990-06-25,27657.380797,-0.009833144915305514
1990-06-26,27713.534805,0.0020303443920506314
1990-06-27,27834.946297,0.004380945731184527
1990-06-28,28149.358502,0.011295592297725587
1990-06-29,28198.6018,0.0017493577339071642
1990-07-02,28194.340002,-0.0001511350821656876
1990-07-03,28194.053005,-1.0179241648478055e-05
1990-07-05,27948.227497,-0.008719055325476122
1990-07-06,27956.757508,0.00030520758430618855
1990-07-09,28018.461994,0.002207140294518961
1990-07-10,27824.264994,-0.006931037115512795
1990-07-11,27995.350997,0.006148805836807991
1990-07-12,28290.711808,0.01055035212923916
1990-07-13,28538.187306,0.008747588243079196
1990-07-16,28588.8473,0.0017751650956945308
1990-07-17,28408.630797,-0.006303734498592339
1990-07-18,28181.804803,-0.007984404303777892
1990-07-19,28141.434811,-0.0014324842671432636
1990-07-20,28167.871794,0.0009394326613960668
1990-07-23,27520.259811,-0.02299115771813287
1990-07-24,27403.331297,-0.004248815774379522
1990-07-25,27574.647802,0.006251667110952708
1990-07-26,27581.817301,0.00026000328459252486
1990-07-27,27528.432303,-0.0019355141620077676
1990-07-30,27447.562805999998,-0.002937671717368029
1990-07-31,27394.052798,-0.0019495358614608493
1990-08-01,27396.066,7.349047674121145e-05
1990-08-02,27080.493295,-0.011518905853124983
1990-08-03,26534.928008,-0.020146061633992907
1990-08-06,25678.114803,-0.03229001430648981
1990-08-07,25774.446305,0.003751502115285632
1990-08-08,26078.806011,0.01180858368006743
1990-08-09,26167.991249,0.0034198359373653897
1990-08-10,25930.419297,-0.009078723305101843
1990-08-13,25856.585308,-0.002847388935532602
1990-08-14,26096.366005,0.009273486585477775
1990-08-15,26256.962494,0.006153979024099643
1990-08-16,25728.176008,-0.020138905485386327
1990-08-17,25348.418052,-0.01476039171536736
1990-08-20,25223.60231,-0.004924005188172043
1990-08-21,24687.776805,-0.021243020660358547
1990-08-22,24353.368608,-0.01354549660916704
1990-08-23,23491.581807,-0.03538675962539772
1990-08-24,23777.352605,0.012164817182078735
1990-08-27,24530.946808,0.031693780864465504
1990-08-28,24660.920308,0.005298348287054777
1990-08-29,24796.221305,0.005486453680972669
1990-08-30,24523.294111,-0.01100680586138203
1990-08-31,24561.839808,0.0015717993196808777
1990-09-04,24604.507797000002,0.0017371658366611697
1990-09-05,24604.62431,4.735433074332107e-06
1990-09-06,24338.933102,-0.010798425720811133
1990-09-07,24500.403799,0.0066342553440328356
1990-09-10,24437.817494,-0.002554500958982353
1990-09-11,24325.154308,-0.004610198354564998
1990-09-12,24398.3148,0.0030076064913568956
1990-09-13,24144.631,-0.010397595165056228
1990-09-14,24058.077493,-0.0035847931161175906
1990-09-17,24020.27901,-0.0015711348095457378
1990-09-18,23921.12281,-0.00412802032643822
1990-09-19,23834.812802,-0.0036081085610212282
1990-09-20,23526.407799,-0.012939266843082664
1990-09-21,23394.209505,-0.005619144883037386
1990-09-24,22861.860002,-0.02275560979678415
1990-09-25,23026.37301,0.007195959033324817
1990-09-26,22799.46551,-0.009854244083575603
1990-09-27,22524.825002,-0.012045918702767056
1990-09-28,22718.192993,0.00858466118972423
1990-10-01,23264.272502,0.024037101417716533
1990-10-02,23261.260002,-0.000129490402063559
1990-10-03,23018.36551,-0.010442017843363405
1990-10-04,22969.496802,-0.0021230311934514745
1990-10-05,22945.536002,-0.0010431573754769996
1990-10-08,22991.747494,0.0020139643718051214
1990-10-09,22413.160499,-0.02516498561716496
1990-10-10,22060.223493,-0.0157468647054817
1990-10-11,21735.468007,-0.014721314410212183
1990-10-12,22053.925493,0.014651512720933235
1990-10-15,22087.995007,0.0015448276548688522
1990-10-16,21860.360494,-0.01030580244734125
1990-10-17,21921.454808000002,0.0027947532711900536
1990-10-18,22504.811004,0.026611198987902318
1990-10-19,22806.087008000002,0.013387182142807319
1990-10-22,23105.671494,0.013136163424041447
1990-10-23,22979.22881,-0.005472365693108383
1990-10-24,22867.675499,-0.004854528057593233
1990-10-25,22720.124008,-0.006452404443401116
1990-10-26,22298.875797,-0.018540753160135592
1990-10-29,22169.475302,-0.005803005325381028
1990-10-30,22169.750993999998,1.2435657418263801e-05
1990-10-31,22210.213493,0.001825121942549135
1990-11-01,22193.600302,-0.0007479978076408988
1990-11-02,22459.4483,0.011978588168772397
1990-11-05,22732.327602,0.012149866655451147
1990-11-06,22637.445305,-0.0041738927337846565
1990-11-07,22471.955893000002,-0.00731042791137948
1990-11-08,22378.396396,-0.004163389134683504
1990-11-09,22745.034994,0.016383595656815464
1990-11-12,23296.483794,0.024244798926247757
1990-11-13,23220.306005,-0.003269926469316453
1990-11-14,23469.596494,0.010735883021796733
1990-11-15,23221.758808,-0.010559946612774596
1990-11-16,23223.532299,7.637194988818763e-05
1990-11-19,23529.351298999998,0.0131684963365013
1990-11-20,23312.833399,-0.009202034397318926
1990-11-21,23246.116799,-0.0028617971422925104
1990-11-23,23162.41081,-0.0036008590047005296
1990-11-26,23210.25991,0.0020658082784432708
1990-11-27,23452.034311,0.010416703730914856
1990-11-28,23487.027308,0.0014921092360669075
1990-11-29,23342.357794,-0.006159549784775176
1990-11-30,23820.366502,0.02047816729648755
1990-12-03,23880.57231,0.0025274929331982054
1990-12-04,24037.243309999998,0.006560604912068779
1990-12-05,24406.051494,0.015343198021653626
1990-12-06,24485.928805,0.0032728485810020747
1990-12-07,24487.5613,6.667074028521291e-05
1990-12-10,24620.985011,0.0054486320367066465
1990-12-11,24541.987305000002,-0.003208551809145921
1990-12-12,24878.022508,0.013692257225295545
1990-12-13,24805.901794,-0.0028989729379337303
1990-12-14,24683.066311,-0.004951865246427545
1990-12-17,24496.898807999998,-0.007542316690087869
1990-12-18,24786.198811,0.011809658245619303
1990-12-19,24947.015506,0.006488154808498958
1990-12-20,24979.681311,0.0013094073313957288
1990-12-21,24982.715603,0.00012147040477517024
1990-12-24,24801.491806,-0.007253967097885727
1990-12-26,24875.387595,0.002979489684653558
1990-12-27,24708.6182,-0.006704192823653532
1990-12-28,24671.014508,-0.0015218856714537266
1990-12-31,24841.167703,0.006896886828258397
1991-01-02,24789.672614,-0.002072973767403896
1991-01-03,24578.780202,-0.008507268945572743
1991-01-04,24609.5576,0.0012521938740268634
1991-01-07,24241.605714,-0.014951584745269808
1991-01-08,24162.423108,-0.0032663927849578833
1991-01-09,24093.230602,-0.0028636410218761954
1991-01-10,24295.298614,0.008386920597656333
1991-01-11,24310.605111,0.0006300188873242796
1991-01-14,23910.8126,-0.016445189627102397
1991-01-15,23896.781809,-0.000586796912121712
1991-01-16,24083.849311,0.007828146212120801
1991-01-17,24851.056803,0.03185568395204941
1991-01-18,24968.438598,0.004723412606977284
1991-01-21,24939.752909,-0.0011488779679759142
1991-01-22,24933.321897,-0.00025786189716725527
1991-01-23,25044.7553,0.004469256180958725
1991-01-24,25447.760506,0.016091401220438284
1991-01-25,25650.481009,0.007966143148518068
1991-01-28,25786.100506,0.005287210674623122
1991-01-29,25909.872494,0.004799949801296943
1991-01-30,26390.311101,0.018542685113994928
1991-01-31,26684.086515,0.011131942055388144
1991-02-01,26942.796094,0.009695275828706773
1991-02-04,27418.847997,0.017668986594379987
1991-02-05,27512.646309,0.0034209428496143612
1991-02-06,27774.93031,0.0095332160365178
1991-02-07,27640.886511,-0.004826071478989058
1991-02-08,27763.283098,0.004428099183841017
1991-02-11,28328.254298,0.020349581784176562
1991-02-12,28335.448803,0.00025396923242482217
1991-02-13,28452.194815,0.004120139857733296
1991-02-14,28127.894304,-0.011398084158661281
1991-02-15,28423.04231,0.010493071497286843
1991-02-19,28466.321802,0.0015226903414478077
1991-02-20,28224.449792,-0.008496777760132135
1991-02-21,28284.794501,0.002138029596492119
1991-02-22,28518.339498,0.00825690980331295
1991-02-25,28745.7285,0.007973430641568191
1991-02-26,28497.479803,-0.008636020374296782
1991-02-27,28836.728506,0.011904515955277084
1991-02-28,28905.005809,0.002367720145015406
1991-03-01,29051.159015,0.005056328546195754
1991-03-04,29236.768304,0.0063890493630276435
1991-03-05,29569.489806,0.011380242116379113
1991-03-06,29554.928298,-0.0004924504310198641
1991-03-07,29511.520304,-0.0014687226970174772
1991-03-08,29363.904627,-0.005001967891840264
1991-03-11,29199.665555,-0.0055932299905708804
1991-03-12,29039.373311,-0.005489523285740261
1991-03-13,29240.356803,0.006921068504046168
1991-03-14,29274.675607,0.0011736793853514005
1991-03-15,29165.034804,-0.003745243994225045
1991-03-18,29088.076015,-0.002638734687518518
1991-03-19,28758.381012,-0.011334369548195
1991-03-20,28969.269498,0.007333113985519724
1991-03-21,28927.169805999998,-0.0014532534899752703
1991-03-22,28985.701461,0.0020234145058968256
1991-03-25,29214.661971999998,0.007899084702437165
1991-03-26,29643.636103,0.014683521973012814
1991-03-27,29619.984797,-0.000797854416975774
1991-03-28,29623.520511,0.00011936920373956106
1991-04-01,29540.078612,-0.0028167448554607954
1991-04-02,30007.379006,0.01581919940491172
1991-04-03,30070.871011,0.0021158797303590937
1991-04-04,30099.036495,0.0009366367867993386
1991-04-05,29836.016806,-0.008738475367598308
1991-04-08,29839.886809,0.00012970910377085865
1991-04-09,29655.205312000002,-0.006189081687276943
1991-04-10,29476.983495,-0.0060097987899575545
1991-04-11,29874.286807,0.013478425024982421
1991-04-12,30042.101804,0.005617372494418182
1991-04-15,30118.810496,0.002553373012995408
1991-04-16,30408.000804,0.009601651035933356
1991-04-17,30662.001792,0.008353097253489539
1991-04-18,30559.9166,-0.003329371405445314
1991-04-19,30261.736809,-0.009757218741886176
1991-04-22,30018.008801,-0.008053999330518091
1991-04-23,29936.467296,-0.002716419518048907
1991-04-24,30059.892612,0.004122908517548929
1991-04-25,30049.254004,-0.0003539137061239206
1991-04-26,30030.078501,-0.0006381357419870115
1991-04-29,29844.226801,-0.006188851620677949
1991-04-30,29848.531001,0.00014422219844045792
1991-05-01,30000.562509,0.005093433509170131
1991-05-02,29962.575509,-0.0012662095915236815
1991-05-03,29984.606998,0.0007353002412420206
1991-05-06,29972.888501,-0.0003908170949440404
1991-05-07,29946.384998,-0.0008842492107197231
1991-05-08,30060.045101,0.003795453207710686
1991-05-09,30302.859001,0.008077629264499064
1991-05-10,30103.906009,-0.006565485850474895
1991-05-13,30056.542599,-0.001573331048331017
1991-05-14,29778.229806,-0.009259640961141735
1991-05-15,29571.385295,-0.0069461654486366875
1991-05-16,29708.815006,0.004647388332640556
1991-05-17,29794.496501,0.0028840428331691204
1991-05-20,29843.143004,0.001632734521906265
1991-05-21,30090.398801,0.008285179512320662
1991-05-22,30142.248004,0.0017231145171223705
1991-05-23,30295.905015,0.005097728974282401
1991-05-24,30302.551301,0.0002193790215776481
1991-05-28,30527.167299,0.0074124451030164185
1991-05-29,30718.907008000002,0.0062809531956240505
1991-05-30,30964.69251,0.008001114816226673
1991-05-31,31320.866504999998,0.011502584593241938
1991-06-03,31140.561995,-0.005756689712630214
1991-06-04,31068.901017,-0.002301210171207102
1991-06-05,30924.518996,-0.004647155717577456
1991-06-06,30752.770995,-0.005553780837212585
1991-06-07,30647.435504,-0.003425235762238299
1991-06-10,30478.793513,-0.005502646085281393
1991-06-11,30561.099013,0.002700418570206642
1991-06-12,30298.51651,-0.00859205040002986
1991-06-13,30381.500014,0.00273886359989306
1991-06-14,30599.834313,0.007186422622299293
1991-06-17,30627.466011,0.0009030015560660409
1991-06-18,30520.313005,-0.003498591948857821
1991-06-19,30336.956795,-0.006007677901925912
1991-06-20,30268.863013,-0.002244581830014747
1991-06-21,30364.871307,0.00317185002815501
1991-06-24,30066.318502000002,-0.009832177517945628
1991-06-25,29960.272505,-0.003527069567660801
1991-06-26,29866.244999,-0.003138406233932245
1991-06-27,29933.606498,0.0022554391756397507
1991-06-28,29868.717996,-0.002167747545032239
1991-07-01,30217.417013000002,0.011674388470462649
1991-07-02,30203.004998,-0.00047694397551589773
1991-07-03,29941.123998,-0.008670693529247875
1991-07-05,30040.801495,0.003329116736120463
1991-07-08,30182.008514,0.0047005077086077485
1991-07-09,30252.273007,0.002328025749757767
1991-07-10,30284.967505,0.0010807286445033704
1991-07-11,30286.775007,5.968314146942433e-05
1991-07-12,30501.801802,0.007099692686009185
1991-07-15,30603.246804000002,0.003325869162042361
1991-07-16,30617.211796,0.00045632386947169756
1991-07-17,30585.462510999998,-0.0010369750587200244
1991-07-18,30706.193305,0.003947326085279368
1991-07-19,30696.498799,-0.00031571826255716307
1991-07-22,30571.130513,-0.004084123300865938
1991-07-23,30362.336014,-0.006829793190383127
1991-07-24,30354.497802,-0.0002581557623361208
1991-07-25,30434.957999,0.002650684505631773
1991-07-26,30434.960998,9.85380035345429e-08
1991-07-29,30481.827499,0.0015398902927157287
1991-07-30,30699.570516,0.007143371472958515
1991-07-31,30780.221314000002,0.0026270985764431654
1991-08-01,30771.84931,-0.00027199297609314943
1991-08-02,30850.709306,0.0025627317749268297
1991-08-05,30776.444306,-0.0024072380075085276
1991-08-06,31022.481513,0.007994335036033862
1991-08-07,31038.012501999998,0.0005006365784596678
1991-08-08,31247.335496,0.006744084982455378
1991-08-09,31227.902499,-0.0006219089305226078
1991-08-12,31299.784506,0.0023018519095960865
1991-08-13,31451.798002,0.004856694651391491
1991-08-14,31454.537506,8.71016658514634e-05
1991-08-15,31495.475508,0.0013014975022980213
1991-08-16,31247.465007,-0.007874480286446328
1991-08-19,30503.817303,-0.02379865706973061
1991-08-20,30718.415495,0.007035125796498232
1991-08-21,31529.608501,0.02640738439559276
1991-08-22,31427.318999,-0.003244236349993268
1991-08-23,31604.198510000002,0.005628208725205974
1991-08-26,31620.236496,0.0005074637787421121
1991-08-27,31601.101512,-0.0006051499330949062
1991-08-28,31760.235511,0.005035710509634361
1991-08-29,31765.894814,0.0001781883197320422
1991-08-30,31720.593592,-0.001426096203656524
1991-09-03,31562.211313,-0.004993042722881036
1991-09-04,31424.989309,-0.0043476676155285165
1991-09-05,31333.991316,-0.002895720730569651
1991-09-06,31260.408495,-0.0023483385904440324
1991-09-09,30999.624316,-0.008342315137747192
1991-09-10,30760.995002,-0.0076978130950069446
1991-09-11,30687.007499,-0.002405237639263258
1991-09-12,30862.318816,0.005712884092908377
1991-09-13,30811.367798,-0.0016509134749002063
1991-09-16,30878.102312,0.0021659055981386732
1991-09-17,30858.819002,-0.0006244978983862559
1991-09-18,31006.900498,0.004798676708606342
1991-09-19,31158.801006,0.004898925902310003
1991-09-20,31234.395592,0.0024261070246394123
1991-09-23,31306.982992,0.002323957247265973
1991-09-24,31292.274795,-0.0004698056342177237
1991-09-25,31269.292296,-0.0007344464137095663
1991-09-26,31492.102804,0.0071255372808198825
1991-09-27,31505.24301,0.000417254004338119
1991-09-30,31662.231003,0.004982916429185247
1991-10-01,31733.401501,0.0022478042685385446
1991-10-02,31535.120299,-0.006248343783560428
1991-10-03,31278.683995,-0.008131768693716679
1991-10-04,31067.353516,-0.006756373734706389
1991-10-07,30861.553991,-0.006624301773693442
1991-10-08,30900.066999,0.0012479283451256595
1991-10-09,30726.573492,-0.005614664427931904
1991-10-10,30851.983512,0.004081484062407714
1991-10-11,30932.953008,0.002624450255151567
1991-10-14,31085.408799,0.004928588323286576
1991-10-15,31434.763517,0.011238543467739115
1991-10-16,31646.749993,0.006743695586746146
1991-10-17,31584.477793,-0.001967728124176338
1991-10-18,31659.492305,0.002375043605014948
1991-10-21,31575.387308,-0.0026565491382410933
1991-10-22,31524.879799,-0.0015995847812516617
1991-10-23,31543.256799,0.0005829364018885563
1991-10-24,31389.444504,-0.004876233801098029
1991-10-25,31323.132301,-0.0021125637630047267
1991-10-28,31420.368108,0.0031042810810109067
1991-10-29,31670.996245,0.00797661364559854
1991-10-30,31829.050997,0.004990520373193252
1991-10-31,31861.621513000002,0.0010232952280944119
1991-11-01,31775.843593,-0.002692201963575558
1991-11-04,31614.573001,-0.005075257609699735
1991-11-05,31563.001993,-0.001631241642845116
1991-11-06,31613.784508,0.0016089253807753945
1991-11-07,31888.974801,0.008704756399233515
1991-11-08,31961.081296,0.0022611731938695367
1991-11-11,32010.815293,0.0015560799254381585
1991-11-12,32218.324808,0.006482481408256469
1991-11-13,32232.793501,0.0004490827219050253
1991-11-14,32252.405502,0.0006084486905981734
1991-11-15,31498.876502,-0.023363497645261688
1991-11-18,31374.08031,-0.003961925181429016
1991-11-19,31013.092292,-0.011505931470601194
1991-11-20,30965.067995,-0.0015485168827356066
1991-11-21,31046.854492,0.002641250360348124
1991-11-22,30843.806796,-0.006540040829331573
1991-11-25,30812.178495,-0.0010254344157059059
1991-11-26,30937.230298,0.0040585187126671585
1991-11-27,30955.221009,0.0005815230008217043
1991-11-29,30924.678501,-0.0009866674184338953
1991-12-02,31202.515006999998,0.008984297314231338
1991-12-03,31307.545005,0.0033660747531549795
1991-12-04,31219.773803,-0.002803515957127356
1991-12-05,31134.305997,-0.0027376177207212304
1991-12-06,31186.080012,0.0016629249743029817
1991-12-09,31044.954798000002,-0.004525263000213275
1991-12-10,31037.588798,-0.00023726882670405125
1991-12-11,30979.457304,-0.0018729384675573169
1991-12-12,31153.136801,0.005606279519221102
1991-12-13,31300.574291999998,0.004732669199310369
1991-12-16,31458.566491999998,0.005047581508444754
1991-12-17,31423.341001,-0.001119742408127733
1991-12-18,31377.684812,-0.0014529387247061987
1991-12-19,31238.267296,-0.004443205954655971
1991-12-20,31361.379812,0.003941080176868894
1991-12-23,31874.094295,0.016348594547610285
1991-12-24,32124.709307,0.007862655160661758
1991-12-26,32515.862313,0.012176079237385284
1991-12-27,32872.569807,0.010970260931920217
1991-12-30,33650.279793,0.023658326396933882
1991-12-31,33874.501807,0.006663303110087115
1992-01-02,33396.345312,-0.014115528479925699
1992-01-03,33548.034793,0.00454209823209295
1992-01-06,33583.242501,0.001049471547804215
1992-01-07,33672.235507,0.0026499229786207668
1992-01-08,33873.421001,0.005974818451188968
1992-01-09,34080.578507,0.006115635795802321
1992-01-10,33931.240301,-0.004381915229793587
1992-01-13,33842.768007,-0.002607399352784423
1992-01-14,34140.010492,0.008783042951407527
1992-01-15,34371.495017,0.006780446803150264
1992-01-16,34359.331002,-0.0003538983391320194
1992-01-17,34400.779013,0.0012063101868191595
1992-01-20,34200.288002,-0.005828095082504814
1992-01-21,33729.650495,-0.013761214729316795
1992-01-22,33997.116007,0.007929685249470353
1992-01-23,34062.018496,0.0019090586679950672
1992-01-24,34210.416002,0.004356685615018119
1992-01-27,34401.9775,0.005599507997470887
1992-01-28,34476.800499,0.0021749621515214645
1992-01-29,34325.064301,-0.004401110190152324
1992-01-30,34388.446013,0.001846514006330846
1992-01-31,34296.479995,-0.0026743289872777076
1992-02-03,34357.971805,0.0017929481395455582
1992-02-04,34535.176296,0.005157594633516949
1992-02-05,34728.145999,0.005587627564025199
1992-02-06,34739.536507,0.00032799067362598855
1992-02-07,34545.185002,-0.005594533621968045
1992-02-10,34676.993008,0.0038155246814388644
1992-02-11,34641.703496,-0.001017663555541115
1992-02-12,34853.450005,0.006112473915275141
1992-02-13,34726.220002,-0.0036504278050449868
1992-02-14,34729.120502,8.352478328554902e-05
1992-02-18,34523.405502,-0.005923415192393033
1992-02-19,34413.153014,-0.0031935577153190398
1992-02-20,34683.990497,0.007870173444723738
1992-02-21,34578.094997,-0.0030531521454879584
1992-02-24,34647.845496,0.002017187442109103
1992-02-25,34659.787986,0.00034468203806148345
1992-02-26,34989.090453,0.009500994845467847
1992-02-27,34980.327497,-0.0002504482364801275
1992-02-28,34987.857243,0.0002152565895972014
1992-03-02,34935.851748,-0.0014863869667355312
1992-03-03,35203.384296,0.007657822397741043
1992-03-04,35052.072502,-0.004298217260241821
1992-03-05,34820.430498,-0.0066085109229071515
1992-03-06,34692.716004,-0.0036678034180920305
1992-03-09,34684.775008,-0.0002288951951495699
1992-03-10,34797.547376,0.0032513507143694387
1992-03-11,34619.987362,-0.005102658876541044
1992-03-12,34621.64681,4.7933235291175436e-05
1992-03-13,34795.5523,0.005023027672669045
1992-03-16,34776.1915,-0.0005564159417007497
1992-03-17,35547.020301000004,0.022165417423584355
1992-03-18,35657.110009,0.003097016488802673
1992-03-19,35779.313008,0.0034271705970885247
1992-03-20,35847.905493,0.0019170989947365769
1992-03-23,35709.5405,-0.0038597790051364544
1992-03-24,35661.215507,-0.0013532796088485677
1992-03-25,35626.478495999996,-0.0009740837631624366
1992-03-26,35647.891002000004,0.0006010278563572946
1992-03-27,35295.107002000004,-0.009896349828386941
1992-03-30,35213.164799,-0.0023216306723581326
1992-03-31,35246.908005,0.0009582554193185988
1992-04-01,35166.098507,-0.002292669132524572
1992-04-02,34951.846499,-0.006092572593953127
1992-04-03,34798.517517,-0.0043868635668329325
1992-04-06,34986.883505,0.005413046343367256
1992-04-07,34545.080501,-0.012627675281133954
1992-04-08,34169.722507,-0.010865743792061289
1992-04-09,34510.879993,0.009984204171693545
1992-04-10,34647.573005,0.003960867182399408
1992-04-13,34751.147511999996,0.0029893726462471015
1992-04-14,35072.072505,0.009234946641378805
1992-04-15,35320.862509,0.007093678423609973
1992-04-16,35228.222993,-0.002622798805561155
1992-04-20,34863.695010999996,-0.010347611972151949
1992-04-21,34794.970002,-0.001971248571854156
1992-04-22,34778.518496,-0.0004728127657261938
1992-04-23,34839.09751,0.0017418514824594222
1992-04-24,34870.990501,0.00091543677303485
1992-04-27,34688.827514,-0.0052239120364183655
1992-04-28,34588.678813,-0.002887059268854797
1992-04-29,34981.146305,0.011346703761708765
1992-04-30,35171.581301,0.005443932406891339
1992-05-01,35000.876796,-0.004853478253909138
1992-05-04,35276.473113,0.007873983232085768
1992-05-05,35282.761808,0.00017826881332094757
1992-05-06,35330.181295,0.0013439845570493159
1992-05-07,35249.83351,-0.002274196793079497
1992-05-08,35264.019357,0.0004024372766462392
1992-05-11,35369.773063,0.0029989124305256354
1992-05-12,35201.133802000004,-0.004767892084001191
1992-05-13,35231.479296,0.0008620601305253661
1992-05-14,34972.39811,-0.007353684579160191
1992-05-15,34821.616295,-0.004311451977806691
1992-05-18,34757.472301,-0.0018420739995692603
1992-05-19,34880.867307,0.0035501720301003292
1992-05-20,34904.556263,0.000679138961525938
1992-05-21,34771.801755,-0.003803357561680931
1992-05-22,34821.483857,0.0014288043613630563
1992-05-26,34472.796796,-0.010013561237997126
1992-05-27,34491.190001,0.0005335570858624461
1992-05-28,34653.495511,0.004705709196907826
1992-05-29,34770.297496,0.0033705686331966245
1992-06-01,34684.866796,-0.00245700227355905
1992-06-02,34647.637512,-0.0010733581368198575
1992-06-03,34642.972996,-0.00013462724546198235
1992-06-04,34586.863566,-0.0016196482330333994
1992-06-05,34594.989792,0.000234951226048441
1992-06-08,34451.103258,-0.004159172610401218
1992-06-09,34245.802992,-0.005959178272537113
1992-06-10,34073.855554,-0.0050209784258866685
1992-06-11,34041.004254,-0.0009641204221206845
1992-06-12,34095.634506,0.0016048366726308938
1992-06-15,33978.242510000004,-0.0034430213046582336
1992-06-16,33721.563005,-0.007554231356270313
1992-06-17,33362.215508,-0.010656312014562297
1992-06-18,33039.743748,-0.009665777739571113
1992-06-19,33190.225495,0.004554567618554994
1992-06-22,33004.635008,-0.005591721183935916
1992-06-23,33087.079309,0.0024979613008906387
1992-06-24,33073.823801,-0.00040062490485215374
1992-06-25,33067.950004,-0.0001775965499284382
1992-06-26,33078.145551,0.0003083211084682347
1992-06-29,33588.426245,0.015426520607488392
1992-06-30,33705.729261,0.0034923641597366384
1992-07-01,33966.417258,0.0077342339927246595
1992-07-02,33879.301749,-0.002564754131655911
1992-07-06,33919.387252,0.0011831856304767019
1992-07-07,33698.326246,-0.00651724644545193
1992-07-08,33595.942749,-0.0030382368623470546
1992-07-09,33887.233083,0.008670402142790579
1992-07-10,33946.188706,0.0017397591256742562
1992-07-13,34058.55245,0.003310054774430249
1992-07-14,34214.128188,0.004567890494711735
1992-07-15,34052.107387000004,-0.00473549406577678
1992-07-16,34010.445646,-0.0012234702694468025
1992-07-17,33822.116062,-0.005537404183415862
1992-07-20,33691.720376,-0.0038553379026011747
1992-07-21,33757.227378,0.0019443056415329174
1992-07-22,33624.354884,-0.003936119886629008
1992-07-23,33675.631754,0.0015249919344741958
1992-07-24,33744.263187,0.002038014713468428
1992-07-27,33758.426671,0.00041973013076379573
1992-07-28,34119.48317,0.010695299947439896
1992-07-29,34490.941397,0.010886982817096547
1992-07-30,34694.983188,0.0059158081146994945
1992-07-31,34780.189301,0.0024558626398030192
1992-08-03,34816.729995,0.001050618030964845
1992-08-04,34873.676296,0.0016356016492120595
1992-08-05,35021.638175,0.004242795561446799
1992-08-06,34834.553001,-0.005341988089339278
1992-08-07,34926.136806,0.002629108086943832
1992-08-10,34623.162498,-0.008674715720289883
1992-08-11,34609.882871,-0.00038354748792124305
1992-08-12,34478.013179,-0.0038101744663948667
1992-08-13,34441.33031,-0.0010639496194155829
1992-08-14,34529.693001,0.0025656004052301284
1992-08-17,34593.458512,0.0018466862997639222
1992-08-18,34578.028006,-0.0004460527123832936
1992-08-19,34387.829176,-0.005500569030917446
1992-08-20,34358.988048,-0.0008387016188893259
1992-08-21,34152.252545,-0.006016926421441249
1992-08-24,33732.16775,-0.012300353964836863
1992-08-25,33616.280372,-0.003435515287925739
1992-08-26,33880.31789,0.007854453707493603
1992-08-27,33891.491685,0.000329801952752673
1992-08-28,33896.076762000004,0.00013528696354292435
1992-08-31,33823.469762,-0.002142047308595907
1992-09-01,33874.380873,0.0015052007188569583
1992-09-02,34003.815376,0.0038210145739716594
1992-09-03,34075.471045,0.0021072832035953226
1992-09-04,34059.143548,-0.0004791568978881333
1992-09-08,33947.333548,-0.0032828188953848425
1992-09-09,34007.775559,0.0017804641685490452
1992-09-10,34241.439885,0.006870908848319646
1992-09-11,34315.084257,0.0021507381771133094
1992-09-14,34616.519258,0.008784329327080398
1992-09-15,34391.389747,-0.006503528252568946
1992-09-16,34359.647263,-0.0009229776474145579
1992-09-17,34378.950245,0.0005617922050320523
1992-09-18,34647.194751,0.007802579895208384
1992-09-21,34632.253762,-0.000431232286116634
1992-09-22,34358.785563,-0.007896344282971923
1992-09-23,34259.979427,-0.0028757167746464862
1992-09-24,34431.262441,0.004999507205337483
1992-09-25,34271.889752,-0.004628720462198865
1992-09-28,34317.986752,0.001345038173662605
1992-09-29,34435.504687,0.0034243831332312347
1992-09-30,34603.070556,0.004866078500172399
1992-10-01,34538.038057,-0.0018793852093199614
1992-10-02,34299.11425,-0.0069177006118786855
1992-10-05,33921.753559,-0.011002053529705957
1992-10-06,34014.94175,0.002747151347524568
1992-10-07,33908.178556,-0.0031387145915073855
1992-10-08,34093.923748,0.005477887633900558
1992-10-09,33916.458045,-0.005205200325773984
1992-10-12,34249.034245,0.009805746801707427
1992-10-13,34294.229251,0.0013195994280215118
1992-10-14,34284.007248,-0.0002980677281061439
1992-10-15,34304.523545000004,0.0005984217904164701
1992-10-16,34330.790879,0.0007657105036174006
1992-10-19,34639.690751,0.008997749952476486
1992-10-20,34854.546562,0.006202590333281188
1992-10-21,34944.249062,0.002573624070548064
1992-10-22,34939.670556,-0.00013102316183366547
1992-10-23,34976.126062,0.001043384365676081
1992-10-26,35172.587753,0.005617022612845801
1992-10-27,35151.277753,-0.0006058695524380209
1992-10-28,35301.360252,0.004269617168815021
1992-10-29,35387.354185,0.0024359948847898494
1992-10-30,35361.621185,-0.0007271806720973162
1992-11-02,35538.824371,0.005011172566804278
1992-11-03,35485.160554,-0.001510005408164039
1992-11-04,35363.582242000004,-0.003426173366610108
1992-11-05,35467.266047,0.0029319372763332296
1992-11-06,35531.290546,0.0018051715323970097
1992-11-09,35680.16356,0.004189912939054796
1992-11-10,35822.956687,0.004002031177908538
1992-11-11,36239.772051,0.0116354260660807
1992-11-12,36414.028554,0.004808432645623917
1992-11-13,36414.163756,3.712909704578493e-06
1992-11-16,36548.831548,0.00369822558338484
1992-11-17,36509.958059,-0.0010636041524050288
1992-11-18,36549.847257,0.001092556664555655
1992-11-19,36680.448565,0.0035732381337103547
1992-11-20,36902.705753,0.006059282170613356
1992-11-23,36937.676561,0.0009476488860753474
1992-11-24,37645.461748,0.019161605517638458
1992-11-25,37998.371881,0.00937457309894052
1992-11-27,37903.790751,-0.0024890837506459373
1992-11-30,37941.053263,0.0009830814085269868
1992-12-01,37696.015251,-0.006458387180278025
1992-12-02,37723.821753,0.0007376509642955664
1992-12-03,37863.252176,0.0036960842385731496
1992-12-04,38143.161245,0.007392631454342435
1992-12-07,38688.478059,0.014296581515552242
1992-12-08,38676.257753,-0.00031586422141927084
1992-12-09,38725.278763,0.0012674703512700614
1992-12-10,38475.329551,-0.006454419954719959
1992-12-11,38434.44231,-0.0010626872200225623
1992-12-14,38334.132001,-0.0026099067131227782
1992-12-15,38250.055016,-0.002193266955876516
1992-12-16,38596.335999,0.00905308457347731
1992-12-17,38851.524995,0.006611741487756895
1992-12-18,39021.3875,0.004372093631378915
1992-12-21,39023.869999,6.361893205375502e-05
1992-12-22,38911.747496,-0.002873177442495378
1992-12-23,39059.233995,0.0037902820739459386
1992-12-24,39145.813995000004,0.002216633332110085
1992-12-28,39289.715999,0.0036760508803923564
1992-12-29,39295.5133,0.000147552631842629
1992-12-30,39442.104513,0.0037304822024044615
1992-12-31,39594.105992,0.0038537872376942506
1993-01-04,39553.770495,-0.001018724782121616
1993-01-05,39328.940999,-0.00568414826668473
1993-01-06,39291.46651,-0.0009528476497995264
1993-01-07,39137.511495,-0.003918281211540364
1993-01-08,39086.544012,-0.0013022668292671513
1993-01-11,39177.901506,0.0023373131677222325
1993-01-12,39210.623512,0.000835215893199015
1993-01-13,39249.6335,0.0009948831338544295
1993-01-14,39396.375506,0.0037386847446612137
1993-01-15,39678.71401,0.007166611150739133
1993-01-18,39676.332309,-6.002465199361762e-05
1993-01-19,39639.505015,-0.0009281930021450835
1993-01-20,39816.985015,0.00447735156967366
1993-01-21,40687.001012,0.021850373569777926
1993-01-22,40877.960996,0.004693390499429517
1993-01-25,41133.686298,0.0062558233280036735
1993-01-26,40835.408501,-0.007251423926342926
1993-01-27,40503.513012,-0.008127639741668524
1993-01-28,40144.900813,-0.008853854205035372
1993-01-29,40291.486795,0.0036514221988692697
1993-02-01,40840.596795,0.013628437262537041
1993-02-02,41021.745498,0.004435505776501758
1993-02-03,41208.678499,0.004556924595251921
1993-02-04,41391.511999,0.004436771734974254
1993-02-05,41312.630995,-0.0019057289813889655
1993-02-08,41332.290516,0.00047587191922926486
1993-02-09,41153.987806,-0.004313884078865238
1993-02-10,41198.833992,0.0010897166566556926
1993-02-11,41367.042513,0.004082846641549676
1993-02-12,41181.210999,-0.004492260087039068
1993-02-16,40037.58651,-0.027770540527032428
1993-02-17,39770.944,-0.006659804779526324
1993-02-18,39923.192506,0.003828134076978351
1993-02-19,40124.323509,0.005037948880710852
1993-02-22,40003.252995,-0.0030173845541057176
1993-02-23,40132.482003000005,0.0032304624830423734
1993-02-24,40439.288003,0.007644829940422371
1993-02-25,40606.664501,0.00413895758964844
1993-02-26,40790.362503,0.004523838740694286
1993-03-01,40624.011512,-0.004078193494548299
1993-03-02,41040.267995,0.010246562747183274
1993-03-03,41468.278009,0.0104290258058779
1993-03-04,41383.194995,-0.002051761444773259
1993-03-05,41541.780001,0.0038321112233881127
1993-03-08,42165.359792,0.015010906874596941
1993-03-09,42235.005792,0.001651734986812814
1993-03-10,42096.985373999996,-0.0032679152142119916
1993-03-11,42041.075021,-0.001328131991003123
1993-03-12,41798.910812,-0.005760181177075774
1993-03-15,41887.930803,0.002129720350857678
1993-03-16,42102.677313,0.005126691767372238
1993-03-17,41984.736001,-0.0028012781971845646
1993-03-18,41860.73651,-0.002953442198541878
1993-03-19,41674.018503,-0.004460456804323054
1993-03-22,41312.217996,-0.008681680336969588
1993-03-23,41478.5565,0.004026375538977556
1993-03-24,41455.3465,-0.0005595662423787395
1993-03-25,41568.350513,0.002725921323561975
1993-03-26,41619.975798,0.001241937299962359
1993-03-29,41717.752512,0.0023492736871004727
1993-03-30,41878.912998,0.0038631152518018297
1993-03-31,42172.782004,0.00701711159537588
1993-04-01,42017.854309,-0.0036736418049276853
1993-04-02,41025.345304,-0.023621125384011066
1993-04-05,40984.909505999996,-0.000985629680880784
1993-04-06,40588.833009,-0.009663959290724056
1993-04-07,40642.675498,0.001326534541854274
1993-04-08,40665.424504,0.0005597319989705252
1993-04-12,40966.237507,0.007397267006776342
1993-04-13,41330.090504,0.00888177726689765
1993-04-14,41420.771012,0.0021940553938835095
1993-04-15,41489.578503,0.0016611832498256707
1993-04-16,41194.642302,-0.007108681544659934
1993-04-19,41112.571502,-0.00199226878578862
1993-04-20,41054.763512,-0.0014060903487194132
1993-04-21,41173.643301,0.002895639356569557
1993-04-22,41344.180312000004,0.004141897518111115
1993-04-23,41187.712796,-0.0037845112617842513
1993-04-26,40867.951496,-0.007763511938226664
1993-04-27,40849.098996,-0.00046130278885758713
1993-04-28,40839.372999,-0.00023809575337152555
1993-04-29,41042.852299,0.004982429578558545
1993-04-30,41373.211796,0.008049135927330697
1993-05-03,41535.542797,0.003923577453943006
1993-05-04,41790.802316,0.006145568393015832
1993-05-05,42487.187792,0.016663606281934973
1993-05-06,42513.052302,0.0006087602250028912
1993-05-07,42352.93051,-0.0037664148615474957
1993-05-10,42492.624013,0.0032983196515059543
1993-05-11,42582.368995,0.002112013180747274
1993-05-12,42659.240501,0.0018052425878192224
1993-05-13,42359.867016000004,-0.007017787505920969
1993-05-14,42380.401497,0.00048476264083263665
1993-05-17,42565.276502,0.004362275921644843
1993-05-18,42940.79851,0.008822261685116795
1993-05-19,43283.648247,0.00798424223341243
1993-05-20,43496.455296,0.004916569134505666
1993-05-21,43446.2928,-0.001153254803377246
1993-05-24,43331.24331,-0.002648085316038884
1993-05-25,43722.592512,0.009031571035250874
1993-05-26,44433.321998,0.016255428719258447
1993-05-27,44532.081002,0.002222633815325503
1993-05-28,44503.355000999996,-0.0006450630725906015
1993-06-01,45306.008992,0.018035808558297894
1993-06-02,45286.602795,-0.0004283360514811818
1993-06-03,45850.089509,0.012442680157545682
1993-06-04,45554.211513,-0.006453160706303862
1993-06-07,44786.097999,-0.01686152582798639
1993-06-08,44524.007301,-0.005852054760516312
1993-06-09,44543.849513,0.0004456519797479963
1993-06-10,44361.879512,-0.004085188033577936
1993-06-11,44512.214995,0.0033888438599480875
1993-06-14,44768.229509,0.005751556376800249
1993-06-15,44769.028509,1.7847478195331945e-05
1993-06-16,44894.264998,0.002797391258441584
1993-06-17,45075.76751,0.0040428885963070815
1993-06-18,44902.637999,-0.0038408555320015303
1993-06-21,44709.4215,-0.00430300997024502
1993-06-22,44436.849295,-0.006096527216304937
1993-06-23,43918.769001,-0.011658798997216335
1993-06-24,43480.050312,-0.00998932117132001
1993-06-25,44147.712503,0.015355598399934056
1993-06-28,44827.717012,0.015402938690284085
1993-06-29,45000.642006,0.0038575463022958445
1993-06-30,44634.775012,-0.008130261651627557
1993-07-01,44321.405299,-0.0070207526063647
1993-07-02,45262.107495000004,0.02122455706568549
1993-07-06,45141.544012,-0.002663673648279019
1993-07-07,45099.826506,-0.000924148850312001
1993-07-08,45274.085001,0.003863839586540685
1993-07-09,45337.277501,0.0013957764137828566
1993-07-12,45393.135801000004,0.001232061188472855
1993-07-13,45427.586512,0.0007589409806589842
1993-07-14,45557.610998000004,0.00286223627499238
1993-07-15,45572.429798,0.0003252760554244283
1993-07-16,45438.354495,-0.0029420266506369197
1993-07-19,45371.292500999996,-0.0014758895815072393
1993-07-20,45386.704503,0.00033968620135005345
1993-07-21,45372.590001,-0.00031098318669664504
1993-07-22,45266.884812000004,-0.002329714680111117
1993-07-23,45384.102501,0.002589479914220316
1993-07-26,45365.944,-0.0004001070859470657
1993-07-27,45369.177492,7.127575698628874e-05
1993-07-28,45395.890509,0.0005887921817560038
1993-07-29,45508.637498000004,0.002483638667197363
1993-07-30,45429.642501,-0.001735824259811669
1993-08-02,45508.404998,0.0017337247810889078
1993-08-03,45687.157001,0.003927889870186885
1993-08-04,45748.37451,0.0013399281771606653
1993-08-05,45775.629512,0.0005957589158505083
1993-08-06,45860.241507,0.0018484070214221937
1993-08-09,46098.618797,0.005197907428455606
1993-08-10,46226.0375,0.0027640460023563573
1993-08-11,46061.095496,-0.0035681622938154023
1993-08-12,46223.034496,0.0035157435631130163
1993-08-13,46302.659496,0.001722625977896186
1993-08-16,47026.30131,0.015628515119364028
1993-08-17,47196.70201,0.0036235190787534677
1993-08-18,48068.630007,0.018474341635465352
1993-08-19,47882.776997,-0.003866409547618299
1993-08-20,47934.182995,0.0010735801309773585
1993-08-23,47782.26001,-0.003169408040517796
1993-08-24,47570.321502,-0.004435506147169366
1993-08-25,47487.042492,-0.0017506505604865108
1993-08-26,47654.773512,0.0035321429004187
1993-08-27,47723.38801,0.0014398242388609095
1993-08-30,48027.730996,0.006377229251540717
1993-08-31,48126.629503000004,0.0020591959051374786
1993-09-01,47993.382498,-0.0027686751882697314
1993-09-02,47916.626996,-0.0015992934443243012
1993-09-03,47948.607012,0.000667409582119971
1993-09-07,47812.370506,-0.002841302688228353
1993-09-08,47068.850006,-0.015550797672888694
1993-09-09,47260.746012,0.004076921487895735
1993-09-10,47261.007998,5.543416515818578e-06
1993-09-13,47201.312012,-0.0012631128392887048
1993-09-14,46938.642512,-0.005564877093527043
1993-09-15,46863.882501,-0.001592717790696363
1993-09-16,46898.029804,0.000728648613338212
1993-09-17,47188.879801,0.006201752999338117
1993-09-20,47092.103009,-0.0020508389351076017
1993-09-21,46605.576998,-0.010331371502075859
1993-09-22,47088.188012,0.010355220235138685
1993-09-23,47161.980998,0.0015671230751370668
1993-09-24,47058.102998,-0.002202579234413471
1993-09-27,47192.075006,0.0028469487604652066
1993-09-28,47323.070498,0.002775794282903421
1993-09-29,47372.622000999996,0.0010470897699270676
1993-09-30,47518.964498,0.003089178745413701
1993-10-01,47575.678509,0.0011935026699156914
1993-10-04,47474.296995,-0.002130952561839372
1993-10-05,47443.874511,-0.000640820105312967
1993-10-06,47603.665503000004,0.0033680004773419814
1993-10-07,47580.062998,-0.0004958127646391697
1993-10-08,47863.469006,0.005956402538010774
1993-10-11,48269.829,0.008489982076916647
1993-10-12,48172.125009,-0.002024121340889695
1993-10-13,48074.776997,-0.0020208369878185195
1993-10-14,48383.033995,0.006412031781639627
1993-10-15,48853.69,0.009727707548241815
1993-10-18,48515.976506,-0.006912753038716302
1993-10-19,48406.8395,-0.002249506530833223
1993-10-20,48366.923498000004,-0.0008245942600735301
1993-10-21,48335.980500000005,-0.0006397553485343321
1993-10-22,48427.286995,0.0018889964381709756
1993-10-25,48347.247007,-0.0016527869506351989
1993-10-26,47990.170512,-0.007385663447358248
1993-10-27,47978.951007,-0.0002337875627507202
1993-10-28,48348.71201,0.007706733791367215
1993-10-29,48615.436804,0.005516688716440399
1993-11-01,48774.45901,0.003271022877797458
1993-11-02,48629.604009,-0.0029698945706460034
1993-11-03,48464.711995000005,-0.0033907743515551036
1993-11-04,48091.963998,-0.007691121677117607
1993-11-05,48193.56101,0.0021125569337161476
1993-11-08,48240.952007,0.0009833470697500069
1993-11-09,48379.380995,0.002869532673814401
1993-11-10,48656.500009,0.00572803967931379
1993-11-11,48804.928008999996,0.00305052767816294
1993-11-12,48785.931997,-0.00038922323574563933
1993-11-15,48282.155012999996,-0.010326275698309573
1993-11-16,48330.377007,0.0009987539700127002
1993-11-17,48387.742813,0.001186951345148568
1993-11-18,48424.815498,0.0007661585939910953
1993-11-19,47967.314003,-0.009447666249113529
1993-11-22,47421.633002,-0.011376100837454994
1993-11-23,47669.080513,0.0052180301549202834
1993-11-24,47812.64801,0.003011753015895513
1993-11-26,47947.440494999995,0.0028191805016071214
1993-11-29,47892.393513,-0.0011480692489880262
1993-11-30,47921.090801,0.0005992034620738718
1993-12-01,48151.551995,0.004809180887743736
1993-12-02,48099.21651,-0.0010868909273253902
1993-12-03,48090.173998,-0.0001879970747157289
1993-12-06,48174.691795,0.0017574857808482225
1993-12-07,48111.940991999996,-0.0013025678143833153
1993-12-08,48217.270495,0.00218925906600842
1993-12-09,48288.203492,0.0014711118292636272
1993-12-10,48305.541512,0.00035905291036297804
1993-12-13,48066.860002,-0.0049410792743253
1993-12-14,47577.933498,-0.010171800362654415
1993-12-15,47492.89601,-0.0017873304229065745
1993-12-16,47117.289495,-0.00790868838406722
1993-12-17,47800.524492,0.014500727956189063
1993-12-20,47811.340505,0.00022627393977270316
1993-12-21,47591.248806,-0.004603336712071027
1993-12-22,47470.45101,-0.0025382354746021907
1993-12-23,47304.089001,-0.0035045382013528803
1993-12-27,47567.170013,0.005561485646503828
1993-12-28,47655.901992,0.0018654037853365057
1993-12-29,47729.704992,0.0015486644238187353
1993-12-30,47715.208013,-0.00030373074802003686
1993-12-31,47882.854006,0.003513470861414403
1994-01-03,47649.901002,-0.004865060966725454
1994-01-04,47653.290492,7.113320130214262e-05
1994-01-05,47885.583005,0.004874637419613137
1994-01-06,47914.086001,0.0005952312619232902
1994-01-07,48029.084992000004,0.002400108206125351
1994-01-10,48353.376005,0.0067519714992281266
1994-01-11,48244.712010999996,-0.0022472886689186566
1994-01-12,48272.665495,0.00057941031949027
1994-01-13,48214.277001,-0.001209556037589099
1994-01-14,48315.454007,0.002098486429608748
1994-01-17,48191.139014,-0.0025729861294895295
1994-01-18,47871.061,-0.006641843719589424
1994-01-19,47929.329013,0.0012171865795913561
1994-01-20,47910.632007,-0.00039009530041467233
1994-01-21,47955.8185,0.0009431412424991681
1994-01-24,47796.453298,-0.0033231671773050753
1994-01-25,47630.865501,-0.0034644369105715223
1994-01-26,47576.418502,-0.0011431032887457837
1994-01-27,47476.097998,-0.002108618243211957
1994-01-28,47922.986798,0.009412921845826983
1994-01-31,48328.076817,0.008452937641543423
1994-02-01,48471.438799,0.002966432588303869
1994-02-02,48659.245003,0.0038745745670720755
1994-02-03,48573.097004,-0.0017704343541435907
1994-02-04,47320.801002,-0.025781679144257108
1994-02-07,47499.817006,0.003783029877123756
1994-02-08,47571.014013,0.0014988901323769177
1994-02-09,47822.200009,0.005280232116375627
1994-02-10,47696.155009,-0.002635700573714206
1994-02-11,47593.715996,-0.0021477415313807535
1994-02-14,47600.821002000004,0.0001492845400137277
1994-02-15,47816.355014,0.004527947364415086
1994-02-16,47756.389014,-0.0012540897352473213
1994-02-17,47725.715001,-0.0006423017659691332
1994-02-18,47203.862011,-0.010934419526015815
1994-02-22,47355.804001,0.0032188465843026037
1994-02-23,47322.083997,-0.0007120564144424968
1994-02-24,46985.125008,-0.007120544163299325
1994-02-25,47098.413996,0.002411167108328671
1994-02-28,47296.464992,0.004205045970694821
1994-03-01,47123.019009999996,-0.003667208152434709
1994-03-02,46821.746229,-0.006393325116458848
1994-03-03,46928.287245,0.0022754601137455754
1994-03-04,47042.862218,0.00244149061741461
1994-03-07,47508.076005,0.009889147153592903
1994-03-08,47496.069013,-0.00025273580851259414
1994-03-09,47501.691001,0.00011836743791282522
1994-03-10,47346.578014,-0.003265420319388923
1994-03-11,47386.104011,0.0008348226769063771
1994-03-14,47538.507001,0.003216195827464796
1994-03-15,47715.118016,0.003715114885629145
1994-03-16,47971.442013,0.005371966111747728
1994-03-17,48408.339016,0.009107439440356968
1994-03-18,48795.461008,0.007997010429794837
1994-03-21,48637.32301,-0.0032408341827956377
1994-03-22,48817.631016,0.0037071942870483543
1994-03-23,48837.16001,0.0004000397723846749
1994-03-24,48358.122014,-0.009808883151721126
1994-03-25,48230.326999,-0.0026426794440653767
1994-03-28,47963.441998,-0.005533551555757188
1994-03-29,47312.244001,-0.013576965494410453
1994-03-30,46590.661001,-0.01525150656529306
1994-03-31,46128.585992,-0.009917760320895308
1994-04-04,45556.007007,-0.012412671506976225
1994-04-05,46490.509012,0.020513255361832128
1994-04-06,46962.412998,0.010150544617143042
1994-04-07,47171.844016,0.004459545509489127
1994-04-08,46759.68001,-0.008737500400879061
1994-04-11,47045.849997000005,0.006120015939775625
1994-04-12,46620.10201,-0.00904963959684335
1994-04-13,46186.693013000004,-0.009296611940210475
1994-04-14,46128.074992,-0.00126915388775517
1994-04-15,46122.433009,-0.00012231126057138386
1994-04-18,45589.23501,-0.011560491591932287
1994-04-19,45162.989501000004,-0.009349696455895673
1994-04-20,44855.44601,-0.006809635376178846
1994-04-21,45197.256997,0.007620278414438131
1994-04-22,45005.969011,-0.004232291928970233
1994-04-25,45238.033509,0.005156304887986796
1994-04-26,45631.225506,0.008691624425314126
1994-04-28,45675.010002999996,0.000959529280979643
1994-04-29,46032.665513,0.007830441853795111
1994-05-02,46447.242003,0.009006136954700539
1994-05-03,46484.274003,0.0007972916884408932
1994-05-04,46282.11301,-0.004349019046461788
1994-05-05,46426.528001,0.003120319743586286
1994-05-06,46241.339981000005,-0.003988840604147836
1994-05-09,45845.698786,-0.00855600627409514
1994-05-10,45951.078006,0.0022985628486522636
1994-05-11,45679.223995,-0.005916161770231021
1994-05-12,45779.604998,0.002197519883678112
1994-05-13,45719.004501,-0.0013237444272978793
1994-05-16,45429.400006,-0.006334444464854094
1994-05-17,45561.561996,0.002909173134193699
1994-05-18,45598.678513,0.0008146454022639471
1994-05-19,45893.064999,0.006456031086867542
1994-05-20,46031.534496,0.0030172205103977667
1994-05-23,45913.74451,-0.0025588976619982384
1994-05-24,45873.615504,-0.0008740085660243757
1994-05-25,45787.170512,-0.0018844163698513716
1994-05-26,45973.030507,0.0040592155602035
1994-05-27,45961.284016,-0.00025550830281284576
1994-05-31,45749.881495,-0.004599578221670342
1994-06-01,46202.251502,0.009887894617813142
1994-06-02,46173.648996,-0.0006190716917499062
1994-06-03,46272.697996,0.002145141268964368
1994-06-06,46455.303999,0.003946301186409817
1994-06-07,46294.488015999996,-0.0034617356718507075
1994-06-08,46188.045292,-0.00229925264457409
1994-06-09,46125.450995,-0.001355205586300201
1994-06-10,46230.821499,0.0022844330348428254
1994-06-13,46239.248501,0.00018228103517881067
1994-06-14,46357.336498,0.0025538476689870304
1994-06-15,46306.443517,-0.0010978409210846696
1994-06-16,46307.695307,2.7032738965315772e-05
1994-06-17,46189.629807,-0.002549587044167967
1994-06-20,45562.09781,-0.013585993211508662
1994-06-21,45286.631311,-0.006045957325071627
1994-06-22,45531.215292,0.005400798732861256
1994-06-23,45333.156307,-0.004349960433294275
1994-06-24,44883.110005,-0.009927530722816713
1994-06-27,44893.916513,0.00024077003573919065
1994-06-28,44942.332305,0.0010784488358459576
1994-06-29,44962.581512000004,0.0004505597720780852
1994-06-30,44883.638495,-0.001755749210683888
1994-07-01,45347.892006,0.010343491004004113
1994-07-05,45308.336012,-0.000872278561366624
1994-07-06,45313.646496,0.00011720765906297892
1994-07-07,45687.197498,0.008243675600748013
1994-07-08,45885.583992,0.004342277593382349
1994-07-11,46100.250001,0.004678288698198196
1994-07-12,46042.724299,-0.0012478392633175073
1994-07-13,46185.595499,0.0031030136069316594
1994-07-14,46609.199495,0.009171777291670402
1994-07-15,46616.564511,0.00015801635899759248
1994-07-18,46728.333514,0.0023976241958720834
1994-07-19,46798.517798,0.001501964198637129
1994-07-20,47410.141998,0.013069307080194159
1994-07-21,47880.875314000004,0.009928958154562517
1994-07-22,47549.753513,-0.006915533578459532
1994-07-25,47517.712811,-0.0006738352910966583
1994-07-26,47431.155291999996,-0.0018215842867749243
1994-07-27,47543.027302,0.002358618703493409
1994-07-28,47926.642304,0.008068796283484891
1994-07-29,48876.807111,0.019825399012371347
1994-08-01,48911.682793,0.0007135425585553801
1994-08-02,48806.499796000004,-0.0021504677613555234
1994-08-03,48790.859799,-0.000320449060378758
1994-08-04,48539.775808,-0.005146127615589746
1994-08-05,48387.2948,-0.0031413620162387135
1994-08-08,48378.263814,-0.00018663961350462444
1994-08-09,48366.841314,-0.00023610810102481228
1994-08-10,48527.203008000004,0.0033155295992750577
1994-08-11,48375.856504,-0.003118797182171229
1994-08-12,48584.815008,0.0043194791596654625
1994-08-15,48548.633007,-0.0007447183033225668
1994-08-16,48472.221499,-0.0015739167772031992
1994-08-17,48461.467798,-0.0002218528606167114
1994-08-18,48450.909998999996,-0.00021785966211362862
1994-08-19,48966.39481,0.010639321552694092
1994-08-22,48845.529802,-0.002468325643923408
1994-08-23,48474.399799,-0.007598034139549958
1994-08-24,49624.763998,0.023731375814244338
1994-08-25,48587.294010000005,-0.020906295655971463
1994-08-26,48797.695002,0.004330370651156157
1994-08-29,48786.813011,-0.00022300215203929774
1994-08-30,49446.720506,0.013526349730022424
1994-08-31,49529.135003999996,0.0016667333476645396
1994-09-01,49117.780810000004,-0.008305297356127284
1994-09-02,48986.700993,-0.00266868361799677
1994-09-06,48904.612008000004,-0.0016757402179772285
1994-09-07,49130.918798,0.004627514271311917
1994-09-08,49385.548805,0.005182683597815485
1994-09-09,49112.089301,-0.005537237321787347
1994-09-12,48840.870511,-0.005522444552047978
1994-09-13,48907.370001,0.001361554151354083
1994-09-14,48999.738517,0.0018886420594299569
1994-09-15,49178.583499,0.003649917069209474
1994-09-16,49101.499506,-0.0015674301192828421
1994-09-19,49058.112995999996,-0.0008836086562835632
1994-09-20,48743.494002,-0.006413189884120651
1994-09-21,48488.948514,-0.0052221428359147115
1994-09-22,48481.182003,-0.00016017074484009353
1994-09-23,48402.592996,-0.0016210208528979475
1994-09-26,48389.604311,-0.0002683468838347025
1994-09-27,48473.331013,0.0017302621749475389
1994-09-28,48662.224297,0.0038968496707878497
1994-09-29,48675.226513,0.00026719321173329647
1994-09-30,48806.942815,0.002706023401140678
1994-10-03,48671.748499,-0.0027699812404240465
1994-10-04,48364.379099,-0.006315150153406113
1994-10-05,47974.665002,-0.00805787449896267
1994-10-06,47554.34251,-0.0087613429292831
1994-10-07,47628.279993,0.0015547998163247811
1994-10-10,47849.801499,0.0046510498811327405
1994-10-11,48429.458502,0.012114094203966808
1994-10-12,48823.445007,0.008135265542639214
1994-10-13,49049.301497,0.0046259842984781585
1994-10-14,49137.472496,0.0017975994827448272
1994-10-17,49333.533506,0.003990050770640741
1994-10-18,49916.374494,0.011814296414205172
1994-10-19,50058.432009,0.0028459101134652443
1994-10-20,49711.396012000005,-0.0069326182038143
1994-10-21,49585.360012,-0.002535354267049428
1994-10-24,49247.632493,-0.0068110329120988355
1994-10-25,49253.957496,0.00012843263076467437
1994-10-26,49339.388,0.0017344901474554142
1994-10-27,49802.016505,0.009376454061408301
1994-10-28,50698.004546000004,0.017990999238154393
1994-10-31,50487.566001,-0.004150825005529879
1994-11-01,50288.80351,-0.003936860235965067
1994-11-02,50018.437513,-0.005376266248733441
1994-11-03,49725.32581,-0.005860073156499834
1994-11-04,49616.30401,-0.0021924803553138306
1994-11-07,49573.747007000005,-0.000857722150997331
1994-11-08,49974.246992,0.008078872572279794
1994-11-09,49835.257992,-0.002781212491751006
1994-11-10,49719.068013,-0.0023314814386764526
1994-11-11,49599.056002,-0.002413802506688545
1994-11-14,49736.938017,0.0027799322429531426
1994-11-15,49784.476013,0.0009557885526396692
1994-11-16,49882.931502,0.001977634332724243
1994-11-17,49901.773508,0.00037772451282735986
1994-11-18,50038.409998,0.0027381088966327294
1994-11-21,49796.571502,-0.0048330571656787225
1994-11-22,49368.042503000004,-0.008605592434868359
1994-11-23,49157.383498999996,-0.00426711275795888
1994-11-25,49431.374492,0.005573750543610201
1994-11-28,49605.523995999996,0.0035230560709611503
1994-11-29,49633.581505,0.0005656125919013544
1994-11-30,49518.704001,-0.0023145116777122388
1994-12-01,49002.347999,-0.01042749426539058
1994-12-02,49157.322993,0.0031626034328633423
1994-12-05,49098.78201,-0.0011908903788014902
1994-12-06,49015.847516999995,-0.0016891354450120355
1994-12-07,48819.113514,-0.004013681553333592
1994-12-08,48172.829524,-0.013238339320001402
1994-12-09,47877.617997,-0.006128174946686937
1994-12-12,47970.083013,0.0019312785361584872
1994-12-13,48304.922995,0.006980183501230419
1994-12-14,48599.803014,0.00610455416791611
1994-12-15,49012.714997,0.008496165774191766
1994-12-16,49253.214511,0.004906880061933183
1994-12-19,49156.180509000005,-0.0019701049558566996
1994-12-20,49160.403496,8.590958362231227e-05
1994-12-21,49509.572995999995,0.007102657325186668
1994-12-22,49317.865514,-0.0038721295781622977
1994-12-23,49217.293006,-0.0020392713056782696
1994-12-27,49509.784499,0.005942860225253366
1994-12-28,49480.164011,-0.000598275437870277
1994-12-29,49613.616511,0.0026970908982906217
1994-12-30,49783.578015,0.0034257027798469952
1995-01-03,49566.772517,-0.004354960142372244
1995-01-04,49757.314505,0.0038441475674990677
1995-01-05,49702.601005,-0.0010996071742277458
1995-01-06,49884.775003,0.0036652809775825634
1995-01-09,50504.803497,0.012429213000614059
1995-01-10,51052.300507,0.010840493816246966
1995-01-11,50952.921500000004,-0.001946611729796044
1995-01-12,51439.536496,0.009550286454133916
1995-01-13,51861.847009,0.008209842890649632
1995-01-16,53156.11101,0.02495599512249158
1995-01-17,53633.689499,0.008984451268644555
1995-01-18,53000.736515000004,-0.011801406726117514
1995-01-19,53109.061511,0.002043839446822293
1995-01-20,52948.944507,-0.0030148716517394147
1995-01-23,52527.758992999996,-0.007954559206450718
1995-01-24,52596.606005,0.001310678645346064
1995-01-25,53036.392509,0.008361499674678363
1995-01-26,53123.808514,0.0016482268281192702
1995-01-27,53286.052008,0.003054063677630392
1995-01-30,53333.329493,0.0008872394035290831
1995-01-31,54089.981504,0.014187226227819094
1995-02-01,54423.073015,0.006158099924204352
1995-02-02,54156.31403,-0.004901578874946577
1995-02-03,54299.029033,0.0026352421791657754
1995-02-06,54618.420512,0.005882084536095178
1995-02-07,54812.783013,0.0035585522096395206
1995-02-08,55090.7129,0.0050705304807106
1995-02-09,54865.902008,-0.004080740294794771
1995-02-10,54214.684307999996,-0.011869260800725479
1995-02-13,52939.868513,-0.02351421595960268
1995-02-14,52087.807507,-0.01609488330691211
1995-02-15,53618.095799,0.02937901142785382
1995-02-16,53618.334514,4.452134982457778e-06
1995-02-17,53970.536002,0.00656867639012626
1995-02-21,53895.209516,-0.0013956964592163335
1995-02-22,53720.363014,-0.003244193752472424
1995-02-23,53521.797498,-0.0036962802345221757
1995-02-24,53334.721492,-0.0034953236764327933
1995-02-27,52862.139493,-0.008860681855644037
1995-02-28,53089.257,0.00429641155613969
1995-03-01,52767.075986,-0.006068666849114002
1995-03-02,52628.059498999995,-0.0026345308016857416
1995-03-03,53188.030496,0.010640160445411162
1995-03-06,52859.209992000004,-0.006182227484898606
1995-03-07,52329.011,-0.010030399472111817
1995-03-08,52722.101996,0.0075119133438237284
1995-03-09,52666.740507,-0.0010500622491150802
1995-03-10,52987.381513,0.006088111831363152
1995-03-13,53279.868482,0.0055199362687556874
1995-03-14,53189.789024,-0.001690684691356359
1995-03-15,53194.092014,8.08987980391862e-05
1995-03-16,53364.410002,0.003201821509711378
1995-03-17,53235.670998,-0.0024124506200887685
1995-03-20,53320.463496,0.0015927759791585228
1995-03-21,53191.473497,-0.002419146244099557
1995-03-22,53196.295999,9.066306464089458e-05
1995-03-23,53701.521508,0.009497381340413114
1995-03-24,53899.258005,0.003682139564156417
1995-03-27,54324.475986,0.007889124947889847
1995-03-28,54335.863011,0.00020961131779606568
1995-03-29,54401.830511,0.001214069241646909
1995-03-30,54455.892017,0.0009937442452248035
1995-03-31,54226.283998,-0.004216403597398055
1995-04-03,53972.699998000004,-0.004676403789891759
1995-04-04,54154.450011,0.0033674434113306617
1995-04-05,54168.959502,0.000267927954157976
1995-04-06,54244.693524,0.0013981073791384802
1995-04-07,54277.081302,0.0005970681350733198
1995-04-10,54240.985499,-0.0006650284454161604
1995-04-11,54356.183502,0.0021238183993195214
1995-04-12,54484.168014999996,0.002354552964434875
1995-04-13,54593.854996,0.002013189977863039
1995-04-17,54310.837489,-0.005184054268025928
1995-04-18,54168.250007,-0.002625396487927034
1995-04-19,54101.764993,-0.001227379765663672
1995-04-20,54173.700996,0.0013296424434454668
1995-04-21,54318.947002,0.0026811165441831264
1995-04-24,54114.054998,-0.003772017229871083
1995-04-25,54008.615996,-0.0019484587138017817
1995-04-26,54063.186496999995,0.001010403617897504
1995-04-27,53783.446496000004,-0.005174315816836139
1995-04-28,53739.498303,-0.0008171323309166256
1995-05-01,54320.743011,0.01081596826086395
1995-05-02,55070.244793,0.01379770858156748
1995-05-03,55488.765015,0.007599752344903177
1995-05-04,55219.578512,-0.0048511892979998805
1995-05-05,55023.67631,-0.003547694627140774
1995-05-08,55452.851303,0.007799824035421787
1995-05-09,55393.906008,-0.0010629804169658419
1995-05-10,55478.567011,0.0015283450671952359
1995-05-11,55630.155012,0.002732370520131644
1995-05-12,55651.378993,0.0003815193575393838
1995-05-15,55734.024289,0.0014850538745929676
1995-05-16,55797.871987,0.0011455784651208667
1995-05-17,55743.778999,-0.000969445358285359
1995-05-18,55443.395799000005,-0.005388640766629482
1995-05-19,55323.520802,-0.0021621149872311785
1995-05-22,55602.706297000004,0.005046415899653267
1995-05-23,55916.663796,0.005646442770663063
1995-05-24,55848.157505,-0.0012251498274276074
1995-05-25,55694.391005000005,-0.002753295844831305
1995-05-26,55498.39101,-0.00351920528195393
1995-05-30,55057.508011,-0.007944068124795867
1995-05-31,55503.968283,0.008108980739026661
1995-06-01,55611.326503000004,0.0019342440427432273
1995-06-02,55495.555496,-0.0020817882665280507
1995-06-05,55597.275015,0.001832930909346997
1995-06-06,55615.940512,0.0003357268318449069
1995-06-07,55695.925509,0.001438166760530546
1995-06-08,55462.077894,-0.004198648516258396
1995-06-09,55267.559009,-0.0035072412067174152
1995-06-12,55257.449501999996,-0.00018291936863634728
1995-06-13,55652.671099,0.007152367699954976
1995-06-14,55605.693002,-0.0008441301391702849
1995-06-15,55736.14151,0.002345955979638825
1995-06-16,55954.459997,0.003917000371488344
1995-06-19,56164.438498999996,0.003752667830433154
1995-06-20,56476.259503,0.00555192951863237
1995-06-21,56562.0415,0.0015189036553571178
1995-06-22,58260.050008,0.030020283267180092
1995-06-23,58229.278003,-0.0005281836351972435
1995-06-26,57542.604297,-0.011792584925484073
1995-06-27,57437.141008,-0.0018327861640683452
1995-06-28,57259.368512,-0.0030950791226749264
1995-06-29,57147.913004,-0.001946502570608022
1995-06-30,57324.261008,0.003085817044406358
1995-07-03,57244.998358,-0.0013827068784880714
1995-07-05,57579.0085,0.005834748040539184
1995-07-06,57936.393511,0.006206862888234577
1995-07-07,58340.525496,0.006975442558799783
1995-07-10,58731.187014,0.006696228987974839
1995-07-11,58637.755522,-0.0015908326861796551
1995-07-12,59646.787505,0.01720788891077918
1995-07-13,59711.922995,0.0010920200856507911
1995-07-14,59488.490509,-0.003741840402941121
1995-07-17,59569.8355,0.0013674072127900505
1995-07-18,59161.887007,-0.006848239374439791
1995-07-19,58052.409516,-0.018753247185451127
1995-07-20,58450.508504,0.00685757906207618
1995-07-21,58813.891502,0.006216934759004422
1995-07-24,59340.926509000004,0.008961063339637754
1995-07-25,59795.574509,0.007661626245944131
1995-07-26,59665.774011999994,-0.002170737518049415
1995-07-27,59737.29801,0.0011987441575067592
1995-07-28,59892.980509,0.0026061188601791407
1995-07-31,60347.763515,0.007593260547981151
1995-08-01,60530.189516,0.0030229123727949503
1995-08-02,60556.527003,0.0004351132420135073
1995-08-03,60114.952011,-0.007291947108824859
1995-08-04,59744.152499,-0.006168174465682852
1995-08-07,59848.658501000005,0.0017492256167119802
1995-08-08,59953.686009,0.0017548849152273505
1995-08-09,60245.505503,0.0048674153905432505
1995-08-10,60071.182511,-0.0028935435190484693
1995-08-11,59963.161505,-0.0017982167402851301
1995-08-14,60434.906993000004,0.007867255097292913
1995-08-15,60444.064508,0.0001515269147525089
1995-08-16,60362.034009,-0.0013571307566376811
1995-08-17,60374.597993,0.00020814381434086648
1995-08-18,61311.436520999996,0.01551709757319819
1995-08-21,60918.795797,-0.006404037260903439
1995-08-22,60634.818797,-0.004661566209323897
1995-08-23,60779.290495999994,0.0023826524407317695
1995-08-24,60849.777299,0.0011597174370543417
1995-08-25,61528.727308,0.011157805979532531
1995-08-28,61256.429803,-0.004425534492805916
1995-08-29,61118.540521,-0.002251017280038181
1995-08-30,61394.754003,0.004519307556192231
1995-08-31,61666.390512,0.004424425399387033
1995-09-01,61959.782997,0.004757737278994867
1995-09-05,62972.527015,0.016345183424045118
1995-09-06,64072.152515,0.01746198782427877
1995-09-07,64540.874309,0.007315530626043287
1995-09-08,65931.567502,0.021547479917018775
1995-09-11,65497.023494,-0.006590833867051948
1995-09-12,65248.378808999994,-0.0037962745745657722
1995-09-13,65496.063398,0.003796026713936307
1995-09-14,66215.58350000001,0.010985699974480845
1995-09-15,66140.733517,-0.0011303982996692108
1995-09-18,65841.565308,-0.004523206700196347
1995-09-19,66440.562809,0.009097558634852287
1995-09-20,67556.373299,0.016794115564729317
1995-09-21,66872.133007,-0.010128434351731719
1995-09-22,66558.799002,-0.004685569173742299
1995-09-25,66146.344801,-0.006196839594230119
1995-09-26,66434.284504,0.004353070511549095
1995-09-27,65386.572511,-0.015770652168864974
1995-09-28,65830.616499,0.00679105771946209
1995-09-29,66015.63460399999,0.0028105175804149507
1995-10-02,66171.927305,0.0023675103926146246
1995-10-03,65942.580007,-0.0034659304533007917
1995-10-04,65466.990999,-0.007212168646563599
1995-10-05,65633.954507,0.0025503464486789085
1995-10-06,65864.019304,0.003505270994687004
1995-10-09,64957.048998,-0.013770345563240194
1995-10-10,64975.759801,0.00028804884594713087
1995-10-11,65506.979816,0.008175664534388671
1995-10-12,65815.186936,0.004704950844409472
1995-10-13,65828.347836,0.00019996752440731846
1995-10-16,65805.028798,-0.0003542400617146946
1995-10-17,65850.771008,0.0006951172400579964
1995-10-18,66092.878301,0.0036766052894141588
1995-10-19,66243.418501,0.002277706825149828
1995-10-20,65933.883314,-0.004672693438900866
1995-10-23,65774.881016,-0.002411541532337469
1995-10-24,65653.196507,-0.0018500148859318388
1995-10-25,65441.302501,-0.0032274743237735715
1995-10-26,65093.110004,-0.005320684089297867
1995-10-27,65071.666507,-0.00032942806079905296
1995-10-30,65260.942000999996,0.00290872362980954
1995-10-31,65154.998501,-0.0016233829416432144
1995-11-01,65209.586504,0.0008378175774059748
1995-11-02,65476.253803,0.004089387976469405
1995-11-03,65772.890007,0.004530439461189806
1995-11-06,65494.155498,-0.004237832775332406
1995-11-07,65327.451507,-0.0025453262162468127
1995-11-08,65274.949001,-0.0008036821395730476
1995-11-09,65447.876001,0.002649209270119135
1995-11-10,65431.423998,-0.0002513756596126404
1995-11-13,65213.983003,-0.003323189099577628
1995-11-14,65022.471004,-0.0029366707902381828
1995-11-15,65024.887000999996,3.7156339380617354e-05
1995-11-16,66156.075503,0.017396239411882508
1995-11-17,67803.230007,0.02489800810396181
1995-11-20,68038.133007,0.0034644809690591583
1995-11-21,67714.203501,-0.004760999334985749
1995-11-22,66967.775508,-0.011023211592365079
1995-11-24,67247.840498,0.004182085904384625
1995-11-27,67640.127007,0.0058334439603553445
1995-11-28,67594.227301,-0.0006785869280707679
1995-11-29,67891.997806,0.004405265314654905
1995-11-30,68005.459498,0.0016712086205536991
1995-12-01,68382.642514,0.005546363759384665
1995-12-04,68823.136317,0.006441602529615675
1995-12-05,69391.057511,0.008251893540337285
1995-12-06,69623.006511,0.0033426353239136564
1995-12-07,69394.374514,-0.003283856995803247
1995-12-08,69611.264001,0.003125462092842257
1995-12-11,69958.46761600001,0.004987750473759878
1995-12-12,70007.721511,0.0007040447951252027
1995-12-13,70144.750513,0.0019573412623989928
1995-12-14,69981.921501,-0.002321328550022095
1995-12-15,69800.18080799999,-0.0025969663178999625
1995-12-18,67649.23381399999,-0.030815779688545875
1995-12-19,68526.662817,0.012970272588932463
1995-12-20,69188.775514,0.009662117922890179
1995-12-21,68935.426507,-0.0036617067597725095
1995-12-22,69048.903017,0.0016461276262429436
1995-12-26,68821.829003,-0.003288596980955516
1995-12-27,68799.186801,-0.00032899738829983427
1995-12-28,69071.128308,0.003952684902898351
1995-12-29,69028.93101100001,-0.0006109252597095161
1996-01-02,68530.625698,-0.007218789364137779
1996-01-03,67873.355007,-0.009590904567199687
1996-01-04,67312.160704,-0.008268256415822295
1996-01-05,66786.288711,-0.007812436675632473
1996-01-08,66888.457704,0.0015297899459889575
1996-01-09,66259.976579,-0.009395957786636489
1996-01-10,66223.631806,-0.0005485177459526591
1996-01-11,66606.968111,0.005788512265877621
1996-01-12,66799.778804,0.00289475258322347
1996-01-15,66544.295007,-0.0038246204040530696
1996-01-16,66624.718706,0.0012085739129334971
1996-01-17,66794.508101,0.0025484444557168917
1996-01-18,67316.084601,0.007808673419846368
1996-01-19,66940.374698,-0.005581279797048921
1996-01-22,67817.072507,0.013096697067430663
1996-01-23,67841.268006,0.0003567759283253924
1996-01-24,67956.843401,0.0017036148998539336
1996-01-25,68018.809591,0.0009118462085464518
1996-01-26,68100.437407,0.0012000771035369784
1996-01-29,68563.112508,0.006794010708548681
1996-01-30,69244.413005,0.009936837347057415
1996-01-31,68974.309517,-0.0039007260842905955
1996-02-01,69114.953605,0.0020390793178630684
1996-02-02,69335.050694,0.0031845075127718836
1996-02-05,69359.754008,0.0003562889729327168
1996-02-06,69576.829007,0.0031296967831655476
1996-02-07,69671.220801,0.001356655589902056
1996-02-08,70220.571198,0.007884896958660903
1996-02-09,70027.024004,-0.0027562748450772334
1996-02-12,70197.044604,0.002427928395047463
1996-02-13,69869.977598,-0.004659270313231434
1996-02-14,71352.699504,0.021221159029575
1996-02-15,72246.013707,0.012519697351463632
1996-02-16,70936.741114,-0.0181224198515626
1996-02-20,70745.366298,-0.00269782362418447
1996-02-21,71519.110701,0.010937032960445237
1996-02-22,72963.583088,0.020197012698310868
1996-02-23,73634.470697,0.009194828167784053
1996-02-26,73024.979101,-0.008277259145489158
1996-02-27,72814.887003,-0.0028769894984760347
1996-02-28,73798.422804,0.013507345015305594
1996-02-29,73541.5655,-0.0034805256567905785
1996-03-01,74026.354998,0.0065920475679839274
1996-03-04,75008.32520600001,0.013265143313169192
1996-03-05,75778.847506,0.010272490392017941
1996-03-06,76365.700898,0.007744290277752253
1996-03-07,76378.089394,0.00016222591889181182
1996-03-08,75038.567364,-0.01753804056409425
1996-03-11,74981.756008,-0.0007570954243358852
1996-03-12,74631.747717,-0.004667912698158805
1996-03-13,74301.118501,-0.004430141677155053
1996-03-14,75051.770101,0.010102830416878428
1996-03-15,74894.94360700001,-0.00208957755145478
1996-03-18,73239.613698,-0.02210202490686286
1996-03-19,73038.046202,-0.002752164925816758
1996-03-20,71997.792414,-0.014242628904981847
1996-03-21,72407.849601,0.0056954133349269576
1996-03-22,72456.916004,0.0006776392790337482
1996-03-25,72385.212501,-0.0009896019173109005
1996-03-26,72343.254507,-0.000579648695504198
1996-03-27,72515.683007,0.0023834772319140107
1996-03-28,72395.291498,-0.0016602134049867878
1996-03-29,72488.663207,0.0012897483671652221
1996-04-01,72663.99020100001,0.002418681573687298
1996-04-02,72869.928207,0.0028341136432274983
1996-04-03,73145.649301,0.0037837431816420963
1996-04-04,74325.916399,0.016135848259998475
1996-04-08,73240.331301,-0.014605741181478393
1996-04-09,73130.970007,-0.0014931840429633914
1996-04-10,71223.429404,-0.02608389582166648
1996-04-11,70605.585607,-0.008674726872465066
1996-04-12,71488.512807,0.012505061637962944
1996-04-15,71862.923502,0.005237354650400983
1996-04-16,72026.271205,0.002273045612950053
1996-04-17,71416.879114,-0.008460691922612007
1996-04-18,71911.004098,0.006918882344484123
1996-04-19,72352.879407,0.0061447523163187245
1996-04-22,72863.979304,0.007063988346959205
1996-04-23,72986.358507,0.0016795569521315112
1996-04-24,72750.970698,-0.0032250932066629767
1996-04-25,73539.940911,0.010844806679970231
1996-04-26,73766.113898,0.0030755122209538133
1996-04-29,73632.024808,-0.0018177599837427838
1996-04-30,73576.852004,-0.000749304452021593
1996-05-01,73699.656309,0.0016690616906702704
1996-05-02,73246.447499,-0.006149401947002753
1996-05-03,73583.325198,0.0045992360107922625
1996-05-06,73513.337007,-0.0009511419987026093
1996-05-07,74486.760002,0.01324144753362666
1996-05-08,73085.235514,-0.018815753134682756
1996-05-09,75894.167117,0.03843363961606072
1996-05-10,76514.940304,0.00817945845618162
1996-05-13,76985.407517,0.006148697380286672
1996-05-14,77139.472007,0.0020012167885969934
1996-05-15,76456.609798,-0.008852305975571517
1996-05-16,75595.416208,-0.011263821300412147
1996-05-17,76106.152308,0.006756178160256754
1996-05-20,76330.950514,0.002953745514426176
1996-05-21,76098.733699,-0.003042236647602059
1996-05-22,75372.448401,-0.009543986643361757
1996-05-23,75172.350009,-0.002654794905101454
1996-05-24,74754.137602,-0.005563380776973603
1996-05-28,73887.602501,-0.011591801187160189
1996-05-29,73130.194501,-0.010250813050670327
1996-05-30,72868.230301,-0.0035821619481186673
1996-05-31,72756.256004,-0.0015366682645848728
1996-06-03,72248.835004,-0.0069742593677731834
1996-06-04,74056.223314,0.025016158529060695
1996-06-05,74895.020188,0.011326487315501899
1996-06-06,74647.733398,-0.0033017788015713423
1996-06-07,74261.543407,-0.005173499226573175
1996-06-10,73576.090707,-0.009230251198029893
1996-06-11,74113.917704,0.007309806648219341
1996-06-12,74716.643998,0.008132430623991382
1996-06-13,74745.12840100001,0.0003812323663892059
1996-06-14,74633.212798,-0.0014972962839745474
1996-06-17,73944.292504,-0.009230746850796945
1996-06-18,73757.577008,-0.002525083271165296
1996-06-19,73094.711004,-0.008987090288067656
1996-06-20,71915.509407,-0.016132516030270105
1996-06-21,71711.774607,-0.00283297444014452
1996-06-24,71692.445198,-0.0002695430298013113
1996-06-25,71276.097604,-0.005807412382854871
1996-06-26,71254.808781,-0.00029868109668784726
1996-06-27,70644.944428,-0.008558922035345029
1996-06-28,71537.457693,0.01263378819569505
1996-07-01,73235.265444,0.02373312954852369
1996-07-02,73903.109998,0.009119166155145075
1996-07-03,73159.759686,-0.010058444252482923
1996-07-05,71853.146227,-0.017859728689759935
1996-07-08,71763.280514,-0.0012506858463247061
1996-07-09,72231.119508,0.006519197431460011
1996-07-10,71558.309104,-0.009314688856864373
1996-07-11,70971.745814,-0.008196997628151292
1996-07-12,71002.408007,0.0004320337994836443
1996-07-15,69446.952994,-0.021907074093130086
1996-07-16,69023.682504,-0.0060948748901421546
1996-07-17,70451.391179,0.020684330699354714
1996-07-18,70666.783197,0.0030573139067295863
1996-07-19,70515.84830900001,-0.00213586753452788
1996-07-22,70000.080798,-0.00731420699556673
1996-07-23,69021.84301699999,-0.013974809312333747
1996-07-24,68839.293804,-0.002644803514664673
1996-07-25,68810.631301,-0.00041636834743841167
1996-07-26,69380.73690599999,0.008285138418599347
1996-07-29,69150.170004,-0.003323212065510006
1996-07-30,68950.487507,-0.002887664585473182
1996-07-31,69091.894401,0.002050846906421766
1996-08-01,69454.879401,0.005253655340426544
1996-08-02,70781.395007,0.019098954852996286
1996-08-05,70653.59920699999,-0.0018054998772963904
1996-08-06,70614.685694,-0.000550764765514411
1996-08-07,70629.720607,0.0002129148186702512
1996-08-08,70687.281298,0.0008149641610546432
1996-08-09,70739.316902,0.0007361381431638669
1996-08-12,70808.829798,0.0009826628110687352
1996-08-13,70419.150201,-0.005503262772618478
1996-08-14,72172.000007,0.024891663716429147
1996-08-15,72969.895601,0.011055472952427703
1996-08-16,72552.597807,-0.005718766493538419
1996-08-19,72192.013007,-0.004969977794030189
1996-08-20,71827.313998,-0.005051791656850435
1996-08-21,71822.129607,-7.217854478236418e-05
1996-08-22,71657.539005,-0.002291641906200903
1996-08-23,71809.102098,0.002115103241117744
1996-08-26,71552.724007,-0.0035702728973009412
1996-08-27,71626.290205,0.0010281397252298596
1996-08-28,71501.719707,-0.001739172832258551
1996-08-29,71233.137101,-0.003756309737732111
1996-08-30,71329.733502,0.0013560599031745557
1996-09-03,71237.437707,-0.0012939315832073417
1996-09-04,71574.378907,0.004729833228783953
1996-09-05,71400.359607,-0.0024313071612693804
1996-09-06,71554.339607,0.0021565717714522314
1996-09-09,72380.792707,0.011550006673797242
1996-09-10,72065.654002,-0.004353899608086631
1996-09-11,72396.165007,0.00458624860312562
1996-09-12,72478.533999,0.0011377535259227134
1996-09-13,72851.501298,0.00514590015031402
1996-09-16,73874.530008,0.01404265789685355
1996-09-17,73791.281604,-0.0011268891184956775
1996-09-18,73656.728799,-0.001823424150864783
1996-09-19,73631.185699,-0.0003467856965209126
1996-09-20,73826.050702,0.002646500951330566
1996-09-23,73555.217502,-0.003668531601307201
1996-09-24,73542.988105,-0.00016626144841014323
1996-09-25,73579.238808,0.0004929185491924226
1996-09-26,73472.189599,-0.0014548833439188558
1996-09-27,73627.783507,0.0021177252079895847
1996-09-30,73682.467499,0.0007427086541971217
1996-10-01,73582.755304,-0.0013532689442213863
1996-10-02,73872.842508,0.00394232592679522
1996-10-03,73624.107205,-0.003367073670856424
1996-10-04,73959.525902,0.00455582702097912
1996-10-07,73992.945205,0.00045185934593861
1996-10-08,73727.180207,-0.0035917613126993375
1996-10-09,73699.931001,-0.000369595119784738
1996-10-10,73631.385999,-0.0009300551719522154
1996-10-11,73861.677205,0.0031276228591312627
1996-10-14,73980.095204,0.0016032400492522747
1996-10-15,73733.195204,-0.0033373841885330213
1996-10-16,74310.902708,0.007835107408564523
1996-10-17,74539.002198,0.0030695292573192923
1996-10-18,74559.247801,0.00027161086683480384
1996-10-21,74433.932499,-0.0016807479379952195
1996-10-22,74443.137505,0.00012366679672770609
1996-10-23,74360.205704,-0.001114028824946156
1996-10-24,74329.692699,-0.00041034051360022694
1996-10-25,74489.750807,0.002153353554792181
1996-10-28,74115.865007,-0.00501929186162442
1996-10-29,73919.737701,-0.00264622568975581
1996-10-30,74026.125799,0.001439238034506074
1996-10-31,74025.125905,-1.3507312306537678e-05
1996-11-01,74050.045398,0.0003366356044025576
1996-11-04,74113.445002,0.0008561723853002245
1996-11-05,74774.992799,0.008926150943086686
1996-11-06,74957.899201,0.0024460905331231686
1996-11-07,75232.921699,0.0036690262258087802
1996-11-08,75492.450699,0.0034496732831716947
1996-11-11,75900.237502,0.005401689827581713
1996-11-12,76328.171999,0.005638118022868177
1996-11-13,76173.881505,-0.002021409526249629
1996-11-14,76405.225301,0.003037048807665421
1996-11-15,76152.942605,-0.0033019036984200945
1996-11-18,76336.251301,0.0024071124467350824
1996-11-19,76586.718904,0.003281109547970562
1996-11-20,76634.185702,0.0006197784508761295
1996-11-21,76526.818502,-0.0014010353084134008
1996-11-22,76631.428402,0.0013669704562104812
1996-11-25,77059.222504,0.00558248894638691
1996-11-26,76519.32840099999,-0.00700622307695864
1996-11-27,77020.629007,0.00655129385575548
1996-11-29,77135.513999,0.0014916132662272652
1996-12-02,77355.867501,0.002856706211912474
1996-12-03,76997.69139800001,-0.0046302383331860986
1996-12-04,76515.476304,-0.0062627214562505085
1996-12-05,76649.847701,0.0017561335757245722
1996-12-06,76159.62770699999,-0.006395576882452403
1996-12-09,77093.902701,0.012267326169113302
1996-12-10,77074.447498,-0.00025235722045957587
1996-12-11,76747.840198,-0.004237556162935419
1996-12-12,76304.45020400001,-0.005777230901301
1996-12-13,76039.574998,-0.0034712943385590833
1996-12-16,75634.757701,-0.0053237711679825495
1996-12-17,75471.180207,-0.002162729133696084
1996-12-18,76214.422704,0.009848030664969754
1996-12-19,77121.102707,0.01189643601344792
1996-12-20,77175.587702,0.0007064862027064134
1996-12-23,76621.427707,-0.00718050890833255
1996-12-24,77240.390201,0.008078190560046883
1996-12-26,78554.162501,0.017008877047115067
1996-12-27,78531.442498,-0.0002892272322260192
1996-12-30,78416.562501,-0.0014628535188684344
1996-12-31,78072.385004,-0.004389091870682371
1997-01-02,76883.372501,-0.015229616758077436
1997-01-03,77619.687007,0.009577031834684613
1997-01-06,77500.451702,-0.0015361477171280669
1997-01-07,77318.706498,-0.0023450857383237045
1997-01-08,77382.445201,0.0008243632865436723
1997-01-09,78048.184504,0.008603234251266745
1997-01-10,78146.941377,0.0012653320974420623
1997-01-13,77808.56080400001,-0.004330055240006847
1997-01-14,79125.342505,0.016923352487099308
1997-01-15,78960.554001,-0.002082626106668428
1997-01-16,79081.271205,0.0015288292429973538
1997-01-17,79693.597507,0.007743000241013931
1997-01-20,79778.28880200001,0.0010627114052992326
1997-01-21,79948.750199,0.002136689061143615
1997-01-22,80180.45249899999,0.0028981353607562266
1997-01-23,79682.915804,-0.006205211862656879
1997-01-24,79024.592804,-0.008261783512281573
1997-01-27,78561.641501,-0.005858319373416188
1997-01-28,78662.810507,0.0012877659385299722
1997-01-29,79682.832498,0.012967016871450632
1997-01-30,79887.053507,0.0025629235633048975
1997-01-31,80277.046801,0.004881808464319182
1997-02-03,80334.572998,0.0007165958302204345
1997-02-04,80444.228999,0.0013649913967019867
1997-02-05,80531.523504,0.0010851555927160472
1997-02-06,80479.163507,-0.0006501801371905369
1997-02-07,81423.383704,0.01173248025767415
1997-02-10,81280.46580399999,-0.0017552439299202138
1997-02-11,81064.290301,-0.00265962431270117
1997-02-12,82074.879299,0.01246651261915166
1997-02-13,83068.134299,0.012101814933916266
1997-02-14,82481.213102,-0.0070655396555242556
1997-02-18,81848.418102,-0.007671989489502984
1997-02-19,82421.91030799999,0.0070067598042677925
1997-02-20,81622.228499,-0.009702296464758953
1997-02-21,81561.319807,-0.0007462267708207015
1997-02-24,81794.274002,0.002856184715392507
1997-02-25,81959.857607,0.0020243911572090934
1997-02-26,81484.345504,-0.005801768291010201
1997-02-27,81040.975599,-0.005441166671434239
1997-02-28,80381.607807,-0.008136227224887271
1997-03-03,80833.481799,0.0056216092751588675
1997-03-04,80775.93169900001,-0.0007119586923534094
1997-03-05,81587.609004,0.010048504398867175
1997-03-06,81649.846804,0.0007628339739305101
1997-03-07,82789.939299,0.01396319208946939
1997-03-10,83066.53919899999,0.0033409844522416243
1997-03-11,82947.53799900001,-0.001432600914248905
1997-03-12,82788.598207,-0.0019161483973391125
1997-03-13,81734.338299,-0.01273436114190496
1997-03-14,81964.530199,0.002816342614262224
1997-03-17,81220.624499,-0.009075946610001773
1997-03-18,80648.363301,-0.007045762102051323
1997-03-19,81463.45370499999,0.010106719722976498
1997-03-20,81271.735201,-0.0023534296089906537
1997-03-21,81649.764199,0.004651420288554808
1997-03-24,81215.894504,-0.005313789932602342
1997-03-25,81751.318504,0.006592601156090616
1997-03-26,81979.840505,0.002795331074554097
1997-03-27,81096.872707,-0.010770547887881565
1997-03-31,79222.645804,-0.023110963967396314
1997-04-01,79337.249601,0.0014466040087015575
1997-04-02,78675.245704,-0.008344175029123546
1997-04-03,78407.647104,-0.0034013061872953942
1997-04-04,79450.175682,0.01329626148093932
1997-04-07,80984.53780199999,0.019312255848763504
1997-04-08,81033.376001,0.0006030558465297542
1997-04-09,80386.477499,-0.007983111822861932
1997-04-10,80562.149507,0.0021853427773617096
1997-04-11,79236.12456699999,-0.016459651934743746
1997-04-14,79515.104941,0.003520873534950786
1997-04-15,80288.784807,0.00972997352608762
1997-04-16,80552.843058,0.003288855991963713
1997-04-17,80497.646679,-0.0006852195019393381
1997-04-18,80804.480998,0.0038117178782077765
1997-04-21,80212.768901,-0.007322763412274669
1997-04-22,80360.168504,0.0018376077153241521
1997-04-23,80484.129102,0.0015425626937781711
1997-04-24,80393.539504,-0.0011255585294983605
1997-04-25,80257.92030700001,-0.0016869414860536391
1997-04-28,80432.420304,0.0021742402037394637
1997-04-29,81146.829601,0.008882106174349147
1997-04-30,81435.09630800001,0.00355240874372309
1997-05-01,81297.319799,-0.0016918566471501029
1997-05-02,82392.186392,0.013467437742190613
1997-05-05,84230.618698,0.022313187530347056
1997-05-06,84671.19689199999,0.005230618043773783
1997-05-07,83940.077492,-0.00863480648481385
1997-05-08,84671.295808,0.00871119419766675
1997-05-09,84718.566201,0.00055828120437873
1997-05-12,85334.795004,0.007273834185743455
1997-05-13,85434.614302,0.0011697373620611629
1997-05-14,85576.660708,0.0016626329639399806
1997-05-15,85402.595208,-0.0020340300563249647
1997-05-16,85451.152299,0.0005685669256505488
1997-05-19,85551.776502,0.001177564026847877
1997-05-20,86107.369299,0.006494228638104449
1997-05-21,87344.860428,0.014371489212531063
1997-05-22,88044.934708,0.008015059805116742
1997-05-23,89147.76929899999,0.012525815308484622
1997-05-27,89576.796808,0.004812543402640257
1997-05-28,89070.6243,-0.005650710072664711
1997-05-29,88725.251005,-0.003877521884619761
1997-05-30,89614.658499,0.010024288282372673
1997-06-02,89566.2468,-0.0005402207608763421
1997-06-03,89268.086499,-0.0033289359736796698
1997-06-04,89922.04130499999,0.0073257401569519764
1997-06-05,91231.903902,0.014566646597325095
1997-06-06,92356.942002,0.012331630185077547
1997-06-09,93049.439005,0.007498050368374143
1997-06-10,93969.030308,0.009882824795435896
1997-06-11,94126.002505,0.0016704673495671063
1997-06-12,95062.561002,0.009950050698798618
1997-06-13,96412.963005,0.014205403144688988
1997-06-16,93881.675505,-0.026254638599466307
1997-06-17,94263.85980800001,0.004070914807859927
1997-06-18,95325.471302,0.011262126292752361
1997-06-19,96199.248302,0.009166248937094723
1997-06-20,95258.069799,-0.009783636770688053
1997-06-23,95190.501302,-0.0007093204506722905
1997-06-24,95983.8521,0.008334348355651944
1997-06-25,95749.770205,-0.002438763290684931
1997-06-26,95439.668999,-0.003238662665571601
1997-06-27,95768.549803,0.0034459549938656853
1997-06-30,95485.485201,-0.0029557156559463227
1997-07-01,95703.834201,0.0022867245167197403
1997-07-02,96269.378805,0.005909320234884552
1997-07-03,96249.013008,-0.00021155010297990717
1997-07-07,96570.428004,0.0033394108256807886
1997-07-08,97085.871906,0.005337492156280543
1997-07-09,96695.322198,-0.00402272442254159
1997-07-10,96377.338903,-0.003288507528305007
1997-07-11,96723.337203,0.0035900379066104993
1997-07-14,96059.563402,-0.0068626023480444776
1997-07-15,96174.352706,0.0011949804885080795
1997-07-16,98054.475601,0.019549108905857926
1997-07-17,97497.667902,-0.00567855465634981
1997-07-18,96288.780398,-0.012399142769395466
1997-07-21,96929.217708,0.0066512142676729
1997-07-22,98224.129002,0.013359349478099913
1997-07-23,98052.872804,-0.0017435247300234824
1997-07-24,98189.161007,0.0013899460475006453
1997-07-25,98211.5444,0.0002279619539513611
1997-07-28,98003.274899,-0.002120621381858645
1997-07-29,98113.004409,0.0011196514617810571
1997-07-30,98383.627467,0.0027582791866394007
1997-07-31,98245.120946,-0.0014078208393613068
1997-08-01,98388.8563,0.0014630279103529098
1997-08-04,98272.660499,-0.0011809853815730742
1997-08-05,98472.825804,0.0020368361249569755
1997-08-06,98630.980402,0.001606073520372009
1997-08-07,98363.057006,-0.0027164223138409493
1997-08-08,96306.3961,-0.020908875431500218
1997-08-11,95369.197898,-0.009731422210284557
1997-08-12,95076.520981,-0.0030688830717967575
1997-08-13,95067.089503,-9.919881273190434e-05
1997-08-14,95250.890897,0.0019333861482548897
1997-08-15,94561.55669900001,-0.007237036751135628
1997-08-18,94523.812599,-0.00039914846283839456
1997-08-19,95605.950507,0.011448309989259275
1997-08-20,95867.905198,0.0027399412861943695
1997-08-21,94625.831207,-0.012956098168982466
1997-08-22,93768.991967,-0.009055024712286142
1997-08-25,94195.242746,0.004545754092675214
1997-08-26,94081.422007,-0.0012083491233938481
1997-08-27,93777.975403,-0.0032253615807106284
1997-08-28,92731.234902,-0.01116190125135208
1997-08-29,92188.474309,-0.005853050415791428
1997-09-02,93622.955609,0.015560310665212462
1997-09-03,95254.658006,0.017428443551969375
1997-09-04,95250.6155,-4.243893248501163e-05
1997-09-05,95539.681799,0.0030347971767175075
1997-09-08,95012.214203,-0.005520926865861919
1997-09-09,95569.839204,0.0058689822743063225
1997-09-10,94572.961503,-0.010430881848321416
1997-09-11,93660.104905,-0.009652405756279903
1997-09-12,94707.898206,0.011187189060515967
1997-09-15,94806.267,0.001038654598648714
1997-09-16,96922.284201,0.022319381070029953
1997-09-17,97229.719503,0.0031719774717899885
1997-09-18,97344.739204,0.0011829685572264381
1997-09-19,97801.671498,0.004693959814740856
1997-09-22,98064.048205,0.0026827425644291303
1997-09-23,98487.221202,0.004315271546972754
1997-09-24,98227.501903,-0.0026370862720079824
1997-09-25,97939.759102,-0.0029293506953291804
1997-09-26,98073.16589999999,0.0013621311633109645
1997-09-29,98167.068305,0.0009574729655994485
1997-09-30,98275.557003,0.0011051435055891012
1997-10-01,98473.711507,0.002016315247075795
1997-10-02,100457.024907,0.020140536693988853
1997-10-03,100098.405505,-0.0035698787848037483
1997-10-06,100509.418503,0.0041060893620274985
1997-10-07,100704.385009,0.0019397834442171913
1997-10-08,100180.121405,-0.005205965995950912
1997-10-09,100200.1642,0.00020006758545410008
1997-10-10,99482.055903,-0.007166737726763128
1997-10-13,99073.659908,-0.004105222708688294
1997-10-14,99430.957006,0.003606378308137481
1997-10-15,99725.544398,0.002962733145394747
1997-10-16,98940.736908,-0.007869673660219512
1997-10-17,97683.737209,-0.012704571830396083
1997-10-20,97991.262003,0.003148167778860067
1997-10-21,98979.790508,0.010087925033251954
1997-10-22,98694.559298,-0.0028817115952266548
1997-10-23,97488.392,-0.012221213677625964
1997-10-24,97604.737907,0.0011934334397474267
1997-10-27,93276.086508,-0.04434878359208794
1997-10-28,95873.6395,0.02784800573485935
1997-10-29,95942.20360200001,0.0007151507166889282
1997-10-30,94726.457899,-0.012671646651387314
1997-10-31,94873.277305,0.0015499302861776698
1997-11-03,96280.321804,0.014830777843550358
1997-11-04,96320.607208,0.00041841783705298674
1997-11-05,96530.42800500001,0.002178358329354202
1997-11-06,96263.253801,-0.0027677718779633986
1997-11-07,95209.978199,-0.010941616457068593
1997-11-10,95442.945302,0.002446876970321865
1997-11-11,95028.910498,-0.00433803465190552
1997-11-12,94161.760197,-0.009125120939045717
1997-11-13,94277.2022,0.0012259966546768197
1997-11-14,95337.50000100001,0.011246598077345293
1997-11-17,97526.159505,0.022956963461146396
1997-11-18,97148.623805,-0.003871122393378501
1997-11-19,96864.3425,-0.002926251488344467
1997-11-20,97772.922208,0.009379919220532607
1997-11-21,96230.665307,-0.01577386526014879
1997-11-24,95683.072305,-0.005690421034220794
1997-11-25,95675.53720600001,-7.875059630157999e-05
1997-11-26,95548.412405,-0.0013287074701895385
1997-11-28,96456.123302,0.009500010247710966
1997-12-01,97739.759204,0.013307977327483789
1997-12-02,97914.397002,0.0017867631291734742
1997-12-03,97951.9055,0.0003830743909829515
1997-12-04,98178.948706,0.002317904943666571
1997-12-05,98937.952199,0.0077308170743697335
1997-12-08,99087.167505,0.0015081705521848843
1997-12-09,98451.307202,-0.006417181144752426
1997-12-10,97611.806597,-0.008527064077245128
1997-12-11,96451.250697,-0.01188950333427874
1997-12-12,96302.587306,-0.0015413319156121208
1997-12-15,96648.798497,0.003595035197755614
1997-12-16,97004.642605,0.003681826505179453
1997-12-17,97136.845502,0.0013628512352581446
1997-12-18,96411.807529,-0.0074640881042927765
1997-12-19,96202.180305,-0.0021742899482196654
1997-12-22,96087.330099,-0.0011938420276534911
1997-12-23,96005.2935,-0.0008537712403443587
1997-12-24,95766.18100499999,-0.0024906178220267527
1997-12-26,96143.117319,0.003936006532204939
1997-12-29,96700.522497,0.005797660753505074
1997-12-30,97413.260803,0.007370573473603592
1997-12-31,97768.269807,0.0036443601320146346
1998-01-02,97545.408303,-0.002279487040529049
1998-01-05,98161.393508,0.0063148559805765725
1998-01-06,97789.028706,-0.0037933936010153824
1998-01-07,98431.767802,0.0065727117295784065
1998-01-08,98019.958301,-0.004183705222366552
1998-01-09,96390.910006,-0.016619557110986616
1998-01-12,95973.6302,-0.0043290368975044125
1998-01-13,96868.263805,0.009321660576302682
1998-01-14,97092.951597,0.002319519140472348
1998-01-15,97297.167104,0.0021032989896898613
1998-01-16,98033.049298,0.007563243780915219
1998-01-20,100093.152197,0.021014371314083347
1998-01-21,100808.05550599999,0.007142379806292176
1998-01-22,99718.569705,-0.010807527191466826
1998-01-23,99713.163701,-5.421261071025807e-05
1998-01-26,99217.671505,-0.00496917535868957
1998-01-27,100095.36410600001,0.008846131819932657
1998-01-28,100672.222202,0.005763085045468408
1998-01-29,101643.264001,0.00964557827134871
1998-01-30,101312.289706,-0.0032562344219558836
1998-02-02,103591.793508,0.02249977577858453
1998-02-03,104561.218698,0.00935812729147445
1998-02-04,105002.181208,0.00421726635831976
1998-02-05,105406.6654,0.003852150377702701
1998-02-06,105948.00040199999,0.005135680935790088
1998-02-09,106132.018502,0.0017368718550778706
1998-02-10,106671.468303,0.005082818631116703
1998-02-11,107158.050104,0.004561499046941586
1998-02-12,107056.863406,-0.0009442752821816613
1998-02-13,107248.604199,0.001791018220595797
1998-02-17,108101.0741,0.007948540751339328
1998-02-18,108352.602507,0.002326789156297693
1998-02-19,108195.232502,-0.001452387864793958
1998-02-20,108516.085799,0.002965503096396205
1998-02-23,109220.391502,0.006490334569425604
1998-02-24,108212.9817,-0.009223642106992003
1998-02-25,109209.606405,0.009209844228883268
1998-02-26,109482.39180699999,0.0024978150822041467
1998-02-27,109958.48769899999,0.004348606969048374
1998-03-02,110540.31399899999,0.0052913268650318646
1998-03-03,111139.622905,0.005421632021105127
1998-03-04,111696.39390000001,0.005009653447141327
1998-03-05,111592.35449900001,-0.0009314481637889838
1998-03-06,113528.183005,0.017347321997918108
1998-03-09,112951.355201,-0.00508092165955476
1998-03-10,114616.88649799999,0.014745562760501096
1998-03-11,116806.995205,0.01910808061461533
1998-03-12,116171.054506,-0.00544437169951939
1998-03-13,114305.95610499999,-0.016054760016865344
1998-03-16,116621.386206,0.02025642564831065
1998-03-17,118706.7777,0.017881724457608383
1998-03-18,120188.3093,0.01248059823293457
1998-03-19,123225.3411,0.025268945188498648
1998-03-20,124786.53110200001,0.012669390793027313
1998-03-23,122997.721899,-0.014334954158937596
1998-03-24,121892.079808,-0.008989126578359707
1998-03-25,122195.074903,0.0024857652398520003
1998-03-26,123112.559298,0.007508358219251443
1998-03-27,123594.048301,0.003910965751548812
1998-03-30,122087.87469899999,-0.012186457379661841
1998-03-31,123406.128702,0.010797583349289042
1998-04-01,123941.639801,0.004339420615755207
1998-04-02,123651.644707,-0.002339771318707884
1998-04-03,124336.92150699999,0.005541995026623336
1998-04-06,124913.783702,0.004639508426043326
1998-04-07,124426.644804,-0.003899800995238012
1998-04-08,125135.741205,0.005698911210834323
1998-04-09,126158.577974,0.008173817960804408
1998-04-13,126136.565135,-0.0001744854718046529
1998-04-14,127074.002803,0.0074319263965740845
1998-04-15,127740.928504,0.0052483252773103395
1998-04-16,127057.158675,-0.005352785806458149
1998-04-17,127513.918576,0.0035949166954720724
1998-04-20,127495.613004,-0.00014355744223393252
1998-04-21,125960.787702,-0.012038259716056654
1998-04-22,124245.75260699999,-0.013615626944612824
1998-04-23,123016.4256,-0.009894318165454385
1998-04-24,124527.268201,0.012281633071608233
1998-04-27,121971.733798,-0.02052188600873428
1998-04-28,122754.983303,0.006421565723556455
1998-04-29,123879.542804,0.0091610089524774
1998-04-30,125184.243301,0.010532009300876055
1998-05-01,126025.157156,0.006717409738045577
1998-05-04,125865.090103,-0.001270119844420159
1998-05-05,125586.57100000001,-0.0022128383872928037
1998-05-06,125816.559407,0.0018313136919709816
1998-05-07,125833.462604,0.00013434795133226984
1998-05-08,126341.793,0.004039707606232845
1998-05-11,126500.054,0.001252641712944591
1998-05-12,126169.776709,-0.00261088656136077
1998-05-13,127017.971503,0.006722646390635134
1998-05-14,128250.001603,0.00969965183211019
1998-05-15,129833.5598,0.0123474321809518
1998-05-18,127313.35760399999,-0.01941102285019547
1998-05-19,127407.75300699999,0.0007414414699014049
1998-05-20,127446.869003,0.000307014252090676
1998-05-21,127567.03660400001,0.0009428839008762679
1998-05-22,126016.479402,-0.01215484221690688
1998-05-26,125461.942104,-0.004400514128243382
1998-05-27,123521.914999,-0.0154630724860918
1998-05-28,123934.021607,0.003336303586317868
1998-05-29,124609.749202,0.005452317178431976
1998-06-01,123953.01920699999,-0.005270293851048713
1998-06-02,126918.9821,0.023928121412249537
1998-06-03,128706.70360000001,0.014085532915726118
1998-06-04,129356.53100799999,0.005048901027094432
1998-06-05,130339.306098,0.007597413770621619
1998-06-08,131902.755502,0.011995225774982021
1998-06-09,131847.496207,-0.0004189396558830216
1998-06-10,130319.066501,-0.011592405999127697
1998-06-11,129248.773906,-0.008212862658832698
1998-06-12,128472.139,-0.006008837705221426
1998-06-15,126390.285006,-0.01620471185585215
1998-06-16,128593.761698,0.017433908720875024
1998-06-17,130896.325103,0.017905716222903045
1998-06-18,131089.016706,0.0014720932986345137
1998-06-19,132947.819599,0.014179699716329708
1998-06-22,129648.060298,-0.024819958017760824
1998-06-23,131131.31829999998,0.011440649390285218
1998-06-24,131249.406578,0.0009005345140347121
1998-06-25,130910.93290100001,-0.0025788587226780457
1998-06-26,130976.232502,0.0004988093778948155
1998-06-29,131632.785904,0.005012767503371096
1998-06-30,131632.152102,-4.81492506321235e-06
1998-07-01,131745.696506,0.0008625886775142089
1998-07-02,130867.262999,-0.006667644790659288
1998-07-06,131976.984508,0.008479748743644766
1998-07-07,131343.239105,-0.004801938802909911
1998-07-08,131678.180708,0.002550124431850209
1998-07-09,131063.59199900001,-0.004667354194107909
1998-07-10,130823.115706,-0.0018348062137794052
1998-07-13,130349.43620400001,-0.0036207630390372447
1998-07-14,130760.169205,0.0031510147873381467
1998-07-15,130200.137202,-0.004282894450235886
1998-07-16,129789.054706,-0.0031573123103720846
1998-07-17,129471.62140799999,-0.0024457632326474466
1998-07-20,130093.12390199999,0.004800298994028118
1998-07-21,128260.427502,-0.014087573155523336
1998-07-22,126348.231202,-0.014908700502890393
1998-07-23,124147.35874899999,-0.0174190998327578
1998-07-24,123738.28870399999,-0.0032950362305094183
1998-07-27,122187.647106,-0.012531623107455037
1998-07-28,120127.61099700001,-0.01685961026168936
1998-07-29,119131.843597,-0.008289246674728967
1998-07-30,120267.503398,0.009532798005222887
1998-07-31,120150.907908,-0.0009694679502422199
1998-08-03,120207.366705,0.0004698990459832686
1998-08-04,117343.067202,-0.023827986433054837
1998-08-05,116907.165502,-0.0037147631333823705
1998-08-06,116384.226205,-0.004473115867231092
1998-08-07,118872.303001,0.02137812723536503
1998-08-10,119029.53910000001,0.0013227311579779855
1998-08-11,116691.18160499999,-0.01964518650312086
1998-08-12,117586.612507,0.007673509597589279
1998-08-13,118063.755907,0.004057803773976465
1998-08-14,117556.81360099999,-0.004293801278008935
1998-08-17,117704.679701,0.0012578267092360207
1998-08-18,120725.359003,0.02566320480777229
1998-08-19,120745.902003,0.00017016308892880971
1998-08-20,119514.010401,-0.010202347090581876
1998-08-21,116713.577602,-0.02343183690015782
1998-08-24,116809.643304,0.0008230893437914943
1998-08-25,117304.31799699999,0.00423487889362506
1998-08-26,116419.119507,-0.007546171403704283
1998-08-27,112761.368156,-0.03141881991969597
1998-08-28,108327.604154,-0.03931988476643966
1998-08-31,102132.093451,-0.05719235416849411
1998-09-01,103986.802696,0.0181599062775486
1998-09-02,107029.195098,0.02925748578782894
1998-09-03,103356.2936,-0.03431681883281423
1998-09-04,102211.494304,-0.011076241766471373
1998-09-08,104684.702797,0.024196970309857013
1998-09-09,103062.320508,-0.015497797153286585
1998-09-10,99695.35610199999,-0.032669208197564914
1998-09-11,100125.4522,0.004314103633472843
1998-09-14,103550.091401,0.03420348298811482
1998-09-15,102620.635603,-0.00897590514334412
1998-09-16,104187.867302,0.015272091132460197
1998-09-17,102612.122698,-0.015124070055417493
1998-09-18,102410.833905,-0.0019616472957334485
1998-09-21,102352.54650499999,-0.0005691526743555331
1998-09-22,102792.602904,0.004299418177920122
1998-09-23,105648.243197,0.02778060105810276
1998-09-24,105249.946702,-0.0037700247817401555
1998-09-25,104215.416107,-0.009829274288652434
1998-09-28,105327.093703,0.010667112770135878
1998-09-29,105162.974302,-0.0015581878814845407
1998-09-30,103118.75609899999,-0.01943857347672162
1998-10-01,100110.494599,-0.029172786928421512
1998-10-02,102025.965047,0.01913356292637025
1998-10-05,101563.978204,-0.004528130096953076
1998-10-06,102214.9826,0.006409796145365743
1998-10-07,100211.077299,-0.019604809882343033
1998-10-08,98067.963399,-0.021385998013029872
1998-10-09,101962.016902,0.039707702373267706
1998-10-12,103353.886103,0.01365085983281178
1998-10-13,103457.52231300001,0.001002731623431563
1998-10-14,106844.418806,0.03273707331549347
1998-10-15,110296.350097,0.03230801692382035
1998-10-16,109819.87529899999,-0.004319950728931432
1998-10-19,110030.865702,0.0019212405989859072
1998-10-20,109675.345501,-0.003231095190715516
1998-10-21,108449.955306,-0.01117288657174853
1998-10-22,108274.153406,-0.0016210417007915812
1998-10-23,107445.8415,-0.007650135142539982
1998-10-26,107496.171349,0.00046842063217500396
1998-10-27,107334.367701,-0.0015052038223266617
1998-10-28,107074.500095,-0.002421103431884064
1998-10-29,108846.985103,0.016553754688813926
1998-10-30,110632.3123,0.0164021740731779
1998-11-02,111643.376403,0.0091389584288748
1998-11-03,113999.45829699999,0.021103642418473845
1998-11-04,116113.602897,0.018545216192976
1998-11-05,116346.799505,0.002008348739353627
1998-11-06,116245.19900800001,-0.0008732556239815503
1998-11-09,115693.19519900001,-0.0047486159747724965
1998-11-10,115162.177897,-0.004589874979998854
1998-11-11,114487.47070199999,-0.005858756818609812
1998-11-12,114324.07990499999,-0.0014271500278426608
1998-11-13,114017.942499,-0.002677803366135878
1998-11-16,114320.725758,0.0026555755380575086
1998-11-17,114770.600647,0.003935199728807959
1998-11-18,114952.331349,0.001583425554763318
1998-11-19,115190.685878,0.002073507567900812
1998-11-20,115842.400592,0.00565770321647574
1998-11-23,119284.77215399999,0.029715989520314734
1998-11-24,118299.173749,-0.008262566857465736
1998-11-25,118428.835003,0.0010960453052284436
1998-11-27,118866.663607,0.003696976365501703
1998-11-30,116528.899,-0.019667117222446517
1998-12-01,116854.27390599999,0.0027922250084932987
1998-12-02,115933.58824699999,-0.007878921568077346
1998-12-03,115248.71519999999,-0.0059074601015614014
1998-12-04,115600.56240400001,0.0030529381901518438
1998-12-07,115710.043273,0.0009470617332931752
1998-12-08,114322.112703,-0.011994901485996246
1998-12-09,112863.132899,-0.012762008761947219
1998-12-10,111257.831404,-0.01422343553440586
1998-12-11,108848.075903,-0.02165919891292578
1998-12-14,110157.635403,0.012031076242146943
1998-12-15,110698.517503,0.004910073623323852
1998-12-16,111283.419507,0.005283738366091084
1998-12-17,110004.24770200001,-0.011494720513324341
1998-12-18,108964.94700100001,-0.009447823358743834
1998-12-21,107535.98229700001,-0.013113985215694068
1998-12-22,108548.820499,0.009418598132136413
1998-12-23,114050.427502,0.05068324996724116
1998-12-24,117293.739099,0.028437522489278777
1998-12-28,117655.992593,0.003088429926291658
1998-12-29,118761.882893,0.009399353790890519
1998-12-30,118692.17850800001,-0.0005869255631690828
1998-12-31,121232.071006,0.02139898795293238
1999-01-04,121132.103198,-0.0008245986987639453
1999-01-05,119964.38230299999,-0.009640061256851684
1999-01-06,120142.249106,0.0014826634338078737
1999-01-07,117724.125,-0.020127175277587228
1999-01-08,117240.1315,-0.004111251623233558
1999-01-11,115690.447602,-0.013218032751865394
1999-01-12,114203.504305,-0.012852775037360153
1999-01-13,113502.793208,-0.006135635690553087
1999-01-14,114792.664305,0.011364223386434613
1999-01-15,115914.308399,0.009771043304821703
1999-01-19,116680.246299,0.0066077942454134675
1999-01-20,115539.826207,-0.009773891709806692
1999-01-21,113950.000097,-0.013759983567498968
1999-01-22,113788.150207,-0.0014203588403880474
1999-01-25,116378.718005,0.02276658679561372
1999-01-26,116956.662902,0.004966070316869908
1999-01-27,116111.34740099999,-0.007227595931907804
1999-01-28,116885.472502,0.006667092565264099
1999-01-29,116232.01340000001,-0.0055905929797119835
1999-02-01,120925.92140199999,0.040383951586955735
1999-02-02,124743.239205,0.031567407208831
1999-02-03,127905.260603,0.025348238655271693
1999-02-04,122552.371616,-0.041850420864350646
1999-02-05,121839.723501,-0.005815049562916563
1999-02-08,123074.1533,0.010131587330710623
1999-02-09,121636.401506,-0.011681996223003921
1999-02-10,121320.924203,-0.002593609306868805
1999-02-11,122133.055204,0.006694071994053585
1999-02-12,120164.055606,-0.016121758312777623
1999-02-16,120950.5044,0.006544792367683128
1999-02-17,119505.235704,-0.011949257286437587
1999-02-18,120103.1124,0.005002933072161486
1999-02-19,120516.613805,0.003442886672435641
1999-02-22,121274.48409999999,0.006288513019675923
1999-02-23,120905.083797,-0.0030459853590916186
1999-02-24,120700.945803,-0.0016884153055363171
1999-02-25,120345.141508,-0.002947816958955074
1999-02-26,119350.00100399999,-0.008269054251216712
1999-03-01,119949.206306,0.005020572240966414
1999-03-02,120508.799499,0.00466525131956641
1999-03-03,120590.76600599999,0.0006801703057432995
1999-03-04,121516.073702,0.007673122301536495
1999-03-05,121679.428399,0.001344305259570966
1999-03-08,122201.9338,0.004294114525971171
1999-03-09,121549.03799699999,-0.0053427616298491465
1999-03-10,122721.85200000001,0.009648895806390279
1999-03-11,124310.529503,0.012945351435863062
1999-03-12,129085.837999,0.038414352469512636
1999-03-15,124467.131006,-0.035780121697283174
1999-03-16,120944.018398,-0.028305566132396542
1999-03-17,125262.806997,0.035708988804951325
1999-03-18,128133.02825,0.022913595198842618
1999-03-19,126312.42125300001,-0.014208725274546863
1999-03-22,125078.187505,-0.009771277723573002
1999-03-23,120803.63275799999,-0.03417506147368121
1999-03-24,120794.81850800001,-7.296345150176187e-05
1999-03-25,122250.371997,0.012049800703194835
1999-03-26,121339.70799899999,-0.007449171590433679
1999-03-29,121699.304606,0.0029635525989808453
1999-03-30,120506.506297,-0.009801192478968379
1999-03-31,119599.742103,-0.007524607773170322
1999-04-01,122923.377504,0.02778965357749419
1999-04-05,121455.616054,-0.011940458192765235
1999-04-06,120847.056648,-0.005010549744603243
1999-04-07,120526.25095,-0.002654642213872238
1999-04-08,121050.237456,0.004347488633139163
1999-04-09,121130.417106,0.0006623667304175296
1999-04-12,122436.065399,0.010778864006201205
1999-04-13,122021.637105,-0.0033848547211104973
1999-04-14,122837.014802,0.00668223862869799
1999-04-15,123015.1852,0.0014504618032862293
1999-04-16,125715.626703,0.021952098829177702
1999-04-19,124434.9271,-0.010187274538475788
1999-04-20,124289.668802,-0.0011673434572213592
1999-04-21,127309.988498,0.024300649644593886
1999-04-22,129115.261704,0.014180138002513054
1999-04-23,128530.70950900001,-0.00452736715462887
1999-04-26,128723.50179800001,0.0014999706275371505
1999-04-27,129373.592109,0.0050502845394941875
1999-04-28,129006.653303,-0.0028362728437720808
1999-04-29,128296.2679,-0.00550657958184142
1999-04-30,128398.467204,0.0007965882848568473
1999-05-03,127993.9163,-0.0031507455876186308
1999-05-04,129030.989698,0.008102521025837195
1999-05-05,129350.460603,0.00247592385168649
1999-05-06,129005.867206,-0.0026640291452662
1999-05-07,128842.9572,-0.0012628108281296235
1999-05-10,129691.11040599999,0.006582844917812691
1999-05-11,130873.6451,0.009118085968252254
1999-05-12,130723.430409,-0.001147784115627104
1999-05-13,129796.846105,-0.007088127209490591
1999-05-14,126648.807406,-0.024253583915693655
1999-05-17,124356.0783,-0.01810304536583729
1999-05-18,125188.737299,0.006695764375837632
1999-05-19,126868.004206,0.013413881657654558
1999-05-20,125838.64795500001,-0.008113600095171258
1999-05-21,126168.709303,0.0026228933111076547
1999-05-24,124794.307759,-0.010893362954988328
1999-05-25,123714.136898,-0.008655610022582194
1999-05-26,123341.375304,-0.003013088102512773
1999-05-27,122606.839804,-0.005955304926587579
1999-05-28,123009.5585,0.00328463482660335
1999-06-01,122538.602759,-0.0038286109367671184
1999-06-02,121990.544557,-0.004472535100452202
1999-06-03,121353.12965100001,-0.005225117309826888
1999-06-04,122585.104098,0.010151979191167282
1999-06-07,124308.7704,0.014060976777586554
1999-06-08,125597.953904,0.01037081695725628
1999-06-09,124373.504804,-0.009748957382983314
1999-06-10,122910.656002,-0.011761739803869742
1999-06-11,122273.67130199999,-0.005182501832791897
1999-06-14,121271.190607,-0.008198663574302878
1999-06-15,121337.61490300001,0.0005477335191279575
1999-06-16,122854.429106,0.012500774835672912
1999-06-17,122312.258304,-0.004413115635678033
1999-06-18,121504.783602,-0.006601747962114102
1999-06-21,121638.40470000001,0.0010997188261963053
1999-06-22,119971.948399,-0.013700083498382254
1999-06-23,121182.753198,0.010092399224634896
1999-06-24,119917.32860000001,-0.010442282953684212
1999-06-25,120267.84850200001,0.002923012929759272
1999-06-28,120593.928609,0.002711282450476027
1999-06-29,121052.526009,0.003802823287123447
1999-06-30,121879.088499,0.0068281308722013545
1999-07-01,121984.16835800001,0.0008621647921240871
1999-07-02,122911.29780500001,0.007600407983100244
1999-07-06,126307.17505800001,0.02762868274637853
1999-07-07,125443.715104,-0.006836190846668089
1999-07-08,125489.456298,0.0003646351988386698
1999-07-09,124458.8075,-0.008213031025909645
1999-07-12,123927.951903,-0.004265311613242062
1999-07-13,123188.62680000001,-0.005965765524622357
1999-07-14,125017.795999,0.014848523329752616
1999-07-15,124894.74769999999,-0.0009842462668353535
1999-07-16,124417.061298,-0.0038247116936206416
1999-07-19,123162.660003,-0.010082228931573178
1999-07-20,122177.769099,-0.007996668015906816
1999-07-21,122031.495503,-0.0011972194047958906
1999-07-22,121245.4149,-0.00644162066325471
1999-07-23,120674.999006,-0.004704638888575419
1999-07-26,119335.140756,-0.011103030959489724
1999-07-27,121421.191708,0.017480609138135428
1999-07-28,120924.75020000001,-0.004088590311268403
1999-07-29,119745.475607,-0.009752135861761824
1999-07-30,119400.607305,-0.002880011125696691
1999-08-02,117425.55140200001,-0.01654142259054725
1999-08-03,115760.915903,-0.014176092674253016
1999-08-04,114140.065798,-0.014001704222504352
1999-08-05,114701.20910200001,0.004916269322930766
1999-08-06,113625.443004,-0.009378855780355022
1999-08-09,113296.491999,-0.0028950470625528357
1999-08-10,113795.142403,0.004401287234951701
1999-08-11,116545.685621,0.024171007302395076
1999-08-12,116927.34500199999,0.003274761986824082
1999-08-13,117051.30800599999,0.0010601712028772692
1999-08-16,115954.4197,-0.009371004260317783
1999-08-17,114960.952003,-0.008567743252653304
1999-08-18,114225.535709,-0.006397096415666437
1999-08-19,113633.218306,-0.005185507770425257
1999-08-20,114404.590103,0.006788259705210464
1999-08-23,115756.87220700001,0.011820173498130915
1999-08-24,115905.16715699999,0.0012810898149941963
1999-08-25,115877.546905,-0.00023830043713735094
1999-08-26,114786.86715,-0.009412347638789398
1999-08-27,114851.276606,0.0005611221701504743
1999-08-30,113950.953202,-0.00783903697551902
1999-08-31,114471.387101,0.0045671745990349955
1999-09-01,114820.556605,0.0030502775657983427
1999-09-02,114112.629406,-0.006165509207862407
1999-09-03,114800.421303,0.0060273074118109005
1999-09-07,114511.542507,-0.0025163565840715663
1999-09-08,113590.179105,-0.008046030835220708
1999-09-09,113866.699006,0.0024343645126607694
1999-09-10,113114.561398,-0.006605422081835899
1999-09-13,111922.848807,-0.010535448100328026
1999-09-14,110713.886806,-0.010801744361285337
1999-09-15,111059.523204,0.0031218883915227202
1999-09-16,111346.562506,0.0025845537034474564
1999-09-17,112475.718805,0.01014091745256307
1999-09-20,112257.12530300001,-0.0019434728163770787
1999-09-21,111365.261556,-0.007944829734350733
1999-09-22,110214.396654,-0.010334146267157895
1999-09-23,108928.091605,-0.01167093490552007
1999-09-24,108436.558452,-0.00451245538003564
1999-09-27,107126.4253,-0.012082024463916707
1999-09-28,105518.1789,-0.015012602124043872
1999-09-29,105221.357802,-0.002812985412506963
1999-09-30,103965.921306,-0.011931384675366141
1999-10-01,104093.18965100001,0.0012241352108584014
1999-10-04,106298.276501,0.021183776358406625
1999-10-05,106781.099704,0.004542154575718271
1999-10-06,107568.565097,0.0073745765419430676
1999-10-07,106762.953602,-0.00748928364223822
1999-10-08,107678.631403,0.008576737249266664
1999-10-11,108487.38845,0.007510840697567245
1999-10-12,106164.583306,-0.021410831039319733
1999-10-13,106035.6222,-0.0012147281323404702
1999-10-14,105981.459905,-0.000510793390713915
1999-10-15,104590.602105,-0.013123595402882215
1999-10-18,103463.10310000001,-0.010780117738189099
1999-10-19,104019.775605,0.005380396376299945
1999-10-20,104336.607198,0.0030458784510660752
1999-10-21,102482.503103,-0.017770408151009387
1999-10-22,102915.844899,0.004228446640930361
1999-10-25,103855.790252,0.009133145182089741
1999-10-26,104255.011658,0.003843997576170821
1999-10-27,105491.565904,0.011860861423683033
1999-10-28,108549.59430699999,0.028988368660513242
1999-10-29,114381.575049,0.05372641675201484
1999-11-01,114249.696656,-0.001152968849602809
1999-11-02,115992.647156,0.015255624750128982
1999-11-03,116691.438605,0.0060244460845884085
1999-11-04,117242.734007,0.004724386026863092
1999-11-05,117029.045996,-0.0018226119751458825
1999-11-08,114887.151009,-0.01830225111014927
1999-11-09,112696.394349,-0.019068770012656833
1999-11-10,112308.976351,-0.0034377142253568804
1999-11-11,111279.155057,-0.009169536821184265
1999-11-12,112819.046349,0.013838092958301296
1999-11-15,112095.061904,-0.006417218266146163
1999-11-16,112161.356652,0.0005914154189663456
1999-11-17,111735.469348,-0.003797094799070533
1999-11-18,112735.215755,0.008947439992275763
1999-11-19,111404.300099,-0.011805677995883612
1999-11-22,112528.301751,0.010089391980391715
1999-11-23,111429.1655,-0.009767642752061989
1999-11-24,111398.640308,-0.0002739425702690257
1999-11-26,110477.93300599999,-0.008264977915838134
1999-11-29,110318.101005,-0.0014467323623017503
1999-11-30,109793.21488,-0.004757932925043895
1999-12-01,110170.839356,0.0034394154175441116
1999-12-02,110207.313846,0.00033107208961302703
1999-12-03,110145.02285200001,-0.0005652165162743916
1999-12-06,110081.068806,-0.0005806349151694645
1999-12-07,109618.29235,-0.004203960417713204
1999-12-08,109187.123684,-0.003933364192750921
1999-12-09,108086.19750000001,-0.010082930540291524
1999-12-10,108515.6128,0.003972896724394381
1999-12-13,109100.76375,0.005392320375856574
1999-12-14,106154.858148,-0.027001695503712675
1999-12-15,107289.713875,0.010690567975869758
1999-12-16,107035.674855,-0.0023677854178637547
1999-12-17,107882.17065300001,0.007908538897397843
1999-12-20,108016.159352,0.0012419911296646102
1999-12-21,107813.321604,-0.0018778463261130973
1999-12-22,107635.669404,-0.0016477759645743273
1999-12-23,108341.277498,0.006555522884812204
1999-12-27,107835.190609,-0.004671228738366562
1999-12-28,108044.054007,0.0019368760496498716
1999-12-29,108445.649299,0.003716958750677568
1999-12-30,107870.7519,-0.005301249083906723
1999-12-31,111532.71109900001,0.03394765619502471
2000-01-03,109756.752606,-0.015923207420499352
2000-01-04,105184.86231899999,-0.04165475178927691
2000-01-05,106419.265011,0.011735554573018003
2000-01-06,107758.73711,0.012586744504028857
2000-01-07,110655.16911,0.0268788599205958
2000-01-10,111030.919516,0.0033956877841510025
2000-01-11,108741.821798,-0.020616759079169156
2000-01-12,107278.799105,-0.013454094007342765
2000-01-13,109045.367345,0.01646707695032057
2000-01-14,107309.158303,-0.01592189640213648
2000-01-17,0.102,-0.9999990494753512
2000-01-18,107229.875051,1051272.2848137256
2000-01-19,108343.553155,0.010385893888902986
2000-01-20,108793.203501,0.004150227059257494
2000-01-21,109051.28275500001,0.0023722001530881442
2000-01-24,108055.8116,-0.009128468091810338
2000-01-25,107989.985602,-0.0006091851703791118
2000-01-26,108117.523868,0.00118101938146431
2000-01-27,107221.436166,-0.008288089385898534
2000-01-28,105618.703999,-0.014947870727255008
2000-01-31,104234.546598,-0.013105229931746787
2000-02-01,105534.516296,0.012471582027536288
2000-02-02,104988.36709100001,-0.005175076592649264
2000-02-03,106301.019992,0.012502841384914865
2000-02-04,106218.304495,-0.0007781251488105934
2000-02-07,106996.36300299999,0.007325088756586329
2000-02-08,106379.688105,-0.005763512709144214
2000-02-09,103854.941507,-0.02373335213681016
2000-02-10,103397.655808,-0.0044031193158891035
2000-02-11,100378.638986,-0.02919811671171757
2000-02-14,97849.096676,-0.025200006052610524
2000-02-15,101237.179855,0.03462559486081607
2000-02-16,105566.556099,0.042764686355357684
2000-02-17,105970.636829,0.0038277343216639448
2000-02-18,105998.559745,0.00026349672735359597
2000-02-21,0.10601,-0.9999989998920716
2000-02-22,103698.065172,978190.3514951421
2000-02-23,104195.557691,0.004797510138446759
2000-02-24,101698.553526,-0.023964593312174154
2000-02-25,100194.06282400001,-0.014793629307769507
2000-02-28,100043.699948,-0.0015007164273210805
2000-02-29,100863.031143,0.008189733040919744
2000-03-01,102241.05389,0.01366231741584567
2000-03-02,101676.967694,-0.005517218128511137
2000-03-03,103330.642236,0.016264003338266164
2000-03-06,102596.673925,-0.007103104123979742
2000-03-07,102025.533741,-0.005566848925507073
2000-03-08,101351.067559,-0.006610758672551453
2000-03-09,100934.835247,-0.0041068369778908265
2000-03-10,99876.191418,-0.010488389131555587
2000-03-13,102388.342174,0.025152648697688074
2000-03-14,99965.645579,-0.023661840240394194
2000-03-15,104041.700134,0.040774553411739856
2000-03-16,108918.1231,0.04686988928208047
2000-03-17,108871.87909999999,-0.00042457580688892715
2000-03-20,106599.601116,-0.02087111936327357
2000-03-21,110435.387615,0.03598312243988566
2000-03-22,112098.137511,0.01505631421149789
2000-03-23,111704.627008,-0.003510410714552492
2000-03-24,112437.71261599999,0.00656271479199777
2000-03-27,108985.22535400001,-0.030705776395425266
2000-03-28,106537.502002,-0.022459221826164555
2000-03-29,106283.836633,-0.002380996027063209
2000-03-30,108124.178017,0.017315345797637383
2000-03-31,113201.778009,0.04696081935718088
2000-04-03,107747.689763,-0.04818023481544942
2000-04-04,109086.447363,0.01242493090055774
2000-04-05,110865.620111,0.016309750578635596
2000-04-06,112676.053109,0.01632997674290171
2000-04-07,112808.17286400001,0.0011725628592278436
2000-04-10,111108.392365,-0.015067884319420966
2000-04-11,110206.25600000001,-0.008119425956919724
2000-04-12,110898.455348,0.006280944232421648
2000-04-13,111384.177481,0.00437988186107563
2000-04-14,107084.160107,-0.038605280132660735
2000-04-17,108510.935877,0.013323873190715929
2000-04-18,110328.281511,0.016748041285534532
2000-04-19,109785.86500800001,-0.004916386764765357
2000-04-20,111281.21910799999,0.013620643239373509
2000-04-21,0.10601,-0.9999990473684522
2000-04-24,110997.189002,1047043.5146872937
2000-04-25,112925.119501,0.017369183096747287
2000-04-26,111916.57149799999,-0.008931121857179591
2000-04-27,112239.96599900001,0.0028896033596399473
2000-04-28,112740.252498,0.004457293750467217
2000-05-01,113068.647601,0.0029128469710126836
2000-05-02,108162.674507,-0.04338933203934958
2000-05-03,107087.266496,-0.00994250572946409
2000-05-04,108208.185501,0.01046734165207086
2000-05-05,109496.203005,0.01190314298346773
2000-05-08,109200.880998,-0.002697098154047617
2000-05-09,108068.378001,-0.01037082289675606
2000-05-10,105447.65560299999,-0.02425059435957999
2000-05-11,106784.207503,0.012675027172078579
2000-05-12,107049.234253,0.0024818908731665257
2000-05-15,112246.71450100001,0.04855224125859969
2000-05-16,113529.163598,0.0114252706878879
2000-05-17,112885.444005,-0.005670081348254974
2000-05-18,112168.734254,-0.006349000593630638
2000-05-19,110648.301007,-0.013554875671121125
2000-05-22,108220.657105,-0.021940182360743243
2000-05-23,106408.398603,-0.016745957292069402
2000-05-24,106495.597002,0.0008194691410152721
2000-05-25,107337.460599,0.007905149327292804
2000-05-26,106948.329105,-0.003625309298621704
2000-05-29,0.102,-0.9999990462684096
2000-05-30,110936.802853,1087614.7142450982
2000-05-31,109734.889826,-0.010834213679229876
2000-06-01,112332.73460099999,0.023673826794005315
2000-06-02,113268.496257,0.008330266856974466
2000-06-05,113349.842349,0.0007181704947809564
2000-06-06,112866.223752,-0.004266601408327908
2000-06-07,113960.279251,0.009693382684654583
2000-06-08,113656.722602,-0.0026637057314629065
2000-06-09,113859.447605,0.001783660467756798
2000-06-12,112730.38650200001,-0.009916270689428575
2000-06-13,113086.338999,0.003157555899923059
2000-06-14,111955.191506,-0.01000251226640203
2000-06-15,110571.516,-0.012359190202678949
2000-06-16,109960.264803,-0.005528107229713752
2000-06-19,110455.919006,0.004507575567301414
2000-06-20,110504.82949799999,0.0004428055321992197
2000-06-21,110444.797198,-0.0005432549896027261
2000-06-22,107261.217999,-0.028825071707928807
2000-06-23,106774.985006,-0.004533166805960831
2000-06-26,107674.616505,0.008425489349864534
2000-06-27,106708.94349800001,-0.008968436929191692
2000-06-28,106532.544536,-0.0016530850762599414
2000-06-29,106619.014252,0.0008116741825383578
2000-06-30,107008.790125,0.003655781998497476
2000-07-03,107526.534508,0.004838335078783729
2000-07-04,0.099,-0.999999079297027
2000-07-05,106530.411506,1076063.7626868687
2000-07-06,106719.748797,0.001777307421640062
2000-07-07,107879.178501,0.010864246937138722
2000-07-10,108180.767498,0.002795618220222229
2000-07-11,108800.05500400001,0.005724561956093055
2000-07-12,109905.654507,0.010161755000577477
2000-07-13,110391.854496,0.0044237941276172865
2000-07-14,110713.001005,0.0029091504121043776
2000-07-17,111147.478004,0.003924353915583767
2000-07-18,110249.345993,-0.008080543320719169
2000-07-19,108737.000487,-0.013717500928268733
2000-07-20,108973.415992,0.002174195572262949
2000-07-21,107890.524997,-0.009937203354986046
2000-07-24,106012.232497,-0.017409244232079013
2000-07-25,107851.997999,0.017354275621467075
2000-07-26,110845.452492,0.027755206658552245
2000-07-27,110934.464997,0.000803032537635584
2000-07-28,109130.594493,-0.01626068601898234
2000-07-31,107727.219295,-0.012859594548346509
2000-08-01,108947.511988,0.0113276171146528
2000-08-02,110485.75474199999,0.014119117783703228
2000-08-03,112698.66249,0.02002889651401185
2000-08-04,116549.14749599999,0.03416619967731771
2000-08-07,117597.325752,0.008993444212330948
2000-08-08,116791.047551,-0.006856263064181967
2000-08-09,116344.950999,-0.0038196125589609053
2000-08-10,116390.922804,0.0003951336487340029
2000-08-11,116782.082256,0.0033607384714930966
2000-08-14,118118.668754,0.01144513329596264
2000-08-15,117319.932744,-0.006762148764675624
2000-08-16,117299.084498,-0.00017770421029394967
2000-08-17,117697.04629700001,0.00339271018783438
2000-08-18,116984.099496,-0.006057474027011178
2000-08-21,116970.1438,-0.00011929566548030124
2000-08-22,116487.5858,-0.004125480095374612
2000-08-23,115276.216803,-0.010399125268849008
2000-08-24,114606.221499,-0.0058120861577629634
2000-08-25,113445.111506,-0.01013129983532468
2000-08-28,113593.76650299999,0.0013103693497813484
2000-08-29,113512.503998,-0.0007153782069356796
2000-08-30,114121.246503,0.005362779284745045
2000-08-31,114363.744237,0.002124913120306937
2000-09-01,116509.111998,0.018759159865858077
2000-09-04,0.102,-0.9999991245319937
2000-09-05,115725.345499,1134561.21077451
2000-09-06,113982.275505,-0.01506212823546993
2000-09-07,113612.315502,-0.0032457678297865833
2000-09-08,113547.420252,-0.0005711990791954502
2000-09-11,113357.841048,-0.0016696037970678201
2000-09-12,113857.842752,0.0044108259241482095
2000-09-13,113428.968253,-0.0037667541263201043
2000-09-14,114208.930247,0.0068762151857038045
2000-09-15,113471.48954899999,-0.006456944272266063
2000-09-18,114138.295758,0.005876420690785533
2000-09-19,110734.388254,-0.02982265926956773
2000-09-20,110743.39225,8.13116516193979e-05
2000-09-21,109432.853747,-0.011834010827855956
2000-09-22,110216.70875,0.007162885515278772
2000-09-25,111214.069256,0.009049086271141205
2000-09-26,112516.915997,0.011714765494292179
2000-09-27,112467.640497,-0.0004379385940627145
2000-09-28,115860.001249,0.030162993879919497
2000-09-29,119515.983002,0.03155516756074217
2000-10-02,118186.086,-0.011127356932484456
2000-10-03,115380.152506,-0.02374165681398399
2000-10-04,114267.208503,-0.009645887779027862
2000-10-05,113912.984998,-0.003099957631245598
2000-10-06,111868.202005,-0.017950394268361092
2000-10-09,112107.2905,0.002137233733222166
2000-10-10,111152.257497,-0.008518919677217629
2000-10-11,108693.806805,-0.02211786559590434
2000-10-12,103256.699306,-0.05002223823804741
2000-10-13,108903.607503,0.05468805641622798
2000-10-16,108823.347991,-0.0007369775330702266
2000-10-17,107854.888994,-0.008899367781628142
2000-10-18,107266.71780299999,-0.0054533567878662925
2000-10-19,110440.554504,0.029588270863557975
2000-10-20,111172.792264,0.0066301528753505146
2000-10-23,110361.064499,-0.007301496602445723
2000-10-24,110516.150092,0.0014052564072666307
2000-10-25,110979.04979599999,0.004188525420173006
2000-10-26,111066.666988,0.0007894930814515977
2000-10-27,111609.697797,0.004889232960044287
2000-10-30,114395.275324,0.0249582032922131
2000-10-31,116104.983806,0.01494562146170475
2000-11-01,116575.081098,0.004048898476102236
2000-11-02,117828.140986,0.010748951458559253
2000-11-03,117537.183791,-0.0024693353605109714
2000-11-06,118315.901056,0.006625284355839867
2000-11-07,118579.34825299999,0.002226642358707842
2000-11-08,117113.14073700001,-0.012364779682139004
2000-11-09,113965.499836,-0.02687692329991076
2000-11-10,112929.728298,-0.009088465715418326
2000-11-13,115708.89600200001,0.024609708585026535
2000-11-14,117492.529851,0.015414837671333004
2000-11-15,117734.803544,0.0020620348655973064
2000-11-16,116143.931645,-0.013512333236326723
2000-11-17,115056.552795,-0.009362338906552914
2000-11-20,113314.929352,-0.015137107802135286
2000-11-21,112626.04065299999,-0.006079416921843217
2000-11-22,111591.949158,-0.009181637647957541
2000-11-24,113137.696305,0.013851780156751481
2000-11-27,112942.349355,-0.0017266300833400638
2000-11-28,111514.623058,-0.012641195310293951
2000-11-29,113876.399853,0.021179077059441997
2000-11-30,114081.475903,0.0018008652386687363
2000-12-01,113952.48340699999,-0.0011307050069170321
2000-12-04,113835.648125,-0.0010252982515763787
2000-12-05,116518.40560099999,0.02356693637000351
2000-12-06,115688.250101,-0.007124672670537069
2000-12-07,114999.907322,-0.005949980040315661
2000-12-08,121280.739401,0.05461597513651606
2000-12-11,121910.922198,0.005196066581655501
2000-12-12,120300.149909,-0.01321269874723685
2000-12-13,119623.900406,-0.005621352122266998
2000-12-14,118356.257207,-0.010596905757943476
2000-12-15,117495.567798,-0.007272022868167305
2000-12-18,118288.32154599999,0.006747094914787866
2000-12-19,117050.325457,-0.010465919820483394
2000-12-20,114289.466498,-0.02358693961952496
2000-12-21,114170.04890000001,-0.0010448696774875144
2000-12-22,115707.925988,0.013470057189403528
2000-12-25,0.088,-0.9999992394643733
2000-12-26,116202.819299,1320485.5829431817
2000-12-27,118795.651848,0.02231299175563395
2000-12-28,121431.867506,0.02219117970220874
2000-12-29,122253.22819699999,0.006763963264909911
2001-01-01,11.75,-0.9999038880185555
2001-01-02,121802.469106,10365.167583489361
2001-01-03,121113.4507,-0.005656850891917253
2001-01-04,119363.962705,-0.014445034675244384
2001-01-05,116900.734602,-0.02063627955355085
2001-01-08,116679.977202,-0.001888417560005906
2001-01-09,115782.102603,-0.007695190044865741
2001-01-10,117000.47710399999,0.010522995122809409
2001-01-11,116056.432707,-0.008068722627180724
2001-01-12,116523.389597,0.0040235330270652625
2001-01-15,0.089,-0.9999992362048485
2001-01-16,118597.843298,1332559.03705618
2001-01-17,119322.021899,0.0061061700690487886
2001-01-18,119838.987295,0.004332522930575067
2001-01-19,118171.418002,-0.013915081649472305
2001-01-22,118620.33,0.0037988204389016733
2001-01-23,118996.425999,0.003170586348899773
2001-01-24,118752.661007,-0.002048506835004016
2001-01-25,118855.577298,0.000866644082981205
2001-01-26,118705.811298,-0.0012600670780850143
2001-01-29,119433.01600999999,0.006126108773010452
2001-01-30,120895.345797,0.012243932505878963
2001-01-31,120594.643005,-0.002487298332434662
2001-02-01,121378.416004,0.006499235616689081
2001-02-02,121713.068509,0.0027571006116027252
2001-02-05,120687.547007,-0.008425730404818199
2001-02-06,120524.991297,-0.001346913695996932
2001-02-07,119808.730497,-0.005942840503800451
2001-02-08,121085.890296,0.010659989415646054
2001-02-09,120145.28151,-0.007768112235873481
2001-02-12,120994.36205099999,0.007067115165311888
2001-02-13,122016.38128799999,0.008446833552204769
2001-02-14,121855.301055,-0.001320152518044182
2001-02-15,121981.439316,0.001035147916487178
2001-02-16,121098.028601,-0.0072421732351548584
2001-02-19,0.091,-0.9999992485426803
2001-02-20,119210.832285,1310008.145989011
2001-02-21,119019.105693,-0.0016082984098426678
2001-02-22,118678.361096,-0.0028629403238747964
2001-02-23,117753.322846,-0.007794498015116003
2001-02-26,120396.26989000001,0.02244477675977352
2001-02-27,120450.903186,0.000453778975460839
2001-02-28,119487.471103,-0.007998545942924706
2001-03-01,119111.923799,-0.003142984787721237
2001-03-02,118872.532005,-0.002009805453264013
2001-03-05,120605.85389,0.01458134907841524
2001-03-06,121024.694548,0.0034728053779380375
2001-03-07,121296.622502,0.00224687990344119
2001-03-08,121625.94911300001,0.0027150517813847586
2001-03-09,120548.369481,-0.008859783951193245
2001-03-12,118116.692897,-0.02017179157602178
2001-03-13,117201.61622299999,-0.007747225659272217
2001-03-14,113149.397489,-0.03457476837426732
2001-03-15,115087.5678,0.017129302974754568
2001-03-16,111360.114479,-0.03238797545428718
2001-03-19,112056.497122,0.006253429661580823
2001-03-20,111086.18429199999,-0.008659139406647642
2001-03-21,110416.763084,-0.006026142785140132
2001-03-22,109619.007677,-0.007224948320511015
2001-03-23,111986.900589,0.021601116103670215
2001-03-26,113224.196193,0.01104857440908158
2001-03-27,115441.087789,0.01957966292135227
2001-03-28,110658.140692,-0.04143193024776526
2001-03-29,109514.164254,-0.01033793294235874
2001-03-30,112271.850609,0.02518109300093818
2001-04-02,110052.45281,-0.019768069974452573
2001-04-03,107855.579131,-0.019962060116849756
2001-04-04,109856.865243,0.018555239590983597
2001-04-05,114668.74554999999,0.04380136185714267
2001-04-06,112882.891814,-0.015574023483332589
2001-04-09,112713.237997,-0.0015029187707162883
2001-04-10,112022.063005,-0.006132154521356181
2001-04-11,111400.740998,-0.005546425323128323
2001-04-12,111622.45998900001,0.0019902829102724784
2001-04-16,111502.987999,-0.0010703221377827976
2001-04-17,115314.49701,0.03418302127503692
2001-04-18,117417.856996,0.018240204315486785
2001-04-19,118879.710004,0.012450005862820301
2001-04-20,117889.0,-0.008333718209496466
2001-04-23,117541.797991,-0.002945160354231535
2001-04-24,115760.93702,-0.015150873999191017
2001-04-25,115241.132012,-0.004490331724856245
2001-04-26,115713.345012,0.004097608134835395
2001-04-27,117366.742009,0.014288732184075448
2001-04-30,118546.562001,0.010052421766206354
2001-05-01,119466.84602,0.007763059539358297
2001-05-02,118920.42600600001,-0.00457382137558493
2001-05-03,118365.969998,-0.00466241188853489
2001-05-04,119991.650004,0.013734352922782245
2001-05-07,120368.39000500001,0.003139718480306364
2001-05-08,120233.405017,-0.0011214321965625773
2001-05-09,120086.887009,-0.0012186131464818617
2001-05-10,119651.335001,-0.0036269739256989952
2001-05-11,119225.75,-0.003556876327342584
2001-05-14,118179.209004,-0.008777810129103836
2001-05-15,118326.574015,0.0012469622384678747
2001-05-16,119300.13000199999,0.008227703667618824
2001-05-17,119586.485007,0.002400290804337013
2001-05-18,120007.67000099999,0.003522011655207935
2001-05-21,121848.519998,0.015339436195908718
2001-05-22,121713.18000000001,-0.0011107233637488445
2001-05-23,120887.268004,-0.006785723583920933
2001-05-24,120814.800005,-0.0005994675882459166
2001-05-25,120699.424988,-0.0009549742001412342
2001-05-28,0.11,-0.9999990886452027
2001-05-29,120670.539992,1097003.909018182
2001-05-30,119795.53702599999,-0.007251173037412628
2001-05-31,120884.652997,0.009091456977764034
2001-06-01,120866.958004,-0.0001463791520370794
2001-06-04,121167.20000900001,0.0024840701706918544
2001-06-05,121792.47999400001,0.005160472346918521
2001-06-06,121425.72000799999,-0.00301135165338684
2001-06-07,121834.93502,0.003370085118482802
2001-06-08,120615.660001,-0.010007597728843964
2001-06-11,119699.65001,-0.007594453249208266
2001-06-12,120771.744014,0.008956534157873008
2001-06-13,120438.94201,-0.0027556280379740228
2001-06-14,118822.46500200001,-0.01342154772387294
2001-06-15,115941.300003,-0.02424764541748503
2001-06-18,116974.447004,0.008910948910985761
2001-06-19,117071.606026,0.0008306003959708264
2001-06-20,116827.06101800001,-0.002088849861218045
2001-06-21,115803.577005,-0.008760675857816147
2001-06-22,117632.739996,0.01579539283938547
2001-06-25,116772.264999,-0.007314927774608182
2001-06-26,117875.740009,0.009449803941110835
2001-06-27,118704.96099899999,0.0070347044263447955
2001-06-28,119191.890009,0.004102010614401408
2001-06-29,121545.291203,0.019744641970374843
2001-07-02,120845.577006,-0.00575681863175892
2001-07-03,120443.909985,-0.003323804072531855
2001-07-04,0.124,-0.9999989704751364
2001-07-05,120025.084991,967943.2337983871
2001-07-06,120656.41699,0.005260000432804057
2001-07-09,121560.950006,0.007496766757751239
2001-07-10,120669.489004,-0.007333448792198438
2001-07-11,120516.995011,-0.001263732814804075
2001-07-12,120267.990003,-0.0020661401985444527
2001-07-13,120351.234993,0.0006921624781284219
2001-07-16,118776.821006,-0.013081826597721058
2001-07-17,120625.719012,0.015566151630768132
2001-07-18,120091.431,-0.004429304267582035
2001-07-19,119324.541016,-0.006385884301770006
2001-07-20,119255.92399,-0.0005750453797329635
2001-07-23,118916.082995,-0.0028496781009259564
2001-07-24,118072.709002,-0.00709217770850612
2001-07-25,118726.505015,0.005537232257362135
2001-07-26,119100.738996,0.003152067695016525
2001-07-27,119235.485005,0.0011313616534698312
2001-07-30,118833.886007,-0.0033681164460660495
2001-07-31,120618.604006,0.015018594939282481
2001-08-01,121216.66099599999,0.00495824831441638
2001-08-02,119810.578697,-0.011599744519001254
2001-08-03,119762.71699300001,-0.00039947811387375243
2001-08-06,120121.231004,0.0029935360519663945
2001-08-07,119801.44900800001,-0.0026621604967513868
2001-08-08,119367.066011,-0.003625857621897377
2001-08-09,120430.931008,0.008912550442531364
2001-08-10,119516.162016,-0.0075957977269081045
2001-08-13,120419.879988,0.007561470823326921
2001-08-14,120105.793005,-0.0026082652053074362
2001-08-15,120529.804986,0.0035303208146033604
2001-08-16,120629.6318,0.0008282334316527251
2001-08-17,119794.41499800001,-0.006923811252153689
2001-08-20,120819.113209,0.008553806210557457
2001-08-21,120233.808009,-0.004844475219641042
2001-08-22,120733.474007,0.004155786182556964
2001-08-23,120542.663297,-0.0015804292187345803
2001-08-24,121010.013005,0.0038770481356340536
2001-08-27,121004.317306,-4.7067997586025534e-05
2001-08-28,120517.77879699999,-0.004020835948932544
2001-08-29,120267.196016,-0.0020792183817299748
2001-08-30,119394.203102,-0.0072587783112849635
2001-08-31,119380.09100500001,-0.0001181975056857576
2001-09-03,0.15,-0.9999987435090831
2001-09-04,119272.955997,795152.03998
2001-09-05,118995.622998,-0.002325195990002693
2001-09-06,118937.67201,-0.00048700100507881317
2001-09-07,116834.152,-0.01768590198926323
2001-09-10,115772.828001,-0.009084021930505393
2001-09-11,1.724,-0.9999851087683547
2001-09-12,15.73,8.124129930394432
2001-09-13,1.58,-0.8995549904640814
2001-09-14,1.58,0.0
2001-09-17,109495.902399,69300.20405
2001-09-18,108970.992994,-0.004793872587918746
2001-09-19,105494.463002,-0.03190326064287052
2001-09-20,105425.51599,-0.000653560481166604
2001-09-21,104556.170006,-0.008246068096858683
2001-09-24,107285.402999,0.026103031440835922
2001-09-25,108569.946026,0.011973138852934051
2001-09-26,111127.923005,0.023560636001305868
2001-09-27,113610.836001,0.022342836335457195
2001-09-28,114842.554999,0.010841562665634852
2001-10-01,114277.953007,-0.004916313399722871
2001-10-02,114696.10598600001,0.0036590870592019265
2001-10-03,118509.764006,0.033250108948472024
2001-10-04,117869.471003,-0.0054028713023812625
2001-10-05,118303.47600400001,0.003682081520404612
2001-10-08,118121.747997,-0.0015361172227421616
2001-10-09,119025.204037,0.007648515665573674
2001-10-10,121427.570059,0.020183674890010828
2001-10-11,122153.892989,0.005981532280083357
2001-10-12,120842.22299899999,-0.01073784844596093
2001-10-15,121857.687004,0.008403221819317297
2001-10-16,122026.379,0.0013843361067116255
2001-10-17,121311.394898,-0.005859258529665956
2001-10-18,121192.75080200001,-0.0009780127917887738
2001-10-19,120894.50000700001,-0.0024609623350102527
2001-10-22,121413.60299099999,0.004293851117874947
2001-10-23,120561.174999,-0.00702086068612251
2001-10-24,120616.29799699999,0.0004572201457098135
2001-10-25,120785.07150600001,0.0013992595677594366
2001-10-26,120341.435019,-0.003672941378173311
2001-10-29,119341.541001,-0.008308809163212305
2001-10-30,116362.375988,-0.024963352978448983
2001-10-31,117899.125514,0.013206584284240375
2001-11-01,119550.60159199999,0.014007534583484915
2001-11-02,119554.048006,2.882807743431748e-05
2001-11-05,119191.943997,-0.003028789196513282
2001-11-06,121307.852905,0.017752113415091753
2001-11-07,119689.85499400001,-0.01333794863443094
2001-11-08,119035.75899500001,-0.00546492431654122
2001-11-09,117629.90499200001,-0.011810350224750965
2001-11-12,116352.842999,-0.010856609916388704
2001-11-13,116709.72702,0.003067256560315146
2001-11-14,116918.955405,0.0017927244827171673
2001-11-15,115816.013007,-0.00943339250833597
2001-11-16,115750.868193,-0.0005624853792546292
2001-11-19,115888.176997,0.0011862442687777808
2001-11-20,116423.545003,0.00461969477709423
2001-11-21,116274.888408,-0.0012768602347246194
2001-11-23,117223.034887,0.008154352947413956
2001-11-26,116491.45499099999,-0.0062409226710878896
2001-11-27,117012.954198,0.004476716399844927
2001-11-28,117330.314298,0.0027121791956725705
2001-11-29,119488.19100199999,0.018391467856459842
2001-11-30,119569.522994,0.0006806697073407086
2001-12-03,119315.091017,-0.0021278999081795202
2001-12-04,120419.60149599999,0.0092570895230899
2001-12-05,121036.629999,0.00512398725236185
2001-12-06,121343.821986,0.002538008427717564
2001-12-07,120142.06900799999,-0.009903701386121289
2001-12-10,118318.5263,-0.01517821961163801
2001-12-11,118963.93,0.005454798332795052
2001-12-12,119464.677008,0.004209233908126553
2001-12-13,118293.039995,-0.009807392798806491
2001-12-14,120075.348505,0.015066892439955293
2001-12-17,120726.64901400001,0.005424098427437629
2001-12-18,120831.863997,0.0008715141508466306
2001-12-19,121319.197013,0.004033149865271479
2001-12-20,121572.901992,0.0020912187456434417
2001-12-21,121952.102008,0.003119116265111188
2001-12-24,122026.085905,0.0006066635652999253
2001-12-26,122999.77551,0.007979356198952736
2001-12-27,124696.932004,0.013798045459538333
2001-12-28,126127.972,0.011476144384643616
2001-12-31,127534.865007,0.011154488450825228
2002-01-02,126025.008,-0.011838778414962281
2002-01-03,126135.032003,0.0008730330967325894
2002-01-04,126040.46131500001,-0.0007497575138185608
2002-01-07,125645.575399,-0.003133009129608899
2002-01-08,123899.961015,-0.013893162401116266
2002-01-09,124913.436705,0.008179790225093964
2002-01-10,123762.821,-0.009211304526968833
2002-01-11,125337.96599900001,0.01272712585470237
2002-01-14,125079.133004,-0.002065080543927733
2002-01-15,125673.763001,0.004754030370365481
2002-01-16,125222.221001,-0.0035929695205865197
2002-01-17,126066.320011,0.006740808486324967
2002-01-18,125610.049036,-0.003619293201865492
2002-01-21,0.134,-0.9999989332063713
2002-01-22,124881.445002,931950.0821044774
2002-01-23,124685.221,-0.0015712822829432316
2002-01-24,125061.980008,0.003021681358691186
2002-01-25,125430.39900599999,0.0029458912930726555
2002-01-28,126056.09900799999,0.004988423914445761
2002-01-29,124626.86800199999,-0.011338055177396056
2002-01-30,125012.239002,0.003092198385293843
2002-01-31,125678.874084,0.005332558534443477
2002-02-01,124917.99299,-0.006054168606662191
2002-02-04,123755.342009,-0.009307313967917064
2002-02-05,123236.76021899999,-0.004190379029959779
2002-02-06,122385.475001,-0.006907721498741082
2002-02-07,122414.553301,0.00023759600556982896
2002-02-08,124170.929011,0.014347768812106088
2002-02-11,124725.719004,0.004467953952014492
2002-02-12,124713.60501,-9.712506848413849e-05
2002-02-13,125462.218999,0.006002664977409422
2002-02-14,125064.634017,-0.0031689618211133697
2002-02-15,124500.05500000001,-0.004514297918332799
2002-02-18,0.124,-0.9999990040165042
2002-02-19,123412.002001,995257.0806532258
2002-02-20,124121.806953,0.005751506664597006
2002-02-21,123249.59900799999,-0.007027032287165169
2002-02-22,124426.438,0.009548420453064699
2002-02-25,124672.603998,0.0019784058915197633
2002-02-26,125551.577016,0.0070502499331295265
2002-02-27,124847.729005,-0.0056060467556715565
2002-02-28,124733.366029,-0.0009160196738173809
2002-03-01,125679.40500700001,0.007584490085676521
2002-03-04,126039.360014,0.002864073130995015
2002-03-05,125187.73300200001,-0.006756833832744058
2002-03-06,124580.078021,-0.004853949875346819
2002-03-07,123554.10300799999,-0.008235466129882019
2002-03-08,125849.39202300001,0.01857719783576428
2002-03-11,125751.529006,-0.0007776201015109452
2002-03-12,125544.61400799999,-0.0016454272932946434
2002-03-13,125199.61,-0.0027480590125356086
2002-03-14,125964.568004,0.0061099072433212775
2002-03-15,127293.585012,0.010550720961133964
2002-03-18,127921.453002,0.0049324401535302265
2002-03-19,128146.44000999999,0.00175879027887893
2002-03-20,127270.364999,-0.006836514622892587
2002-03-21,126695.92798200001,-0.004513517479143747
2002-03-22,126080.696,-0.0048559728145912695
2002-03-25,125279.746996,-0.006352669595034555
2002-03-26,125812.267485,0.004250651057085886
2002-03-27,126132.848021,0.002548086465719468
2002-03-28,125897.138024,-0.0018687439528897176
2002-04-01,125285.405016,-0.004858990582322642
2002-04-02,126876.964,0.012703466806821995
2002-04-03,125781.79699599999,-0.00863172454221095
2002-04-04,125204.13,-0.004592612045591582
2002-04-05,125271.070996,0.0005346548552351837
2002-04-08,125036.380999,-0.0018734572566038166
2002-04-09,126411.595997,0.010998518887162856
2002-04-10,126685.183005,0.002164255627359557
2002-04-11,125535.963502,-0.009071459469373377
2002-04-12,126283.264996,0.0059528877076575615
2002-04-15,125807.620997,-0.0037664848071125023
2002-04-16,126886.046005,0.008572016539647453
2002-04-17,126919.186997,0.0002611870496673774
2002-04-18,126968.555013,0.00038897204723808976
2002-04-19,126695.00499,-0.002154470632291572
2002-04-22,125925.64841099999,-0.006072509165303996
2002-04-23,126889.17699600001,0.007651567390427383
2002-04-24,126340.639999,-0.00432296126420062
2002-04-25,125731.105515,-0.004824532185406238
2002-04-26,124080.48808499999,-0.013128154908357947
2002-04-29,125552.793005,0.011865724762393226
2002-04-30,128324.511007,0.022076115836703103
2002-05-01,129591.156001,0.009870639553272165
2002-05-02,129281.207708,-0.0023917395489365667
2002-05-03,129472.124996,0.001476759781136927
2002-05-06,128284.923988,-0.009169549105930597
2002-05-07,129208.18600100001,0.007196964259700289
2002-05-08,130417.244995,0.009357448869304896
2002-05-09,130577.89100199999,0.0012317850067002922
2002-05-10,129657.555007,-0.007048176287254404
2002-05-13,131897.613996,0.017276733229151686
2002-05-14,133359.64501,0.011084590309907716
2002-05-15,133655.148997,0.0022158426334881742
2002-05-16,133208.162003,-0.003344330520405503
2002-05-17,133583.63101399998,0.0028186637016396343
2002-05-20,132381.843994,-0.008996514100399255
2002-05-21,132054.294001,-0.002474281843474202
2002-05-22,129966.618801,-0.01580921859295381
2002-05-23,130665.79501,0.005379659911523449
2002-05-24,130906.083999,0.0018389586117897316
2002-05-27,0.17001,-0.9999987012826692
2002-05-28,130840.442989,769603.3937944827
2002-05-29,128988.820995,-0.014151755769855279
2002-05-30,128446.301013,-0.004205945738670058
2002-05-31,128057.68801299999,-0.003025490005824971
2002-06-03,126301.844008,-0.013711351752826784
2002-06-04,126688.795998,0.003063708159126266
2002-06-05,126291.313002,-0.0031374755191949655
2002-06-06,126300.561986,7.323531429159758e-05
2002-06-07,126234.71800800001,-0.0005213276723763371
2002-06-10,125302.61101800001,-0.007383919453449628
2002-06-11,123472.49000800001,-0.014605609533045572
2002-06-12,124203.689996,0.005921966811818669
2002-06-13,124460.277003,0.002065856553925771
2002-06-14,123807.87901599999,-0.005241816929141829
2002-06-17,125863.153,0.016600510406404867
2002-06-18,125626.505989,-0.0018801929346232704
2002-06-19,123672.687022,-0.015552601352863182
2002-06-20,123403.49749000001,-0.0021766287972064813
2002-06-21,122876.917001,-0.004267143960345887
2002-06-24,121836.383295,-0.008468097437629551
2002-06-25,119063.516999,-0.02275893473697521
2002-06-26,117328.230999,-0.01457445608644814
2002-06-27,117909.735986,0.00495622393731443
2002-06-28,117547.07101,-0.0030757848193558868
2002-07-01,116394.543013,-0.009804821056765833
2002-07-02,114094.0197,-0.019764872591518823
2002-07-03,114876.53101,0.006858477876908298
2002-07-05,117554.712995,0.02331356945977814
2002-07-08,117943.854,0.00331029692545437
2002-07-09,118134.707998,0.0016181767131333569
2002-07-10,116175.42200400001,-0.01658518505868034
2002-07-11,114771.253996,-0.012086618527210158
2002-07-12,113457.30002,-0.011448458827903019
2002-07-15,111922.896019,-0.013524065888484094
2002-07-16,111680.568011,-0.0021651334679445577
2002-07-17,111986.63300999999,0.002740539419264554
2002-07-18,111658.418008,-0.0029308408796493435
2002-07-19,111182.00121,-0.0042667342641901085
2002-07-22,106259.61478599999,-0.0442732310124786
2002-07-23,103375.38170499999,-0.027143266863978943
2002-07-24,106776.565405,0.03290129278270415
2002-07-25,106779.550397,2.795549743228598e-05
2002-07-26,107881.71602,0.01032187922595873
2002-07-29,114621.14800799999,0.062470567178877445
2002-07-30,116508.854011,0.016469090004824105
2002-07-31,114432.04301099999,-0.01782534913444378
2002-08-01,115358.421607,0.008095447495514607
2002-08-02,114873.12899699999,-0.004206824289372579
2002-08-05,111804.84600599999,-0.026710189038901655
2002-08-06,114151.16530699999,0.020985846184825352
2002-08-07,115343.941004,0.010449089098583775
2002-08-08,116768.35500699999,0.012349274618166595
2002-08-09,116968.561103,0.0017145578182378163
2002-08-12,118816.823396,0.01580135957535167
2002-08-13,119215.138998,0.003352350202735721
2002-08-14,119615.19899399999,0.0033557818190079747
2002-08-15,121468.010007,0.015489762409649499
2002-08-16,121881.562002,0.003404616532173055
2002-08-19,122395.480994,0.0042165441889525646
2002-08-20,120343.79651100001,-0.01676274700943059
2002-08-21,121795.713986,0.012064747141887544
2002-08-22,122786.074993,0.008131328883328681
2002-08-23,122442.575006,-0.00279754839479629
2002-08-26,122812.047984,0.003017520482412994
2002-08-27,121706.100995,-0.009005199466619818
2002-08-28,120710.989001,-0.008176352589266522
2002-08-29,120817.938004,0.0008859922686832444
2002-08-30,119427.490056,-0.01150862174087064
2002-09-02,0.166,-0.9999986100352614
2002-09-03,117505.47299200001,707863.2951325302
2002-09-04,117917.192,0.00350382835383356
2002-09-05,118797.993009,0.007469657257442197
2002-09-06,119753.99900200001,0.008047324443667847
2002-09-09,121206.616005,0.012130008309582552
2002-09-10,122424.69138999999,0.010049578357585132
2002-09-11,122104.998905,-0.002611339929635359
2002-09-12,121452.084998,-0.005347151327587896
2002-09-13,121183.045993,-0.0022151863840330632
2002-09-16,120976.806001,-0.0017018881668637853
2002-09-17,120353.63000700001,-0.005151202239500718
2002-09-18,119720.625,-0.0052595422918544354
2002-09-19,116729.74400800001,-0.024982169880920613
2002-09-20,116511.913705,-0.00186610794747466
2002-09-23,114365.797888,-0.018419711330412203
2002-09-24,115701.32770099999,0.011677702929226097
2002-09-25,115996.771,0.0025534996431804124
2002-09-26,117112.71450799999,0.009620470452578411
2002-09-27,117036.153099,-0.0006537412211955473
2002-09-30,117642.38230699999,0.005179845645534753
2002-10-01,118191.286995,0.004665875318365931
2002-10-02,115369.03553800001,-0.023878676074653327
2002-10-03,116162.775988,0.006880012876059327
2002-10-04,115788.27311,-0.0032239491077475924
2002-10-07,113678.776203,-0.018218571279631668
2002-10-08,112054.43631500001,-0.014288857975558678
2002-10-09,108696.567993,-0.029966402334670517
2002-10-10,109812.395009,0.010265522054678344
2002-10-11,113711.95070500001,0.035511070455028326
2002-10-14,113822.62301000001,0.00097326889842142
2002-10-15,118005.078991,0.036745383917505814
2002-10-16,116558.43599499999,-0.012259158744432841
2002-10-17,118983.330817,0.020804112557790466
2002-10-18,118667.923506,-0.0026508529290131255
2002-10-21,118082.99799999999,-0.004929095316734355
2002-10-22,118224.51500099999,0.00119845365884097
2002-10-23,118771.154408,0.004623739898576673
2002-10-24,118567.95800299999,-0.001710822850992888
2002-10-25,118260.452603,-0.002593494947363606
2002-10-28,118417.42999199999,0.0013273870135350752
2002-10-29,117831.77590600001,-0.004945674686906654
2002-10-30,118164.096999,0.0028203011492002883
2002-10-31,119256.07500200001,0.009241199575275916
2002-11-01,119576.388691,0.002685931840324507
2002-11-04,120151.87200799999,0.004812683534766382
2002-11-05,119846.116597,-0.002544741133784667
2002-11-06,120229.750996,0.0032010582394590426
2002-11-07,119199.747,-0.008566964394979615
2002-11-08,119963.73701,0.0064093257681159255
2002-11-11,118410.219005,-0.012949896724795185
2002-11-12,118127.68901,-0.002386027129871904
2002-11-13,117784.760985,-0.002903028306690869
2002-11-14,119241.828004,0.01237059027683185
2002-11-15,119871.144904,0.005277652234406238
2002-11-18,119233.88601300001,-0.005316199253042497
2002-11-19,119154.18501999999,-0.0006684424677002587
2002-11-20,118457.291013,-0.005848674193718151
2002-11-21,119054.97899399999,0.005045598931807449
2002-11-22,118713.374007,-0.002869304500210834
2002-11-25,117409.748004,-0.010981290136047761
2002-11-26,116672.51641699999,-0.006279134394998276
2002-11-27,118264.48839900001,0.01364478997187435
2002-11-29,119406.058504,0.009652687129111603
2002-12-02,119702.560019,0.0024831362722692596
2002-12-03,118208.230812,-0.012483686286766216
2002-12-04,117563.273991,-0.005456107553337364
2002-12-05,116581.54000899999,-0.00835068596401256
2002-12-06,116798.521999,0.0018612036689793499
2002-12-09,114919.309992,-0.016089347492052153
2002-12-10,119144.15800000001,0.03676360403046375
2002-12-11,117757.04199499999,-0.011642333357209322
2002-12-12,117922.664995,0.0014064806417863895
2002-12-13,116944.133006,-0.008298082383411898
2002-12-16,117533.851003,0.005042732643712355
2002-12-17,118249.803006,0.006091453627106391
2002-12-18,117639.548018,-0.005160727311901203
2002-12-19,117068.09604,-0.0048576519344715186
2002-12-20,117000.237013,-0.000579654314842637
2002-12-23,116751.425989,-0.002126585640782608
2002-12-24,117663.587902,0.007812854577775807
2002-12-25,0.19,-0.999998385226871
2002-12-26,119065.165999,626657.7684157895
2002-12-27,118157.88499,-0.007620037324834517
2002-12-30,118297.93500700001,0.0011852786380854852
2002-12-31,118520.49700399999,0.0018813684024729938
2003-01-01,0.19,-0.9999983969017613
2003-01-02,118360.077002,622946.7736947369
2003-01-03,118564.84200500001,0.001730017487201696
2003-01-06,117932.148017,-0.005336269819120054
2003-01-07,117548.320995,-0.0032546428472129962
2003-01-08,117426.487005,-0.0010364587853635143
2003-01-09,117873.823992,0.003809506682942443
2003-01-10,117346.275003,-0.004475539785964711
2003-01-13,116720.52700500001,-0.005332491363564729
2003-01-14,116507.2224,-0.0018274815105219222
2003-01-15,116119.707412,-0.003326102708633427
2003-01-16,115895.803,-0.0019282206008802705
2003-01-17,115225.82500499999,-0.005780865032705362
2003-01-20,0.208,-0.9999981948491149
2003-01-21,113388.219007,545134.6683028847
2003-01-22,113045.738994,-0.003020419722606804
2003-01-23,114716.39,0.01477854026933878
2003-01-24,113051.664995,-0.014511657880796336
2003-01-27,111014.627998,-0.01801863773603063
2003-01-28,111790.72701,0.006990961695732434
2003-01-29,111904.354009,0.0010164259777094564
2003-01-30,111372.460998,-0.004753103806463432
2003-01-31,111944.199005,0.005133567148258189
2003-02-03,112844.721002,0.008044382871146283
2003-02-04,110754.819014,-0.018520157340483623
2003-02-05,111277.46403599999,0.004718937077888619
2003-02-06,109237.348056,-0.018333595195339614
2003-02-07,107376.008008,-0.01703941079790583
2003-02-10,106388.39199799999,-0.009197734469011287
2003-02-11,106980.57601,0.005566246475566139
2003-02-12,105605.212003,-0.012856203044480208
2003-02-13,104746.257003,-0.008133642115841666
2003-02-14,104139.700996,-0.005790717724478034
2003-02-17,0.255,-0.9999975513661211
2003-02-18,106365.427,417118.32156862743
2003-02-19,107747.63501700001,0.012994899338861332
2003-02-20,106309.772989,-0.013344720074581207
2003-02-21,106804.993006,0.004658273675847591
2003-02-24,106564.004985,-0.0022563366582165623
2003-02-25,106414.96599,-0.0013985866524159896
2003-02-26,105997.502985,-0.003922972686372206
2003-02-27,106358.349017,0.0034042880430029676
2003-02-28,105225.201007,-0.010654057913393244
2003-03-03,106760.295007,0.014588653528900153
2003-03-04,106844.046091,0.0007844778247803053
2003-03-05,106070.86411899999,-0.00723654710100996
2003-03-06,106326.765998,0.0024125558052672247
2003-03-07,107690.755003,0.012828275102674036
2003-03-10,110036.988004,0.021786763412835475
2003-03-11,109808.297006,-0.002078310231389602
2003-03-12,109285.43198699999,-0.004761616683404468
2003-03-13,111514.93800699999,0.02040076137746527
2003-03-14,111126.360004,-0.003484537676697541
2003-03-17,113117.96900400001,0.01792202138114063
2003-03-18,112274.225995,-0.007458965329992573
2003-03-19,113340.052199,0.00949306213918999
2003-03-20,113634.085095,0.002594254107839644
2003-03-21,114043.62890899999,0.0036040578287543923
2003-03-24,111260.758202,-0.024401807743425596
2003-03-25,111457.77420999999,0.0017707591713720383
2003-03-26,110364.406008,-0.009809707844514737
2003-03-27,109807.42220300001,-0.0050467702871487274
2003-03-28,109666.50599599999,-0.0012833031153349772
2003-03-31,107728.750998,-0.01766952434930924
2003-04-01,109841.067601,0.01960773315787545
2003-04-02,114908.590409,0.04613504692441528
2003-04-03,113840.319192,-0.009296704564886293
2003-04-04,114166.809303,0.002867965526777594
2003-04-07,114588.837219,0.0036965902662648986
2003-04-08,114315.15639599999,-0.0023883724596747147
2003-04-09,114366.178199,0.0004463257944840038
2003-04-10,114647.212197,0.0024573173854860464
2003-04-11,114863.125286,0.001883282505195094
2003-04-14,116481.384105,0.014088584260359305
2003-04-15,116231.032797,-0.0021492817064597824
2003-04-16,116419.45759600001,0.0016211229863980492
2003-04-17,117860.722306,0.012379929779448684
2003-04-21,118189.43869200001,0.0027890240240220354
2003-04-22,120136.240911,0.01647187972584696
2003-04-23,119681.787779,-0.0037828146490505032
2003-04-24,118681.35967,-0.008359067219545158
2003-04-25,116973.328395,-0.014391740031874267
2003-04-28,117461.747689,0.004175475731960754
2003-04-29,117356.545409,-0.0008956301269971156
2003-04-30,117007.13500400001,-0.0029773405802143715
2003-05-01,116979.97880900001,-0.0002320900772340151
2003-05-02,118239.489996,0.010766895325365677
2003-05-05,120785.10810499999,0.021529339386410662
2003-05-06,121827.842608,0.0086329723867411
2003-05-07,122123.398201,0.0024260102343844903
2003-05-08,120534.79899,-0.013008147778408308
2003-05-09,121118.721303,0.004844429309152742
2003-05-12,122932.487406,0.014975109409077536
2003-05-13,122723.308903,-0.0017015721996185285
2003-05-14,122437.94179699999,-0.0023252885580649085
2003-05-15,122690.2572,0.0020607615523162703
2003-05-16,122346.337505,-0.002803154079621506
2003-05-19,121504.94000300001,-0.006877177683930369
2003-05-20,121404.582,-0.000825958212049116
2003-05-21,121150.867898,-0.0020898231172197246
2003-05-22,121929.846519,0.006429822868919466
2003-05-23,122683.948804,0.006184722662490039
2003-05-26,0.255,-0.9999979214884874
2003-05-27,123235.362198,483274.9301882353
2003-05-28,122465.87570199999,-0.006244039716162719
2003-05-29,121370.09919699999,-0.008947606822870324
2003-05-30,121483.353007,0.0009331277699311524
2003-06-02,121769.223002,0.002353161877113541
2003-06-03,123208.408626,0.011818960395077571
2003-06-04,124122.725518,0.007420896854332559
2003-06-05,123650.773905,-0.0038022981773113695
2003-06-06,123446.122812,-0.0016550732885604047
2003-06-09,122500.990004,-0.00765623728368825
2003-06-10,123276.68809000001,0.0063321780989253895
2003-06-11,123822.739803,0.0044294807190257135
2003-06-12,124384.203792,0.004534417425210213
2003-06-13,124808.947593,0.0034147728413349565
2003-06-16,126380.756301,0.012593718145317956
2003-06-17,126779.098715,0.0031519230115324426
2003-06-18,127300.59740500001,0.004113443740220379
2003-06-19,126587.996603,-0.005597780501633509
2003-06-20,126481.64580000001,-0.0008401333922166687
2003-06-23,125732.933811,-0.005919530729256328
2003-06-24,126017.63419499999,0.0022643262617887405
2003-06-25,124693.59489000001,-0.010506777987524862
2003-06-26,125137.110795,0.0035568459261379193
2003-06-27,124289.181795,-0.0067759994985746586
2003-06-30,123681.013512,-0.0048931715070994475
2003-07-01,123995.396699,0.0025418872151261596
2003-07-02,124808.33688599999,0.006556212638872516
2003-07-03,124045.387101,-0.0061129713289654886
2003-07-07,124676.8389,0.00509048997110928
2003-07-08,124306.805902,-0.0029679369581772086
2003-07-09,125647.677115,0.010786788408489123
2003-07-10,125670.63490799999,0.0001827156182041545
2003-07-11,126436.256398,0.0060922863209889044
2003-07-14,127333.034501,0.007092729004701814
2003-07-15,126126.818098,-0.009472925920025244
2003-07-16,124747.854404,-0.010933152162203585
2003-07-17,123922.517998,-0.0066160368845071815
2003-07-18,124008.92059299999,0.0006972307890111828
2003-07-21,123014.229187,-0.008021127845024845
2003-07-22,123547.92379799999,0.004338478682727853
2003-07-23,124306.155203,0.006137144046546084
2003-07-24,124516.38440400001,0.0016912211680644162
2003-07-25,124618.7428,0.0008220476083524719
2003-07-28,124985.185194,0.0029405078703779175
2003-07-29,125524.857021,0.004317886365190704
2003-07-30,125223.63101000001,-0.00239973195866372
2003-07-31,125246.512302,0.0001827234349893736
2003-08-01,124672.992815,-0.004579125410032137
2003-08-04,124686.160398,0.00010561696404876031
2003-08-05,123825.471004,-0.00690284624414339
2003-08-06,123734.219405,-0.0007369372251131434
2003-08-07,124172.195489,0.0035396520550750044
2003-08-08,124529.770401,0.002879669724706435
2003-08-11,127316.77222500001,0.022380205271603337
2003-08-12,128599.236799,0.010073021421981743
2003-08-13,128198.836013,-0.0031135549165492993
2003-08-14,128707.31800199999,0.003966354179287812
2003-08-15,128492.792008,-0.0016667738659323916
2003-08-18,129571.91789,0.008398337876670992
2003-08-19,130464.452807,0.0068883360803357885
2003-08-20,130815.87280699999,0.002693607281056609
2003-08-21,131185.803206,0.002827870892592621
2003-08-22,130466.474015,-0.005483285335917465
2003-08-25,129648.845502,-0.006266962598421966
2003-08-26,130170.458003,0.004023271468251988
2003-08-27,130077.42699600001,-0.0007146860234436003
2003-08-28,130627.722508,0.004230522733332576
2003-08-29,130834.27660299999,0.001581242411903272
2003-09-01,0.385,-0.9999970573460565
2003-09-02,131214.83089,340816.7425714286
2003-09-03,131581.57830999998,0.0027950149957318704
2003-09-04,131473.883095,-0.0008184672686191163
2003-09-05,130979.149009,-0.003762983752769511
2003-09-08,131642.076706,0.0050613223708946276
2003-09-09,131176.523103,-0.0035365106252441825
2003-09-10,130375.206994,-0.0061086853809261266
2003-09-11,130909.073208,0.004094844612784199
2003-09-12,131083.6846,0.001333837202579291
2003-09-15,129944.22550999999,-0.008692608034913452
2003-09-16,131546.857398,0.012333228981203703
2003-09-17,130393.751397,-0.00876574343020009
2003-09-18,131361.155017,0.007419094930819492
2003-09-19,132374.704906,0.0077157504352700634
2003-09-22,131600.102601,-0.005851588530830343
2003-09-23,132054.840207,0.0034554502391137554
2003-09-24,130674.39841200001,-0.01045354939535803
2003-09-25,130057.158296,-0.004723496901466007
2003-09-26,129057.82001200001,-0.007683839144982496
2003-09-29,129723.220703,0.005155833958284006
2003-09-30,129089.022394,-0.004888857257498991
2003-10-01,130601.85241800001,0.01171927709997389
2003-10-02,130713.474409,0.0008546738727928105
2003-10-03,132078.82571,0.01044537533083889
2003-10-06,132239.988395,0.0012202007712716068
2003-10-07,132327.057399,0.0006584166034553363
2003-10-08,132150.023019,-0.0013378547326584611
2003-10-09,132549.284417,0.0030212737680914703
2003-10-10,132472.463026,-0.0005795685079543755
2003-10-13,133353.432819,0.00665021071456251
2003-10-14,134308.408806,0.007161240373138034
2003-10-15,134403.339596,0.0007068119624373814
2003-10-16,135363.882483,0.007146718897664828
2003-10-17,133964.686401,-0.01033655400786615
2003-10-20,132922.30329900002,-0.0077810289413121625
2003-10-21,133735.991003,0.006121528771357854
2003-10-22,132344.01321,-0.0104084007794788
2003-10-23,132127.873904,-0.0016331627004315674
2003-10-24,132381.457888,0.0019192315482519096
2003-10-27,133174.023807,0.005986985878872364
2003-10-28,135013.147,0.013809924341291469
2003-10-29,135763.665599,0.005558855679439922
2003-10-30,135887.74699699998,0.0009139514424019168
2003-10-31,135735.2842,-0.001121976045443951
2003-11-03,137590.962608,0.013671304546471141
2003-11-04,138368.369105,0.005650127612049971
2003-11-05,138642.551028,0.0019815361326687153
2003-11-06,138908.769511,0.0019201787692599837
2003-11-07,138910.316387,1.113591320001106e-05
2003-11-10,138337.794113,-0.004121524512297303
2003-11-11,138103.72991,-0.001691975822665115
2003-11-12,139696.817209,0.011535440064060598
2003-11-13,139899.845719,0.0014533510072476385
2003-11-14,140321.039104,0.003010677980631815
2003-11-17,139764.088099,-0.003969119731127568
2003-11-18,139549.649005,-0.0015342932288019417
2003-11-19,140029.476902,0.0034384027507141646
2003-11-20,139892.142105,-0.0009807563381537543
2003-11-21,140559.921106,0.004773527597417004
2003-11-24,142483.98010299998,0.013688532135337494
2003-11-25,143712.30921,0.008620822538169426
2003-11-26,143403.570585,-0.002148310236591122
2003-11-28,143490.492997,0.0006061384081679222
2003-12-01,144521.369292,0.0071842828989481244
2003-12-02,144613.875809,0.0006400888495119439
2003-12-03,144306.896004,-0.0021227548413502717
2003-12-04,144200.48501,-0.0007373936862798969
2003-12-05,143611.64579799998,-0.004083475946417114
2003-12-08,143740.901002,0.0009000328857857731
2003-12-09,143138.590014,-0.004190254713873243
2003-12-10,142591.453737,-0.003822423267872521
2003-12-11,143674.52452,0.007595621999882729
2003-12-12,143709.7545,0.0002452068668241658
2003-12-15,142886.8118,-0.005726422001507303
2003-12-16,142358.73501,-0.003695769982880903
2003-12-17,141763.162099,-0.00418360637271864
2003-12-18,142825.966812,0.0074970443468083126
2003-12-19,143585.99490299998,0.005321357929265025
2003-12-22,143550.715015,-0.0002457056346186759
2003-12-23,143657.24751,0.000742124447021153
2003-12-24,143605.762487,-0.00035838792606968095
2003-12-26,143584.402008,-0.00014874388485575096
2003-12-29,145765.257093,0.015188662936232333
2003-12-30,146152.856003,0.002659062370072851
2003-12-31,145461.861996,-0.004727885762190076
2004-01-02,145415.67649800002,-0.0003175093276425178
2004-01-05,146457.008007,0.00716106773408498
2004-01-06,147505.480003,0.0071589062911205925
2004-01-07,148196.84300199998,0.004687032637607169
2004-01-08,147198.082015,-0.0067394214800278185
2004-01-09,147958.516986,0.005166065757042482
2004-01-12,147852.02199900002,-0.00071976246565153
2004-01-13,148381.162801,0.0035788540112327016
2004-01-14,148727.387012,0.0023333434275907283
2004-01-15,148297.356018,-0.0028914042170680165
2004-01-16,149225.982011,0.006261918741742534
2004-01-19,0.385,-0.9999974200203289
2004-01-20,150093.923008,389853.3454753247
2004-01-21,150992.05101,0.005983773253445568
2004-01-22,151833.87998599999,0.005575319828884373
2004-01-23,153089.160599,0.0082674605504105
2004-01-26,154423.434008,0.008715662191753681
2004-01-27,153395.157501,-0.006658811297686418
2004-01-28,151939.371709,-0.009490428614022717
2004-01-29,151114.536001,-0.005428716064324379
2004-01-30,152002.257091,0.0058744917166282384
2004-02-02,152326.771392,0.002134930804387425
2004-02-03,153453.144995,0.0073944559627106
2004-02-04,152434.107242,-0.006640709468894945
2004-02-05,152132.472507,-0.0019787876903502033
2004-02-06,153304.318204,0.007702797947664264
2004-02-09,153928.14202199999,0.004069186212810161
2004-02-10,155732.297,0.011720761092160359
2004-02-11,156267.870801,0.003439066984287864
2004-02-12,155520.454012,-0.004782920412039204
2004-02-13,155421.883809,-0.0006338086113895081
2004-02-16,0.375,-0.9999975872123615
2004-02-17,156139.17041,416370.1210933333
2004-02-18,156634.794908,0.0031742483112890962
2004-02-19,156610.927999,-0.0001523729706035537
2004-02-20,156850.114895,0.0015272682376388236
2004-02-23,157132.463004,0.001800114135644737
2004-02-24,157779.211598,0.00411594511812341
2004-02-25,158274.772004,0.003140847269934577
2004-02-26,158166.78409600002,-0.0006822812418725288
2004-02-27,158167.588994,5.088919298623651e-06
2004-03-01,158329.788008,0.0010254883129448
2004-03-02,156871.269441,-0.009211902481207734
2004-03-03,155710.113217,-0.007401968685137206
2004-03-04,156265.23239699999,0.0035650810890257567
2004-03-05,157535.486702,0.008128835093482945
2004-03-08,158096.949002,0.0035640369782974357
2004-03-09,158375.715704,0.0017632642739771054
2004-03-10,156193.442015,-0.013779092831874618
2004-03-11,153866.106593,-0.014900340193389816
2004-03-12,155045.050999,0.007662144913554547
2004-03-15,153893.592006,-0.007426609140896989
2004-03-16,153440.28966100002,-0.002945556985779474
2004-03-17,154541.481863,0.0071766822418861675
2004-03-18,154395.333025,-0.000945693261370173
2004-03-19,154585.579819,0.0012322056002120885
2004-03-22,153394.417106,-0.007705522820399491
2004-03-23,152663.457831,-0.004765227371312242
2004-03-24,152373.830014,-0.0018971653145746226
2004-03-25,153285.819063,0.005985207885869981
2004-03-26,153901.471242,0.00401636748111045
2004-03-29,155191.546603,0.008382475817735546
2004-03-30,156330.100298,0.007336441448789532
2004-03-31,156798.681001,0.0029973799166427284
2004-04-01,157587.261985,0.005029257765216677
2004-04-02,158770.002004,0.007505302167840178
2004-04-05,160377.353218,0.01012377145375054
2004-04-06,158969.277006,-0.008779769610526178
2004-04-07,158741.500014,-0.0014328365599309834
2004-04-08,158584.859393,-0.000986765407824608
2004-04-12,160055.643019,0.009274426522365431
2004-04-13,156935.01980799998,-0.01949711457926906
2004-04-14,157256.940903,0.002051301840684694
2004-04-15,155986.720801,-0.008077354771790501
2004-04-16,155810.018083,-0.0011328061587076999
2004-04-19,156124.711687,0.0020197263813444
2004-04-20,155138.570002,-0.006316371536218002
2004-04-21,155007.019197,-0.0008479567975797631
2004-04-22,156328.028008,0.008522251558951144
2004-04-23,157098.819134,0.004930600966581267
2004-04-26,156898.964237,-0.0012721604026157962
2004-04-27,156751.32510400002,-0.0009409822028969561
2004-04-28,156271.300006,-0.003062335183970699
2004-04-29,155576.227804,-0.004447855760931985
2004-04-30,155044.93299600002,-0.00341501279147427
2004-05-03,154937.874912,-0.0006904971477060817
2004-05-04,154715.332002,-0.001436336403390026
2004-05-05,155267.543689,0.0035692111431648854
2004-05-06,153229.350297,-0.01312697646639216
2004-05-07,151968.011397,-0.008231705593968686
2004-05-10,146444.903009,-0.03634388801450772
2004-05-11,147837.336005,0.009508238029386495
2004-05-12,146392.034791,-0.009776293682342119
2004-05-13,145171.847006,-0.008335069505264081
2004-05-14,146111.811,0.006474836639373649
2004-05-17,145386.731003,-0.004962500923351043
2004-05-18,147484.802906,0.014430972403917108
2004-05-19,148170.36399800002,0.00464835073507186
2004-05-20,149160.62199400002,0.0066832392745783675
2004-05-21,148647.179012,-0.0034422153456873383
2004-05-24,148008.65100800002,-0.00429559449593353
2004-05-25,147999.727013,-6.029373917837422e-05
2004-05-26,149004.410595,0.006788415102358503
2004-05-27,149950.9821,0.006352640846134516
2004-05-28,150595.652719,0.004299209047994745
2004-05-31,0.29,-0.9999980743136022
2004-06-01,151632.092397,522868.28412758623
2004-06-02,151566.404008,-0.0004332090124299359
2004-06-03,150049.730994,-0.010006656976040307
2004-06-04,150777.596512,0.004850828543165431
2004-06-07,152368.11661,0.010548782675902535
2004-06-08,152431.241611,0.00041429271690462954
2004-06-09,151578.375213,-0.005595089228338734
2004-06-10,151562.6505,-0.00010373981762179518
2004-06-14,150254.325007,-0.008632242103736365
2004-06-15,151228.095612,0.006480815809825291
2004-06-16,150433.882406,-0.005251756975355293
2004-06-17,150151.876003,-0.0018746202550226077
2004-06-18,149132.624988,-0.006788133735869173
2004-06-21,148216.195998,-0.006145060412325765
2004-06-22,148456.412902,0.0016207196682016534
2004-06-23,149440.90999,0.006631556486885293
2004-06-24,149830.209997,0.0026050430703752347
2004-06-25,150368.776992,0.003594515385186847
2004-06-28,150013.50400699998,-0.002362677891693643
2004-06-29,150848.009015,0.00556286591346522
2004-06-30,152230.591006,0.009165397674307574
2004-07-01,152180.221994,-0.0003308731291599143
2004-07-02,152670.833303,0.0032238835150295575
2004-07-05,0.33,-0.9999978384869405
2004-07-06,152425.345001,461893.98485151515
2004-07-07,152588.747207,0.0010720146705189837
2004-07-08,151696.151052,-0.005849685323054188
2004-07-09,151560.551532,-0.0008938889949390294
2004-07-12,152002.355496,0.002915032701677145
2004-07-13,152177.973499,0.0011553636943779644
2004-07-14,151769.692509,-0.0026829177745799626
2004-07-15,151747.52598900002,-0.00014605366614062198
2004-07-16,151708.13399600002,-0.0002595890294966319
2004-07-19,151402.193895,-0.0020166361087011753
2004-07-20,151382.544816,-0.000129780675527158
2004-07-21,150417.732701,-0.006373337931217193
2004-07-22,148844.920514,-0.010456295004302674
2004-07-23,147834.539104,-0.0067881484064816755
2004-07-26,146470.77050800002,-0.0092249659941821
2004-07-27,147241.412996,0.0052614080292414656
2004-07-28,146933.60499999998,-0.002090498791996631
2004-07-29,148612.730998,0.011427787387371602
2004-07-30,148009.241993,-0.004060816330790251
2004-08-02,147687.276032,-0.002175309843254536
2004-08-03,146630.022065,-0.007158734289140267
2004-08-04,145980.542993,-0.004429373076900167
2004-08-05,144923.426018,-0.007241492279218997
2004-08-06,144235.695013,-0.00474547851852869
2004-08-09,142107.585005,-0.014754392162135588
2004-08-10,145485.937004,0.023773199712606052
2004-08-11,144402.530199,-0.0074468146359067955
2004-08-12,143645.57059400002,-0.005242010676383746
2004-08-13,143534.401905,-0.0007739096203266405
2004-08-16,144402.274511,0.006046443183526096
2004-08-17,146043.181017,0.01136343947182783
2004-08-18,146814.174997,0.005279219300970084
2004-08-19,146591.041789,-0.0015198342258473385
2004-08-20,147721.21031,0.007709669753399595
2004-08-23,146853.307086,-0.00587527831770851
2004-08-24,145761.906008,-0.007431913517350064
2004-08-25,147680.420007,0.01316197113184514
2004-08-26,147180.418005,-0.003385702735516971
2004-08-27,147442.713305,0.00178213449557596
2004-08-30,146546.869003,-0.006075880468551009
2004-08-31,147822.545408,0.008704903855529578
2004-09-01,147603.660002,-0.0014807308681897835
2004-09-02,148226.74900900002,0.004221365560932444
2004-09-03,147765.772513,-0.003109941350545542
2004-09-06,0.41,-0.9999972253385001
2004-09-07,149198.909994,363898.78047317074
2004-09-08,148848.020006,-0.0023518267527161685
2004-09-09,148346.465103,-0.0033695772572573945
2004-09-10,148562.944295,0.001459281094764897
2004-09-13,148847.662005,0.0019164786437904091
2004-09-14,148933.214996,0.0005747687927883938
2004-09-15,148658.525005,-0.0018443836790025259
2004-09-16,149050.807004,0.002638812668071422
2004-09-17,148847.61400899998,-0.0013632465270353444
2004-09-20,148728.667292,-0.0007991173912454963
2004-09-21,149609.89001,0.005925036067659262
2004-09-22,149475.990899,-0.0008949883660168689
2004-09-23,149612.19390399999,0.0009112032252189817
2004-09-24,149226.080215,-0.0025807634987810024
2004-09-27,148194.641999,-0.006911916566553988
2004-09-28,148700.07371199998,0.0034105937042134826
2004-09-29,148984.380006,0.0019119445397899337
2004-09-30,149605.998994,0.004172376916123488
2004-10-01,149824.294501,0.0014591360538207532
2004-10-04,149482.9613,-0.00227822331576355
2004-10-05,149620.022812,0.0009169039120449085
2004-10-06,149888.9373,0.0017973161809892169
2004-10-07,148881.950995,-0.006718216321625725
2004-10-08,148794.413597,-0.0005879651456403012
2004-10-11,148890.38580299998,0.0006449987178949179
2004-10-12,148607.845096,-0.0018976423862170355
2004-10-13,147933.51849299998,-0.004537624528263673
2004-10-14,146643.932007,-0.008717338025465815
2004-10-15,148629.837011,0.013542360579264834
2004-10-18,148363.77200599998,-0.001790118393121265
2004-10-19,147014.847014,-0.00909201062874998
2004-10-20,147051.413011,0.0002487231578489624
2004-10-21,146655.69170199998,-0.0026910405068356624
2004-10-22,144750.831484,-0.012988655236583657
2004-10-25,143925.443013,-0.005702132848136476
2004-10-26,148017.658501,0.028432884431909278
2004-10-27,148899.721199,0.005959172080769237
2004-10-28,148940.67151699998,0.0002750194404008699
2004-10-29,148356.22619,-0.00392401431420486
2004-11-01,148809.10499700002,0.0030526444263958563
2004-11-02,148168.028394,-0.004308046896814188
2004-11-03,148621.276994,0.003059017555357979
2004-11-04,149712.98551600002,0.007345573555017193
2004-11-05,149335.917997,-0.002518602629560829
2004-11-08,150497.33611499998,0.007777218860524293
2004-11-09,151297.457992,0.005316518535508408
2004-11-10,151153.625009,-0.0009506635796062701
2004-11-11,151560.88441,0.00269434094601273
2004-11-12,150847.177295,-0.0047090455943057385
2004-11-15,151186.159802,0.002247191582094299
2004-11-16,152290.454103,0.007304202332053533
2004-11-17,153633.807218,0.008820993560708867
2004-11-18,153121.127205,-0.003337026024959
2004-11-19,152322.544901,-0.005215363278581853
2004-11-22,151542.819601,-0.005118909354532963
2004-11-23,151596.887032,0.0003567798932497812
2004-11-24,152477.316991,0.005807704737460506
2004-11-25,0.415,-0.9999972782836937
2004-11-26,152596.959914,367702.51786506025
2004-11-29,153161.092089,0.0036968768926848306
2004-11-30,152142.619004,-0.00664968544627631
2004-12-01,153138.69480599998,0.00654698734990089
2004-12-02,153846.995989,0.004625226719460418
2004-12-03,154465.993911,0.004023464468843274
2004-12-06,154005.06,-0.0029840478109737223
2004-12-07,152836.26299,-0.007589341609944511
2004-12-08,153613.898589,0.005088030705454161
2004-12-09,153554.578998,-0.0003861603119564849
2004-12-10,153474.58701,-0.0005209352174451176
2004-12-13,154166.672101,0.004509444231017401
2004-12-14,154689.580998,0.0033918413744924436
2004-12-15,155938.351008,0.008072748028298937
2004-12-16,156160.753,0.001426217415807951
2004-12-17,155120.654902,-0.006660432138156924
2004-12-20,155994.916714,0.005636011610138603
2004-12-21,157480.353013,0.00952233784465828
2004-12-22,159676.645505,0.013946453954282623
2004-12-23,159721.60960599998,0.0002815947244996231
2004-12-24,0.4,-0.9999974956425685
2004-12-27,158546.133003,396364.33250749996
2004-12-28,159672.1906,0.007102397110995362
2004-12-29,159865.506012,0.001210701821485527
2004-12-30,160335.473,0.0029397648043270053
2004-12-31,158895.943004,-0.008978237747800155
2005-01-03,156971.304997,-0.012112568581763905
2005-01-04,154731.621998,-0.014268104600664522
2005-01-05,153774.640011,-0.006184786113160201
2005-01-06,154515.999997,0.004821080939919398
2005-01-07,155514.267004,0.006460606066811092
2005-01-10,156113.188409,0.0038512312506002733
2005-01-11,154229.893403,-0.012063650900947409
2005-01-12,154278.685989,0.00031636270325696714
2005-01-13,153885.852714,-0.0025462575888673955
2005-01-14,154249.920999,0.002365833366609893
2005-01-17,0.38,-0.999997536465513
2005-01-18,155620.197549,409525.83565526316
2005-01-19,155429.864386,-0.0012230620831853445
2005-01-20,155636.433007,0.001329014998604272
2005-01-21,157940.403308,0.014803540896471068
2005-01-24,157376.81698899998,-0.003568347979338582
2005-01-25,156883.694995,-0.0031333839598144397
2005-01-26,157284.62830799998,0.0025556085545586082
2005-01-27,156870.70301899998,-0.002631695757257635
2005-01-28,158160.993005,0.008225181382936375
2005-01-31,158934.004494,0.004887497696575371
2005-02-01,160322.29086900002,0.008734986445600113
2005-02-02,160220.915354,-0.0006323232686517022
2005-02-03,159880.064821,-0.002127378515138889
2005-02-04,161554.96401,0.010475972666605937
2005-02-07,161932.550009,0.0023371983727880075
2005-02-08,161679.505011,-0.001562656785099259
2005-02-09,160598.354003,-0.006687000977189106
2005-02-10,160712.390302,0.000710071405824575
2005-02-11,162269.910582,0.009691351594442787
2005-02-14,162203.643,-0.000408378742320914
2005-02-15,162046.792006,-0.000967000439071608
2005-02-16,161625.023998,-0.002602754443817634
2005-02-17,160875.97758500002,-0.0046344705446679235
2005-02-18,160359.379992,-0.0032111543361225126
2005-02-21,0.32499,-0.9999979733645764
2005-02-22,159275.760016,490093.3414135819
2005-02-23,160775.887999,0.009418432427189982
2005-02-24,160661.176893,-0.000713484512060103
2005-02-25,161558.340609,0.005584197335972041
2005-02-28,160915.303515,-0.0039802160109843054
2005-03-01,161903.772012,0.006142787388198068
2005-03-02,161333.155003,-0.003524420721697008
2005-03-03,160664.454293,-0.004144843693086986
2005-03-04,161036.564204,0.0023160686826309007
2005-03-07,161863.03001800002,0.005132162487974323
2005-03-08,161478.447001,-0.002375978115306876
2005-03-09,161569.067013,0.0005611895189916449
2005-03-10,161029.11301,-0.003341939227491819
2005-03-11,160818.549026,-0.0013076143814251262
2005-03-14,161176.778707,0.002227539566608483
2005-03-15,160241.516599,-0.005802710015071044
2005-03-16,155901.23000399998,-0.027085905619961492
2005-03-17,158183.7641,0.014640898573676786
2005-03-18,157348.170301,-0.005282424550674847
2005-03-21,157100.471001,-0.0015742115051364802
2005-03-22,156060.913502,-0.006617150746756062
2005-03-23,155040.821295,-0.0065365002940787065
2005-03-24,156163.486998,0.007241097496922366
2005-03-25,0.36,-0.9999976947236071
2005-03-28,155425.07811,431735.3280833333
2005-03-29,154805.847016,-0.003984113127237676
2005-03-30,155577.487996,0.0049845725783228545
2005-03-31,155562.225702,-9.810091547701738e-05
2005-04-01,153191.69798599998,-0.015238453328258905
2005-04-04,155602.35951,0.015736241295662978
2005-04-05,156636.197158,0.0066441000718471255
2005-04-06,157031.762086,0.002525373669542086
2005-04-07,156457.399991,-0.003657617334036134
2005-04-08,155149.5501,-0.008359143709886885
2005-04-11,155651.298996,0.003233969390672442
2005-04-12,156449.774489,0.0051298993207922194
2005-04-13,154182.953002,-0.01448913233914173
2005-04-14,152578.366487,-0.010407029335981033
2005-04-15,151256.4015,-0.00866417053372126
2005-04-18,150991.93651200001,-0.0017484548447358472
2005-04-19,151544.21500199998,0.003657668765352007
2005-04-20,148343.571999,-0.021120192565303397
2005-04-21,150558.416806,0.014930507450736874
2005-04-22,147986.873597,-0.017080036198265258
2005-04-25,149200.989998,0.0082042168436256
2005-04-26,148360.996008,-0.005629949171324422
2005-04-27,148198.545192,-0.0010949698395880114
2005-04-28,148650.458014,0.0030493742122403855
2005-04-29,149675.557992,0.006896043185440126
2005-05-02,150706.41701,0.0068872902952872295
2005-05-03,150346.42300100002,-0.0023887105548803245
2005-05-04,151759.212995,0.009396897949415006
2005-05-05,151051.696988,-0.004662095915213493
2005-05-06,150943.652309,-0.0007152827883065704
2005-05-09,150700.643,-0.0016099339407961155
2005-05-10,149945.464994,-0.0050111133633318206
2005-05-11,149769.086612,-0.0011762835375318526
2005-05-12,149282.103492,-0.0032515596577123995
2005-05-13,148675.10300499998,-0.004066130318377659
2005-05-16,148871.430894,0.001320516246714254
2005-05-17,149272.348198,0.0026930439345711488
2005-05-18,150638.597307,0.009152727383826997
2005-05-19,151656.213208,0.006755346366682735
2005-05-20,151938.131709,0.0018589314281067804
2005-05-23,151817.522389,-0.0007938054696566832
2005-05-24,153853.970897,0.013413790950836502
2005-05-25,152962.120302,-0.00579673433061445
2005-05-26,153059.170593,0.0006344727100302539
2005-05-27,153908.750498,0.005550663195863947
2005-05-30,0.415,-0.9999973035971077
2005-05-31,152565.989416,367627.89015903615
2005-06-01,153294.874504,0.00477750703672597
2005-06-02,153184.824708,-0.000717896122463868
2005-06-03,152544.812699,-0.004178037936982237
2005-06-06,152067.531607,-0.0031287926711854874
2005-06-07,152300.145986,0.001529678140637758
2005-06-08,151696.288201,-0.00396491927890541
2005-06-09,152186.007904,0.003228290611508644
2005-06-10,152086.012705,-0.0006570590843217872
2005-06-13,153811.072113,0.011342656548870789
2005-06-14,154268.256816,0.00297237836469999
2005-06-15,153783.642502,-0.0031413741491745917
2005-06-16,154168.629695,0.0025034339591416543
2005-06-17,152935.274787,-0.008000038078044946
2005-06-20,153039.832808,0.0006836749804493003
2005-06-21,153877.178694,0.0054714244692786185
2005-06-22,153345.3929,-0.0034559107368189457
2005-06-23,152638.766718,-0.004608069200101816
2005-06-24,152025.240606,-0.004019464551449636
2005-06-27,152697.029808,0.004418932009724985
2005-06-28,153288.011618,0.003870290147379274
2005-06-29,153791.421697,0.003284079907400317
2005-06-30,153766.035707,-0.0001650676593004663
2005-07-01,154288.761993,0.0033994912049111203
2005-07-04,0.4,-0.9999974074586195
2005-07-05,155632.500507,389080.25126749993
2005-07-06,156318.066488,0.004405030946406985
2005-07-07,156319.459799,8.913307535607373e-06
2005-07-08,157110.290205,0.005059065627637471
2005-07-11,158012.438005,0.00574213056842332
2005-07-12,157273.664204,-0.004675415494675317
2005-07-13,156785.12591,-0.003106294346689298
2005-07-14,155664.307908,-0.007148752124888413
2005-07-15,156168.847814,0.003241204825824351
2005-07-18,155418.43700900002,-0.004805124808846317
2005-07-19,156276.3314,0.005519901033043562
2005-07-20,157156.304997,0.005630882099143086
2005-07-21,156288.352005,-0.005522864590234433
2005-07-22,157097.097614,0.0051747017524002015
2005-07-25,157032.259501,-0.0004127263583144636
2005-07-26,157070.6188,0.0002442765526133872
2005-07-27,157286.063608,0.0013716429568175759
2005-07-28,158040.835302,0.004798719458585232
2005-07-29,157595.684413,-0.002816682714624652
2005-08-01,158348.824403,0.004778937905598246
2005-08-02,158293.990086,-0.0003462881218521119
2005-08-03,157827.99700499998,-0.0029438456933637003
2005-08-04,157608.909408,-0.001388141528483322
2005-08-05,156208.362692,-0.008886215387573282
2005-08-08,155549.305015,-0.004219093431633292
2005-08-09,155626.509208,0.0004963326129459045
2005-08-10,155721.215311,0.0006085473707659883
2005-08-11,157113.685794,0.008942073051632748
2005-08-12,156649.43100399998,-0.0029548971985082773
2005-08-15,156173.019902,-0.0030412565110933265
2005-08-16,155122.463899,-0.006726872565179565
2005-08-17,154901.012886,-0.001427588290140669
2005-08-18,156503.891004,0.010347757500976718
2005-08-19,156853.414799,0.0022333233554625576
2005-08-22,156646.64819900002,-0.001318215483322005
2005-08-23,156425.831915,-0.0014096457634988901
2005-08-24,156104.658109,-0.0020532018405662322
2005-08-25,155583.213207,-0.003340354530842471
2005-08-26,154409.767198,-0.007542240482196205
2005-08-29,154994.19201,0.0037848953638444094
2005-08-30,154316.074596,-0.004375114997575258
2005-08-31,155672.26608200002,0.008788400622232961
2005-09-01,155331.51598999999,-0.0021888940180297967
2005-09-02,155096.164617,-0.0015151553211849578
2005-09-05,0.41,-0.9999973564787948
2005-09-06,156761.217688,382343.4333853659
2005-09-07,157381.591198,0.003957442530426958
2005-09-08,157352.976589,-0.00018181674732220543
2005-09-09,157068.605705,-0.0018072164261803136
2005-09-12,156812.798198,-0.001628635498811537
2005-09-13,156022.051501,-0.005042615820180396
2005-09-14,155434.170004,-0.003767938514743996
2005-09-15,154839.076113,-0.003828591171328055
2005-09-16,154144.83790399999,-0.004483611155709499
2005-09-19,154030.26640599998,-0.0007432717148229129
2005-09-20,153381.454704,-0.004212235147927457
2005-09-21,151343.062311,-0.013289692661565655
2005-09-22,151542.164304,0.0013155673604046125
2005-09-23,153927.39850100002,0.01573973955007757
2005-09-26,154168.241602,0.001564653878032063
2005-09-27,154319.54200000002,0.0009813979612649515
2005-09-28,153948.010515,-0.002407546576311259
2005-09-29,153802.2931,-0.0009465365256265956
2005-09-30,154709.081401,0.0058958048200907776
2005-10-03,155235.193091,0.003400651631020546
2005-10-04,154711.16759199998,-0.003375687487906287
2005-10-05,153736.296601,-0.006301232200450313
2005-10-06,153244.448913,-0.003199294498920646
2005-10-07,153680.026305,0.0028423697895072486
2005-10-10,154487.212802,0.005252383907053737
2005-10-11,153983.307411,-0.0032617935288006272
2005-10-12,153558.318304,-0.0027599686884608454
2005-10-13,153017.7011,-0.003520598623187099
2005-10-14,154157.539193,0.0074490603688726065
2005-10-17,154450.238225,0.0018987007286976887
2005-10-18,153476.793691,-0.006302641842364287
2005-10-19,154369.1509,0.00581428102281456
2005-10-20,153511.349704,-0.005556817479391962
2005-10-21,153892.658894,0.0024839152983491264
2005-10-24,155499.481596,0.0104411913703224
2005-10-25,155516.445788,0.00010909484601429043
2005-10-26,155077.39239199998,-0.002823195924877009
2005-10-27,153876.708416,-0.007742482366255632
2005-10-28,155278.736809,0.009111374992566423
2005-10-31,156911.246194,0.01051341232256453
2005-11-01,157487.244005,0.003670851038222178
2005-11-02,159231.346105,0.011074561060606669
2005-11-03,160599.57939,0.008592738292231505
2005-11-04,160451.369505,-0.0009228535066090338
2005-11-07,162369.81891600002,0.011956578600223366
2005-11-08,162706.72941499998,0.0020749576568430683
2005-11-09,162777.933504,0.0004376222744812974
2005-11-10,163338.030203,0.003440863801027705
2005-11-11,163631.861594,0.001798915969751791
2005-11-14,163153.795803,-0.002921593547509538
2005-11-15,162473.542206,-0.0041694009854440495
2005-11-16,161470.50951600002,-0.006173514015766601
2005-11-17,163247.889887,0.011007461215844172
2005-11-18,163381.99420699998,0.0008214765905569799
2005-11-21,162395.243198,-0.006039533387931284
2005-11-22,162168.601616,-0.0013956171223789005
2005-11-23,163016.674392,0.005229574452446428
2005-11-24,0.475,-0.9999970861876445
2005-11-25,162923.260704,342995.3383242105
2005-11-28,161855.651703,-0.006552833502022848
2005-11-29,162546.670401,0.0042693516768137485
2005-11-30,163676.47711900002,0.006950660479312143
2005-12-01,166275.242108,0.015877449434047675
2005-12-02,166374.120405,0.0005946663841618349
2005-12-05,164384.50309399999,-0.011958694694563898
2005-12-06,165213.796287,0.005044838031513343
2005-12-07,164720.535313,-0.0029855919123311647
2005-12-08,164653.366705,-0.0004077731284224395
2005-12-09,164798.741011,0.000882911226834926
2005-12-12,164892.594898,0.0005695060922445982
2005-12-13,164655.75251700002,-0.001436343343050095
2005-12-14,164830.957298,0.0010640671723989303
2005-12-15,164345.397993,-0.002945801644057444
2005-12-16,164110.91061,-0.0014267961613989577
2005-12-19,163056.546205,-0.0064247063225774115
2005-12-20,162871.540894,-0.0011346083018795028
2005-12-21,163353.408485,0.0029585745204780967
2005-12-22,163374.25009,0.00012758598178819192
2005-12-23,163822.951592,0.0027464640342822477
2005-12-26,0.465,-0.9999971615698809
2005-12-27,162902.472011,350326.89679784945
2005-12-28,162975.974202,0.0004512036563510957
2005-12-29,163005.670412,0.00018221219505143438
2005-12-30,162513.052314,-0.003022091788309589
2006-01-02,0.47,-0.9999971079246047
2006-01-03,164166.145403,349288.6710702128
2006-01-04,165048.022399,0.005371856626316784
2006-01-05,165216.21251800001,0.001019037468945827
2006-01-06,165561.939302,0.0020925717805226896
2006-01-09,166517.695893,0.00577280379191869
2006-01-10,166639.08251,0.0007289712744884547
2006-01-11,166291.4327,-0.002086244143711835
2006-01-12,165674.960917,-0.0037071770504988333
2006-01-13,166026.272719,0.002120488214124361
2006-01-16,0.475,-0.9999971390070245
2006-01-17,165451.298905,348317.52401052637
2006-01-18,166016.225096,0.0034144560649498334
2006-01-19,167046.90969,0.0062083365249629985
2006-01-20,165413.241387,-0.009779697846740931
2006-01-23,165496.690297,0.000504487484195737
2006-01-24,166568.141391,0.006474154208626182
2006-01-25,166580.824901,7.61460738776254e-05
2006-01-26,167211.031598,0.0037831887155950206
2006-01-27,167479.644895,0.0016064328676936857
2006-01-30,167355.68340500002,-0.0007401585433125524
2006-01-31,167736.158099,0.0022734494954630424
2006-02-01,167264.253815,-0.0028133724376915303
2006-02-02,166286.957496,-0.005842828319318816
2006-02-03,165621.25991,-0.004003306068162349
2006-02-06,165750.516122,0.0007804324883788905
2006-02-07,164352.689495,-0.008433316889168152
2006-02-08,164760.87738299998,0.0024836094210214377
2006-02-09,164605.238392,-0.0009446356044717774
2006-02-10,164758.874389,0.0009333603140511126
2006-02-13,164259.831583,-0.0030289282313361587
2006-02-14,165150.45910900002,0.005422065257323805
2006-02-15,165417.664711,0.0016179525230601843
2006-02-16,165693.329008,0.0016664743604113408
2006-02-17,165749.43791500002,0.00033863105615616895
2006-02-20,0.43,-0.9999974057227258
2006-02-21,165215.978402,384222.20558604656
2006-02-22,165483.751369,0.0016207449763028237
2006-02-23,165320.247603,-0.0009880351674855792
2006-02-24,165431.054998,0.0006702590675167208
2006-02-27,165985.985403,0.0033544512244494396
2006-02-28,164643.50559400002,-0.008087910589201552
2006-03-01,165567.534887,0.005612303319625367
2006-03-02,165520.035201,-0.0002868900961315868
2006-03-03,165852.031799,0.0020057789233600687
2006-03-06,165852.56321,3.2041271622595957e-06
2006-03-07,165630.31100000002,-0.0013400589396894702
2006-03-08,165954.676094,0.001958367958386331
2006-03-09,166871.392412,0.005523895677882251
2006-03-10,167656.423097,0.004704405432548908
2006-03-13,168183.197795,0.0031419893629438533
2006-03-14,168518.283803,0.0019923869470508393
2006-03-15,168760.672002,0.0014383495578638161
2006-03-16,168748.74630300002,-7.06663398439833e-05
2006-03-17,168454.963114,-0.0017409503503659218
2006-03-20,169438.504724,0.005838602744725252
2006-03-21,168572.747301,-0.005109567181380892
2006-03-22,169440.8678,0.0051498270799958945
2006-03-23,169547.175612,0.0006274036091780122
2006-03-24,169975.432008,0.0025258833976689044
2006-03-27,169789.5574,-0.0010935380825580765
2006-03-28,169232.863997,-0.0032787258034279176
2006-03-29,170260.246216,0.006070819784851134
2006-03-30,170095.363499,-0.0009684158261513698
2006-03-31,171051.663079,0.005622137842726138
2006-04-03,170852.044506,-0.0011670074959037047
2006-04-04,170728.57051,-0.0007226954547545628
2006-04-05,171051.852714,0.0018935448415828837
2006-04-06,171090.683597,0.00022701234966993056
2006-04-07,169449.102809,-0.00959479939811736
2006-04-10,168567.84989399998,-0.005200693897998154
2006-04-11,167063.64528,-0.00892343714976418
2006-04-12,166610.084901,-0.002714895740721035
2006-04-13,166011.60610499998,-0.0035920922575343184
2006-04-14,0.485,-0.9999970785175123
2006-04-17,165526.655315,341291.072814433
2006-04-18,166830.138399,0.007874762415270409
2006-04-19,168219.6652,0.00832899147800692
2006-04-20,167680.29691,-0.0032063331558692676
2006-04-21,167787.240394,0.0006377820529348543
2006-04-24,167620.405204,-0.0009943258474733874
2006-04-25,167502.30698599998,-0.0007045575260141712
2006-04-26,169331.103994,0.010918040717808664
2006-04-27,168347.583601,-0.005808267765353148
2006-04-28,169548.498892,0.007133546352802389
2006-05-01,170052.115105,0.002970337197268913
2006-05-02,170123.042994,0.00041709501205677846
2006-05-03,169467.534284,-0.0038531447501977123
2006-05-04,169238.836999,-0.0013495050008619502
2006-05-05,170769.534904,0.009044601890103143
2006-05-08,171219.859113,0.0026370289598385277
2006-05-09,171916.47110599998,0.00406852333957497
2006-05-10,171695.564689,-0.0012849636546098386
2006-05-11,170463.575796,-0.007175426431262566
2006-05-12,168802.995111,-0.009741557263748035
2006-05-15,168889.72170999998,0.0005137740532563662
2006-05-16,169437.629298,0.0032441736681929623
2006-05-17,168445.380209,-0.005856131799713116
2006-05-18,169299.397495,0.005069995300199803
2006-05-19,168931.375311,-0.0021737950013134277
2006-05-22,169658.052524,0.004301611892179258
2006-05-23,167406.319587,-0.01327218427596566
2006-05-24,168449.483607,0.0062313299914456
2006-05-25,169247.416883,0.004736929190365613
2006-05-26,170081.42009899998,0.004927716070115995
2006-05-29,0.43,-0.9999974717990963
2006-05-30,168277.431413,391341.86375116283
2006-05-31,169275.354108,0.005930223005073065
2006-06-01,169958.568192,0.004036110794747527
2006-06-02,169828.754508,-0.0007637960555971768
2006-06-05,168141.363617,-0.009935837402143433
2006-06-06,167368.032901,-0.004599288951655733
2006-06-07,166370.867707,-0.00595791906444787
2006-06-08,165708.94269199998,-0.003978611304508828
2006-06-09,166202.550002,0.0029787608440510205
2006-06-12,164202.188299,-0.012035685992639267
2006-06-13,163053.917492,-0.006993029866989797
2006-06-14,162897.686199,-0.0009581572488602808
2006-06-15,166595.169306,0.022698192916522197
2006-06-16,165889.51599800002,-0.00423573691205803
2006-06-19,165878.940008,-6.375321512264165e-05
2006-06-20,165322.44998499998,-0.0033547961119909653
2006-06-21,166562.558109,0.007501147751636461
2006-06-22,165839.457914,-0.004341312976994471
2006-06-23,166221.663903,0.0023046746160868548
2006-06-26,166052.736907,-0.0010162754482988534
2006-06-27,165241.616816,-0.004884713772915994
2006-06-28,166056.730702,0.004932860750858303
2006-06-29,168117.58639399998,0.012410552004051612
2006-06-30,167934.551999,-0.0010887284247053097
2006-07-03,168237.244797,0.0018024450263327552
2006-07-04,0.41,-0.9999975629653203
2006-07-05,166049.530308,404997.8544097561
2006-07-06,166221.672599,0.0010366924295464042
2006-07-07,165378.587399,-0.0050720534020488595
2006-07-10,166118.268405,0.004472652824246248
2006-07-11,166297.652702,0.0010798589385885293
2006-07-12,164992.615215,-0.007847600166302926
2006-07-13,162993.578497,-0.012115916311739583
2006-07-14,162509.3374,-0.002970921317669739
2006-07-17,162422.542697,-0.0005340905598941736
2006-07-18,162526.366899,0.0006392228583298465
2006-07-19,164891.673612,0.01455337221972064
2006-07-20,163286.364402,-0.009735538337596106
2006-07-21,161987.947299,-0.007951779119800828
2006-07-24,164179.467812,0.013528910943941153
2006-07-25,164253.429,0.00045048987541318475
2006-07-26,164607.806605,0.0021575050649322858
2006-07-27,163891.767702,-0.004349969286196798
2006-07-28,165346.523908,0.008876322626802935
2006-07-31,165521.224907,0.0010565749727959872
2006-08-01,164798.67451,-0.004365303588140801
2006-08-02,165239.906714,0.002677401413038849
2006-08-03,165626.198015,0.002337760343018136
2006-08-04,165875.564302,0.0015055968801349628
2006-08-07,166583.416023,0.004267365865361805
2006-08-08,166357.207295,-0.0013579306596087637
2006-08-09,165570.029499,-0.00473185267292997
2006-08-10,166297.618208,0.004394446937055152
2006-08-11,165721.484697,-0.0034644724152295137
2006-08-14,165373.513511,-0.002099734905442241
2006-08-15,166582.827902,0.007312624405960699
2006-08-16,169255.62299099998,0.0160448416122001
2006-08-17,169276.530902,0.00012352860502096163
2006-08-18,170276.757011,0.005908829201958676
2006-08-21,170294.047515,0.00010154353596769639
2006-08-22,169920.211095,-0.0021952406760845644
2006-08-23,169062.907308,-0.00504533146160413
2006-08-24,170232.264197,0.006916696912526721
2006-08-25,169899.396101,-0.0019553760714526858
2006-08-28,170395.146107,0.0029179032849846465
2006-08-29,170909.370389,0.003017834097674754
2006-08-30,170970.868204,0.00035982705254866687
2006-08-31,171458.033902,0.0028494076395442214
2006-09-01,171670.1644,0.001237215271704617
2006-09-04,0.435,-0.9999974660710467
2006-09-05,172510.25799399999,396574.3057333333
2006-09-06,171075.136303,-0.008319051328819493
2006-09-07,170607.984594,-0.0027306814952501313
2006-09-08,170880.620207,0.0015980237598420821
2006-09-11,170865.40589300002,-8.90347540964953e-05
2006-09-12,172303.27251,0.008415200312112514
2006-09-13,173113.521697,0.004702459652662361
2006-09-14,172989.29180200002,-0.0007176209794714783
2006-09-15,172670.596301,-0.0018422845580798874
2006-09-18,171745.771698,-0.005356005149758425
2006-09-19,170449.887406,-0.007545363587050602
2006-09-20,171294.312006,0.004954093034914342
2006-09-21,170118.301603,-0.006865437557312504
2006-09-22,169047.872387,-0.006292263712448842
2006-09-25,169508.488603,0.002724767898560243
2006-09-26,170848.914688,0.007907722474827406
2006-09-27,171636.528306,0.004610000709915685
2006-09-28,171851.284901,0.0012512289611050775
2006-09-29,172069.656217,0.0012706993498814434
2006-10-02,171603.824993,-0.002707224703305977
2006-10-03,173272.276692,0.00972269527831382
2006-10-04,174695.569917,0.008214200518239512
2006-10-05,176803.56590699998,0.012066682578164567
2006-10-06,175926.958906,-0.004958084394412476
2006-10-09,176391.930193,0.002642979165282
2006-10-10,177578.22942,0.006725359973678957
2006-10-11,177122.82321099998,-0.0025645385162778034
2006-10-12,178772.725705,0.009315019171947991
2006-10-13,177910.974077,-0.004820375281529343
2006-10-16,178820.36621100002,0.005111501067980528
2006-10-17,178302.898012,-0.002893787827217831
2006-10-18,178990.339903,0.0038554723376045263
2006-10-19,179860.707294,0.0048626500819635154
2006-10-20,179506.709904,-0.0019681752358582383
2006-10-23,179875.636788,0.0020552261483557377
2006-10-24,180656.80948999999,0.004342848847955327
2006-10-25,182284.409002,0.009009344937479957
2006-10-26,185885.948197,0.019757801639307848
2006-10-27,183725.463202,-0.011622637514861034
2006-10-30,185190.839688,0.007975903070054358
2006-10-31,186004.746006,0.004394959920108521
2006-11-01,184336.918223,-0.008966587244748081
2006-11-02,183476.742297,-0.004666324761702922
2006-11-03,184533.029904,0.005757065412084428
2006-11-06,187738.556115,0.017371015978373316
2006-11-07,187728.374684,-5.4231966042039836e-05
2006-11-08,189017.422195,0.0068665566042949155
2006-11-09,187862.375304,-0.006110795912814826
2006-11-10,188161.128703,0.001590277981509347
2006-11-13,187809.777596,-0.00186728847462736
2006-11-14,188816.384413,0.005359714653223824
2006-11-15,190296.19839499998,0.007837317649104003
2006-11-16,189805.87709599998,-0.0025766216200611147
2006-11-17,189770.417803,-0.0001868187304973068
2006-11-20,190485.975205,0.003770647766306867
2006-11-21,190866.983009,0.002000188221678467
2006-11-22,191312.69861,0.002335215834469384
2006-11-23,0.41,-0.9999978569117315
2006-11-24,191140.71629799998,466195.8690195122
2006-11-27,188257.099324,-0.015086356428131387
2006-11-28,187835.755893,-0.0022381277121180654
2006-11-29,188611.784897,0.004131423222967667
2006-11-30,190443.393005,0.009710995042012893
2006-12-01,189973.368298,-0.002468054677999043
2006-12-04,191369.34119500002,0.007348255755565969
2006-12-05,192479.278713,0.005799975644317001
2006-12-06,193503.78441199998,0.005322680476829822
2006-12-07,191556.488099,-0.010063350021381812
2006-12-08,191222.484896,-0.0017436277221128949
2006-12-11,191525.094904,0.0015825022259519095
2006-12-12,192724.84989399998,0.006264218224778073
2006-12-13,193807.015105,0.005615078759149128
2006-12-14,194596.781205,0.0040750129688140735
2006-12-15,198180.377988,0.01841549876009929
2006-12-18,197159.395395,-0.005151784467086973
2006-12-19,196901.098692,-0.0013100907642900061
2006-12-20,195159.880606,-0.008843110056606096
2006-12-21,193309.704993,-0.009480307157674672
2006-12-22,192733.819892,-0.0029790801295819236
2006-12-25,0.415,-0.9999978467712608
2006-12-26,193578.342794,466452.83805783134
2006-12-27,194524.101999,0.004885666399192523
2006-12-28,194254.30288,-0.0013869701298062642
2006-12-29,193804.468381,-0.002315699020978057
2007-01-01,0.42,-0.9999978328673043
2007-01-02,0.42,0.0
2007-01-03,192651.06300999998,458692.0071666666
2007-01-04,192548.489092,-0.0005324336985083056
2007-01-05,189986.019005,-0.013308180703384465
2007-01-08,190412.454903,0.002244564627614798
2007-01-09,192436.072305,0.010627547462852993
2007-01-10,192834.15949700002,0.0020686724023812886
2007-01-11,194135.200809,0.006746944189731208
2007-01-12,194657.008295,0.002687856111748488
2007-01-15,0.385,-0.9999980221621437
2007-01-16,193422.749201,502395.75117142854
2007-01-17,193107.161099,-0.0016315976445565594
2007-01-18,192988.026385,-0.0006169357641735429
2007-01-19,193893.686284,0.004692829477375149
2007-01-22,193077.34709,-0.00421024123913083
2007-01-23,193311.851892,0.001214564036301491
2007-01-24,192935.9744,-0.0019444099692862427
2007-01-25,191671.926385,-0.006551645015560159
2007-01-26,191302.334818,-0.001928250912747731
2007-01-29,193158.560595,0.009703100481057714
2007-01-30,194374.14669300002,0.00629320333644845
2007-01-31,196040.545395,0.00857314992940883
2007-02-01,197294.06420300002,0.006394181394845155
2007-02-02,196119.885293,-0.005951415288357964
2007-02-05,195515.72309400002,-0.0030805759349561423
2007-02-06,196209.982113,0.0035509114459617575
2007-02-07,196110.578099,-0.0005066205752097819
2007-02-08,196387.366609,0.0014113900060008788
2007-02-09,195960.620505,-0.0021729814466611153
2007-02-12,195296.018101,-0.003391509999750464
2007-02-13,195430.46131,0.0006884073229311838
2007-02-14,196207.489308,0.003975982008083356
2007-02-15,194516.425113,-0.00861875456927852
2007-02-16,196491.140903,0.010151923102909244
2007-02-19,0.42,-0.9999978624990518
2007-02-20,197559.913305,470379.74596428574
2007-02-21,196412.53491000002,-0.005807749030688258
2007-02-22,196140.629418,-0.001384359160807147
2007-02-23,195276.064411,-0.004407883310894811
2007-02-26,195046.011409,-0.0011780911433968422
2007-02-27,190243.777997,-0.02462102853223691
2007-02-28,191759.072493,0.007965014740318743
2007-03-01,191960.64929499998,0.001051198252991714
2007-03-02,190977.48319,-0.005121706498757872
2007-03-05,189046.32381200002,-0.010111974174875415
2007-03-06,191495.494592,0.012955400193000344
2007-03-07,192074.249013,0.003022287402808521
2007-03-08,193772.660401,0.008842473141129181
2007-03-09,194422.453783,0.0033533800932252777
2007-03-12,194656.285397,0.001202698605280439
2007-03-13,191853.603726,-0.014398105179516563
2007-03-14,190856.880502,-0.005195228052236489
2007-03-15,191202.0399,0.0018084723856544027
2007-03-16,189506.321997,-0.008868722864499134
2007-03-19,192751.588099,0.017124843476469254
2007-03-20,193540.684808,0.004093853216891263
2007-03-21,195971.969196,0.012562135916858619
2007-03-22,195164.742804,-0.004119091088953808
2007-03-23,195354.3968,0.0009717636150625708
2007-03-26,195380.173315,0.00013194745253874984
2007-03-27,194769.564702,-0.0031252332447035958
2007-03-28,194188.395304,-0.002983881998654181
2007-03-29,193966.285613,-0.0011437845740076558
2007-03-30,195193.2238,0.006325522928494864
2007-04-02,194382.903403,-0.004151375653441147
2007-04-03,195436.783583,0.005421671152915586
2007-04-04,195637.121911,0.0010250799482427464
2007-04-05,196141.124422,0.002576211028238795
2007-04-06,0.415,-0.9999978841765019
2007-04-09,196279.12321,472960.7426746988
2007-04-10,197212.293801,0.004754303849225927
2007-04-11,196603.342508,-0.0030877958024992935
2007-04-12,197083.93270600002,0.0024444660597795487
2007-04-13,197587.015093,0.0025526301413441033
2007-04-16,198765.068701,0.00596220155178484
2007-04-17,198770.705214,2.8357663833133984e-05
2007-04-18,198302.941713,-0.0023532818907915365
2007-04-19,197690.530906,-0.003088258811038358
2007-04-20,198720.95461,0.005212306827634183
2007-04-23,198772.615991,0.0002599694687528409
2007-04-24,197952.487597,-0.004125962673033001
2007-04-25,198391.079194,0.0022156407445250714
2007-04-26,199197.417208,0.004064386449612156
2007-04-27,198497.602,-0.0035131741054114096
2007-04-30,197546.935814,-0.004789308165042749
2007-05-01,196871.502503,-0.003419102949974162
2007-05-02,198136.225902,0.006424105992591578
2007-05-03,198329.397804,0.0009749448952134365
2007-05-04,199222.379192,0.004502516509844234
2007-05-07,200455.06571,0.006187490195627143
2007-05-08,198335.575121,-0.01057339499749177
2007-05-09,199498.19860499998,0.0058619008883842305
2007-05-10,198162.6838,-0.00669437024664199
2007-05-11,199897.447715,0.00875424112014378
2007-05-14,198795.586021,-0.0055121348801359105
2007-05-15,198179.144002,-0.0031008838341858302
2007-05-16,198420.723087,0.0012189934829749394
2007-05-17,197754.103803,-0.003359625313469339
2007-05-18,197939.35240899998,0.0009367623853941964
2007-05-21,199218.327407,0.006461448834879979
2007-05-22,200223.765982,0.005046918062643568
2007-05-23,199828.94890299998,-0.0019718791975750216
2007-05-24,198301.06241,-0.007645971724255185
2007-05-25,199146.234309,0.004262064402118737
2007-05-28,0.45,-0.9999977403539587
2007-05-29,199590.800323,443534.1118288889
2007-05-30,200148.252698,0.0027929762999991947
2007-05-31,200860.319385,0.003557696244665287
2007-06-01,201102.05719,0.00120351200147506
2007-06-04,201808.472099,0.0035127184618135576
2007-06-05,200704.758203,-0.005469115763675925
2007-06-06,199864.60560100002,-0.004186012377196513
2007-06-07,198906.136999,-0.004795589489784091
2007-06-08,199404.925911,0.002507659741049162
2007-06-11,199481.265708,0.0003828380700789946
2007-06-12,198614.200408,-0.004346600152764224
2007-06-13,199737.760602,0.00565699829967814
2007-06-14,199964.53009800002,0.0011353361293156006
2007-06-15,200482.913102,0.002592374776396289
2007-06-18,200169.703997,-0.0015622733137393707
2007-06-19,200248.59341600002,0.0003941126825126595
2007-06-20,198789.222302,-0.0072877970781461965
2007-06-21,198555.873106,-0.001173852351238125
2007-06-22,197190.917897,-0.006874413673330748
2007-06-25,196467.222605,-0.003670023445897397
2007-06-26,195994.523915,-0.002405992631912768
2007-06-27,197118.472212,0.005734590306652798
2007-06-28,198708.00963,0.008063868394284412
2007-06-29,199110.177022,0.002023911329738892
2007-07-02,200818.677816,0.008580680402947127
2007-07-03,201073.919936,0.00127100787026313
2007-07-04,0.49999,-0.9999975134020357
2007-07-05,202306.934998,404620.9624352487
2007-07-06,203313.944297,0.004977631137607519
2007-07-09,203893.067911,0.0028484205350618463
2007-07-10,202160.509785,-0.008497386123770823
2007-07-11,201719.345902,-0.002182245600138133
2007-07-12,202751.28067900002,0.005115695633384432
2007-07-13,202996.921494,0.0012115376740278183
2007-07-16,202242.874499,-0.0037145735484579445
2007-07-17,202152.651507,-0.00044611209281664177
2007-07-18,201767.918105,-0.0019031825659070467
2007-07-19,202079.602496,0.0015447668486019417
2007-07-20,200750.425105,-0.006577494089371583
2007-07-23,200812.887289,0.00031114347064198355
2007-07-24,198522.8787,-0.011403693358107758
2007-07-25,198791.092007,0.0013510448204074876
2007-07-26,196439.675904,-0.011828578832482117
2007-07-27,195768.84789900001,-0.003414931336619742
2007-07-30,195747.112114,-0.00011102780260141554
2007-07-31,195294.588928,-0.0023117745192400285
2007-08-01,195099.215094,-0.0010004057719797954
2007-08-02,196184.440899,0.0055624303997179325
2007-08-03,193852.766803,-0.011885112220496596
2007-08-06,197100.8541,0.016755434294630556
2007-08-07,198471.390492,0.0069534776917032914
2007-08-08,200253.623607,0.008979798602619438
2007-08-09,197642.934714,-0.013036912121617839
2007-08-10,197157.881321,-0.00245419039998529
2007-08-13,196996.985191,-0.0008160775969083822
2007-08-14,193853.532413,-0.01595685728363938
2007-08-15,193621.225202,-0.001198364600883739
2007-08-16,196965.177822,0.017270589092240884
2007-08-17,203689.634188,0.03414033099839098
2007-08-20,206083.309507,0.011751581412290824
2007-08-21,205546.134694,-0.0026065905787568955
2007-08-22,204782.206998,-0.003716575342743722
2007-08-23,205014.573402,0.0011347001646597743
2007-08-24,207148.445508,0.010408392294219082
2007-08-27,205421.41339,-0.00833717150888924
2007-08-28,203114.53810099998,-0.01122996503105711
2007-08-29,204752.084706,0.008062183142133028
2007-08-30,204150.449788,-0.002938357960378668
2007-08-31,205075.047915,0.004529003624337502
2007-09-03,0.55,-0.999997318054997
2007-09-04,206813.776904,376024.0489163636
2007-09-05,206098.879908,-0.0034567184386939953
2007-09-06,206853.597697,0.003661920866997903
2007-09-07,204849.3336,-0.009689288072890268
2007-09-10,203025.320293,-0.008904170079272467
2007-09-11,204490.37911,0.007216138434780861
2007-09-12,203643.629703,-0.00414077870404117
2007-09-13,204764.321999,0.005503203304883408
2007-09-14,206150.95920399998,0.006771869198027414
2007-09-17,203991.802788,-0.010473666600131382
2007-09-18,206899.514004,0.014254059115413886
2007-09-19,206753.991391,-0.0007033492258333718
2007-09-20,205854.227986,-0.00435185506672231
2007-09-21,205818.56329299998,-0.00017325217630437262
2007-09-24,205125.530504,-0.0033672025395172778
2007-09-25,204809.29629600001,-0.0015416618654098269
2007-09-26,205458.661693,0.0031705855580963505
2007-09-27,206243.429501,0.0038195897974484527
2007-09-28,207078.822305,0.004050518389949298
2007-10-01,208788.541398,0.008256368632818534
2007-10-02,210280.650691,0.007146509492375275
2007-10-03,209166.906603,-0.005296464911726861
2007-10-04,209026.72788,-0.0006701763929897187
2007-10-05,212606.53449700002,0.017126071164713208
2007-10-08,214634.451898,0.009538358761163046
2007-10-09,214578.872609,-0.00025894859147035376
2007-10-10,216650.608393,0.009654891736592619
2007-10-11,216679.261995,0.00013225719610265863
2007-10-12,218780.143407,0.009695812107983315
2007-10-15,216886.36561100002,-0.008656077130715478
2007-10-16,217225.40129799998,0.0015631950217103174
2007-10-17,220106.850321,0.013264788582653342
2007-10-18,219214.811899,-0.004052751746249972
2007-10-19,214927.510394,-0.019557535678635163
2007-10-22,214922.13701500001,-2.5000889789073e-05
2007-10-23,217406.68898099998,0.011560242237059759
2007-10-24,216768.114492,-0.002937234783313425
2007-10-25,216235.473103,-0.002457194362963655
2007-10-26,217410.770208,0.005435265029064773
2007-10-29,218518.202609,0.005093732936691797
2007-10-30,218572.318784,0.00024765065039833445
2007-10-31,223507.711392,0.022580135652389366
2007-11-01,219647.904998,-0.017269231428129306
2007-11-02,221028.404804,0.006285057924920956
2007-11-05,220892.759294,-0.0006137017100598108
2007-11-06,222771.68270499998,0.008506043462018775
2007-11-07,221710.817986,-0.004762116558614804
2007-11-08,221777.256099,0.00029966112435775294
2007-11-09,218364.60450299998,-0.015387743793153552
2007-11-12,218844.1095,0.0021958915827562375
2007-11-13,222982.690112,0.018911089823050675
2007-11-14,224258.946404,0.005723566665013058
2007-11-15,221058.368289,-0.014271796805975234
2007-11-16,222153.51279500002,0.004954096578548395
2007-11-19,220428.449393,-0.007765186245746625
2007-11-20,220451.99890099998,0.00010683515700837809
2007-11-21,216938.554003,-0.015937459925585817
2007-11-22,0.44,-0.9999979717759159
2007-11-23,218313.913894,496166.9861227273
2007-11-26,219329.196101,0.004650561152474086
2007-11-27,221024.531206,0.007729637162483982
2007-11-28,223719.092306,0.012191230924899488
2007-11-29,225112.151796,0.0062268243431569115
2007-11-30,226501.17670299998,0.006170368396010595
2007-12-03,229192.407801,0.011881753274637141
2007-12-04,230045.56821499998,0.003722463680999155
2007-12-05,234140.56729900002,0.01780081709799708
2007-12-06,236654.67020599998,0.010737579292653843
2007-12-07,236572.113003,-0.000348850935111944
2007-12-10,238133.1666,0.006598637418351094
2007-12-11,235342.010816,-0.011720987142829986
2007-12-12,230675.36679,-0.01982920095659657
2007-12-13,228997.408002,-0.007274113449346142
2007-12-14,228301.142912,-0.00304049332293721
2007-12-17,219904.112697,-0.03678050012319334
2007-12-18,219749.141024,-0.0007047238503152808
2007-12-19,218907.96468099998,-0.003827893656740855
2007-12-20,219146.753308,0.0010908174462633813
2007-12-21,220640.500604,0.00681619633169106
2007-12-24,225504.391194,0.022044414224429154
2007-12-25,0.41,-0.9999981818535868
2007-12-26,226160.92719299998,551611.0175439024
2007-12-27,223833.661398,-0.010290308869373987
2007-12-28,227183.354884,0.014965101607500753
2007-12-31,227322.687508,0.0006133047206346998
2008-01-01,0.43,-0.9999981084158176
2008-01-02,223786.093506,520431.77559534885
2008-01-03,223509.871402,-0.0012343130874332697
2008-01-04,217022.2339,-0.029026178849754114
2008-01-07,215060.563093,-0.009039031493445426
2008-01-08,213402.3045,-0.007710658658895642
2008-01-09,210516.614504,-0.013522300064946147
2008-01-10,215232.11217500002,0.022399646137718054
2008-01-11,211744.12497900001,-0.016205700723524008
2008-01-14,210680.340683,-0.005023914104372529
2008-01-15,207607.955911,-0.0145831583622833
2008-01-16,204837.75252,-0.0133434356060399
2008-01-17,207561.534609,0.013297266033682087
2008-01-18,207166.076802,-0.00190525574859024
2008-01-21,0.51001,-0.9999975381587185
2008-01-22,211359.31919100002,414420.9117095744
2008-01-23,216255.22101299997,0.0231638795996294
2008-01-24,216577.87110999998,0.0014919875482710676
2008-01-25,216643.854904,0.00030466544740637147
2008-01-28,217150.355588,0.0023379416149349463
2008-01-29,218975.785092,0.008406292953364591
2008-01-30,217523.473107,-0.006632294910552949
2008-01-31,216159.046298,-0.006272549759854362
2008-02-01,217339.017917,0.00545881210714283
2008-02-04,216733.095803,-0.0027879122663164724
2008-02-05,215323.00118199998,-0.006506134265168884
2008-02-06,213348.702493,-0.009169009711745724
2008-02-07,214710.841404,0.006384566182420004
2008-02-08,216921.085295,0.010294048854483373
2008-02-11,218957.179598,0.009386336511413962
2008-02-12,219168.62849499998,0.0009657088997410135
2008-02-13,224841.90311100002,0.025885431938674763
2008-02-14,222656.36310299998,-0.00972034117199716
2008-02-15,222916.602104,0.001168792112532735
2008-02-18,0.475,-0.9999978691582614
2008-02-19,222710.242905,468862.6692736842
2008-02-20,223592.020611,0.003959304675430486
2008-02-21,220215.202607,-0.015102587269314571
2008-02-22,218679.327285,-0.006974429121230807
2008-02-25,220187.84829300002,0.006898324714681436
2008-02-26,220302.482392,0.0005206195522990953
2008-02-27,221698.686288,0.006337667559803695
2008-02-28,220450.90460799998,-0.005628277284327576
2008-02-29,218300.910302,-0.00975271255893928
2008-03-03,214539.668497,-0.017229620342840812
2008-03-04,214748.370708,0.0009727907778644962
2008-03-05,217019.15880600002,0.010574180798268662
2008-03-06,211490.7179,-0.025474437079272216
2008-03-07,209271.484105,-0.010493291701101026
2008-03-10,205186.986022,-0.019517700180071595
2008-03-11,208548.076689,0.016380623021772234
2008-03-12,207012.382416,-0.007363742199790857
2008-03-13,207318.95769799998,0.0014809514214657593
2008-03-14,204925.024089,-0.011547104208806558
2008-03-17,202299.20209799998,-0.012813574148268114
2008-03-18,206103.781618,0.01880669562975812
2008-03-19,204113.26459500002,-0.009657838431559096
2008-03-20,207478.122109,0.016485246662810038
2008-03-21,0.54,-0.9999973973159458
2008-03-24,209111.219104,387241.9983407407
2008-03-25,208539.162607,-0.002735656649371254
2008-03-26,207310.38240200002,-0.005892323483218664
2008-03-27,208325.99021,0.004898972237823429
2008-03-28,211418.844791,0.01484622527358348
2008-03-31,211321.350507,-0.00046114282809739393
2008-04-01,213119.838496,0.008510678096108615
2008-04-02,211875.919299,-0.005836712366987684
2008-04-03,211275.010607,-0.00283613491324608
2008-04-04,211428.491807,0.0007264522176997357
2008-04-07,213143.80841499998,0.008112987012014239
2008-04-08,212545.514328,-0.0028069972637210228
2008-04-09,210842.451792,-0.008012695734297304
2008-04-10,211288.33839299998,0.00211478569524437
2008-04-11,208777.758584,-0.011882245031101801
2008-04-14,206686.903082,-0.010014742548156819
2008-04-15,207256.228319,0.0027545298154383335
2008-04-16,210228.628011,0.014341666429560807
2008-04-17,208978.253002,-0.005947691429230795
2008-04-18,210305.291603,0.006350127737871691
2008-04-21,209724.598906,-0.0027611891863196236
2008-04-22,207548.205812,-0.010377385892512692
2008-04-23,207684.444701,0.00065642046129466
2008-04-24,207893.039919,0.0010043853707981665
2008-04-25,208681.00591,0.0037902470968100843
2008-04-28,210590.142709,0.00914858920999917
2008-04-29,213163.99590100002,0.012222097192633674
2008-04-30,215458.116025,0.010762230808740503
2008-05-01,216739.927013,0.005949235107259865
2008-05-02,216348.808392,-0.0018045527023571317
2008-05-05,212428.399702,-0.01812077782696475
2008-05-06,213199.593799,0.0036303719186410177
2008-05-07,210135.602999,-0.014371466405741162
2008-05-08,211018.497493,0.004201546436679804
2008-05-09,206867.798515,-0.019669834764782568
2008-05-12,205480.778506,-0.006704861843925047
2008-05-13,207160.30711,0.008173653108633383
2008-05-14,206713.202295,-0.0021582552238763597
2008-05-15,205418.325703,-0.006264121389557231
2008-05-16,206230.07691200002,0.003951698107858448
2008-05-19,207702.075628,0.00713765294587998
2008-05-20,206644.497206,-0.005091804782414111
2008-05-21,203817.983414,-0.013678146915193756
2008-05-22,205682.056312,0.009145772452343826
2008-05-23,205628.807199,-0.00025889041540516633
2008-05-26,10.02001,-0.999951271370308
2008-05-27,210601.331084,21017.07593844717
2008-05-28,212760.38662,0.010251860825793324
2008-05-29,215948.23071899998,0.014983259570277241
2008-05-30,218753.484092,0.012990397576585488
2008-06-02,215486.447202,-0.014934787912342373
2008-06-03,217126.48641500002,0.007610869427266742
2008-06-04,216099.905692,-0.004728030835620345
2008-06-05,215246.019297,-0.003951350151059407
2008-06-06,211783.334996,-0.016087100297181967
2008-06-09,209175.15238,-0.012315334518881005
2008-06-10,208286.346592,-0.004249098317305688
2008-06-11,206606.747595,-0.008063893886861684
2008-06-12,207280.989508,0.0032634070321928554
2008-06-13,208877.745804,0.0077033417284915195
2008-06-16,208151.009398,-0.0034792428614293103
2008-06-17,207827.492513,-0.0015542412498293912
2008-06-18,206643.942299,-0.005694868372267847
2008-06-19,206725.78701,0.00039606634527711293
2008-06-20,204494.221201,-0.01079481104547464
2008-06-23,202450.164999,-0.00999566731028001
2008-06-24,201736.643405,-0.0035244307852430046
2008-06-25,201565.48551899998,-0.0008484223942222258
2008-06-26,198464.962005,-0.015382214400529004
2008-06-27,198022.145319,-0.0022312083781763636
2008-06-30,197727.248417,-0.0014892117319754705
2008-07-01,197061.874411,-0.003365110329137555
2008-07-02,193614.128912,-0.01749575106450707
2008-07-03,191169.786619,-0.012624813626649023
2008-07-04,0.52001,-0.9999972798525897
2008-07-07,192281.26901699998,369763.560329609
2008-07-08,194361.081586,0.010816511559512021
2008-07-09,193497.529413,-0.004443030291626959
2008-07-10,193758.310209,0.0013477215796557918
2008-07-11,191782.753699,-0.010195983376759643
2008-07-14,189432.760004,-0.012253415125576206
2008-07-15,187806.028814,-0.008587380503592201
2008-07-16,190074.898407,0.012080919911506394
2008-07-17,192250.911797,0.011448189151944677
2008-07-18,193114.09239499999,0.004489864781038966
2008-07-21,194051.469014,0.004854004217790031
2008-07-22,196022.857814,0.010159102685575405
2008-07-23,196253.401694,0.0011761071263372003
2008-07-24,191229.277213,-0.025600190557887315
2008-07-25,189621.267391,-0.00840880562555757
2008-07-28,187223.061902,-0.012647344477742073
2008-07-29,188899.48999600002,0.008954175179965551
2008-07-30,191908.241828,0.015927792245832295
2008-07-31,191789.06891899998,-0.0006209890094601711
2008-08-01,193660.324896,0.009756843742696919
2008-08-04,190412.709191,-0.016769649161458622
2008-08-05,193103.6347,0.014132068812175547
2008-08-06,194149.751198,0.005417383777499785
2008-08-07,192238.237118,-0.009845565437014647
2008-08-08,194414.85543300002,0.011322504552848
2008-08-11,197491.70819900002,0.015826222534009782
2008-08-12,195703.240704,-0.009055911821866935
2008-08-13,193376.691381,-0.011888149192781472
2008-08-14,195869.410987,0.012890486377640675
2008-08-15,199851.405714,0.020329844802894126
2008-08-18,195595.666002,-0.021294519779811893
2008-08-19,194288.723492,-0.00668185822679046
2008-08-20,194448.721394,0.0008235058583139221
2008-08-21,192516.646002,-0.009936169176886223
2008-08-22,194530.934401,0.010462931080666538
2008-08-25,192176.181999,-0.012104770941705367
2008-08-26,192040.529302,-0.0007058767407539523
2008-08-27,193116.032392,0.005600396405430974
2008-08-28,196808.18491500002,0.01911882963453526
2008-08-29,194940.638504,-0.009489170441801531
2008-09-01,0.465,-0.9999976146584747
2008-09-02,198108.56369799998,426038.92193118273
2008-09-03,198278.826808,0.0008594434628257375
2008-09-04,195226.538011,-0.015393922014455219
2008-09-05,194074.77099000002,-0.005899643730480353
2008-09-08,196901.444892,0.014564870475336722
2008-09-09,192709.572094,-0.021289192673518587
2008-09-10,192492.949103,-0.0011240904571898636
2008-09-11,193550.314506,0.0054930084864261985
2008-09-12,196026.557997,0.012793797299271548
2008-09-15,193538.381298,-0.012693059167207754
2008-09-16,200466.873798,0.035799061940752
2008-09-17,197119.824317,-0.01669627214505598
2008-09-18,204131.041299,0.03556829966896102
2008-09-19,226450.22930099998,0.1093375503302707
2008-09-22,207069.820949,-0.0855835227538646
2008-09-23,203712.66159,-0.016212692625193426
2008-09-24,207645.15641,0.01930412567047357
2008-09-25,208116.55290399998,0.0022702022149228007
2008-09-26,209733.36161199998,0.007768765556797286
2008-09-29,203699.472994,-0.028769331553281763
2008-09-30,202917.346294,-0.0038396108173684995
2008-10-01,208711.672095,0.028555103379899416
2008-10-02,206261.353019,-0.011740211035656256
2008-10-03,205564.759705,-0.0033772362287172175
2008-10-06,195136.459706,-0.05072999873113149
2008-10-07,184968.844117,-0.05210515556302964
2008-10-08,177910.279206,-0.03816083159678052
2008-10-09,169267.608798,-0.048578814257228875
2008-10-10,169225.35908,-0.0002496030888604617
2008-10-13,179774.020103,0.06233498974591156
2008-10-14,179208.069199,-0.0031481239818509366
2008-10-15,168348.496905,-0.060597563170780355
2008-10-16,170487.837098,0.012707806914410646
2008-10-17,176925.483602,0.037760151184858426
2008-10-20,182810.390212,0.033262063158964184
2008-10-21,179250.080502,-0.01947542317409423
2008-10-22,172494.833089,-0.037686161111233796
2008-10-23,168662.11209,-0.022219337996184807
2008-10-24,163752.37368400002,-0.029109907051205974
2008-10-27,154825.931,-0.05451183688625938
2008-10-28,161199.822409,0.04116811291126665
2008-10-29,164676.153207,0.021565351289158263
2008-10-30,167883.097179,0.019474246328603728
2008-10-31,173722.39661999998,0.034781937783611605
2008-11-03,175684.87000999998,0.011296605551054606
2008-11-04,177960.924402,0.012955323881165492
2008-11-05,173589.945893,-0.024561450912259253
2008-11-06,166291.735116,-0.04204281958529199
2008-11-07,168132.957108,0.011072239944550644
2008-11-10,163850.638291,-0.025469835840984167
2008-11-11,159313.270113,-0.02769209949577134
2008-11-12,153183.737602,-0.03847471404392333
2008-11-13,156133.467014,0.01925615250140944
2008-11-14,151651.097215,-0.02870857788995418
2008-11-17,145009.76319599999,-0.043793511164541
2008-11-18,144753.264896,-0.0017688346932426269
2008-11-19,129568.13391399999,-0.10490354737704866
2008-11-20,119971.784215,-0.07406411907861155
2008-11-21,134910.507009,0.12451863487525094
2008-11-24,135513.697901,0.004471044586318085
2008-11-25,145427.211512,0.07315506671688898
2008-11-26,152088.136206,0.04580246450954162
2008-11-27,0.34501,-0.999997731512736
2008-11-28,155909.166511,451896.5290890119
2008-12-01,144547.574099,-0.07287315214528067
2008-12-02,150237.352315,0.03936266832194013
2008-12-03,151945.558709,0.011370051240110035
2008-12-04,146952.226695,-0.03286263880580442
2008-12-05,153329.538925,0.04339717997765469
2008-12-08,159723.785703,0.04170264140119606
2008-12-09,158919.093025,-0.00503802658106467
2008-12-10,156792.354005,-0.013382526790946647
2008-12-11,149631.611206,-0.04567022954940547
2008-12-12,149604.607003,-0.00018047124389253266
2008-12-15,144982.576709,-0.030894972999777615
2008-12-16,154335.871897,0.0645132360060987
2008-12-17,152197.246582,-0.013856955539327087
2008-12-18,150098.134113,-0.013792052853394021
2008-12-19,149089.574188,-0.006719336858916125
2008-12-22,145931.326215,-0.021183560220096154
2008-12-23,147823.509607,0.012966259137618286
2008-12-24,145041.662193,-0.018818707669678303
2008-12-25,0.32,-0.9999977937373637
2008-12-26,144943.119907,452946.24970937497
2008-12-29,143529.189605,-0.009755070146877043
2008-12-30,144404.215789,0.006096503341293413
2008-12-31,150454.75389300002,0.0419000101274114
2009-01-01,0.32,-0.9999978731147291
2009-01-02,154981.7222,484316.88187499996
2009-01-05,157552.278498,0.016586190045577043
2009-01-06,155823.803705,-0.010970801625201143
2009-01-07,150438.598391,-0.034559580667117284
2009-01-08,153121.387695,0.017833118180397234
2009-01-09,147516.556703,-0.03660384141217543
2009-01-12,145743.91891,-0.012016534500387754
2009-01-13,147121.462983,0.009451811665985632
2009-01-14,142914.2185,-0.028597081606550945
2009-01-15,143488.82880400002,0.004020665753422081
2009-01-16,141618.760207,-0.013032851495041742
2009-01-19,0.27,-0.9999980934729297
2009-01-20,134212.399009,497081.9592925925
2009-01-21,138415.159098,0.03131424607586508
2009-01-22,137727.738609,-0.0049663670762629675
2009-01-23,135184.73878400002,-0.018463962675081658
2009-01-26,134234.559992,-0.007028743041166963
2009-01-27,135927.432407,0.01261130080882955
2009-01-28,141969.486599,0.04445058723619977
2009-01-29,137109.622284,-0.03423175240977605
2009-01-30,138353.69110199998,0.009073533988906313
2009-02-02,138513.653703,0.0011561860021651604
2009-02-03,140152.918407,0.011834679543685223
2009-02-04,139682.491409,-0.0033565265950001866
2009-02-05,136971.932914,-0.019405141386426905
2009-02-06,140715.271996,0.027329241855339026
2009-02-09,141261.26511900002,0.003880126977372722
2009-02-10,137060.972817,-0.029734211274843436
2009-02-11,139813.949409,0.020085780331325243
2009-02-12,138689.847795,-0.008039981838376065
2009-02-13,137340.208901,-0.009731345988604256
2009-02-16,0.295,-0.9999978520492844
2009-02-17,131073.115796,444314.6467661017
2009-02-18,126509.2155,-0.03481949954636898
2009-02-19,124374.014299,-0.016877831330793458
2009-02-20,122322.14609899999,-0.01649756351087328
2009-02-23,119125.01669599999,-0.026136962969996014
2009-02-24,125342.383396,0.05219194819394124
2009-02-25,124615.92409799999,-0.005795799300424065
2009-02-26,122224.71710400001,-0.019188615029003042
2009-02-27,121942.162108,-0.002311766414313632
2009-03-02,116878.2971,-0.041526777289016104
2009-03-03,115625.516494,-0.010718676068048216
2009-03-04,116675.076718,0.009077237065180821
2009-03-05,111983.81189799999,-0.040207942878311975
2009-03-06,112716.730495,0.006544862016909958
2009-03-09,112119.413504,-0.005299275346054344
2009-03-10,126685.64751200001,0.1299171441659419
2009-03-11,125500.52532,-0.009354826022322293
2009-03-12,129603.67859299999,0.03269431153804181
2009-03-13,127689.149289,-0.014772183357636637
2009-03-16,125235.248403,-0.019217771436835673
2009-03-17,127343.135807,0.016831422709499
2009-03-18,129764.446794,0.019014067555786607
2009-03-19,131029.64670099999,0.009749973419209912
2009-03-20,129508.517108,-0.011609049030492313
2009-03-23,138325.388601,0.06807947222225885
2009-03-24,135505.172308,-0.02038827666795806
2009-03-25,134549.72867799998,-0.007050975351910016
2009-03-26,141288.290444,0.05008231404261343
2009-03-27,137581.2956,-0.02623709885901182
2009-03-30,131979.186403,-0.04071853788386637
2009-03-31,133833.860703,0.014052778703580904
2009-04-01,135277.064218,0.010783545415331774
2009-04-02,139619.064505,0.03209709134434502
2009-04-03,142836.078104,0.023041363372584334
2009-04-06,141061.74039,-0.012422195691400129
2009-04-07,137185.320809,-0.02748030451263872
2009-04-08,137903.139706,0.00523247598771448
2009-04-09,143779.413297,0.042611601182741765
2009-04-10,0.3,-0.9999979134704119
2009-04-13,143908.607907,479694.35969
2009-04-14,140705.078292,-0.022260861678755628
2009-04-15,142051.766981,0.009571002733854916
2009-04-16,143373.274101,0.009302996703847821
2009-04-17,142703.320385,-0.004672793588629598
2009-04-20,138804.8445,-0.027318746855239828
2009-04-21,139512.010203,0.0050946759498728955
2009-04-22,136322.826394,-0.02285956459490135
2009-04-23,136877.881806,0.0040716248825105605
2009-04-24,140781.051686,0.028515709247546983
2009-04-27,141677.375801,0.0063667951351802365
2009-04-28,140851.362693,-0.005830240031832634
2009-04-29,146874.924699,0.04276537969411742
2009-04-30,147298.55240699998,0.002884275235327971
2009-05-01,145242.398786,-0.013959089124777169
2009-05-04,148955.035,0.02556165585966519
2009-05-05,149401.541792,0.0029975944888334105
2009-05-06,150200.89387,0.005350360300249601
2009-05-07,148604.861798,-0.010625982515000021
2009-05-08,151285.05240400002,0.01803568586903448
2009-05-11,144863.79690400002,-0.042444745187728894
2009-05-12,144340.539816,-0.003612062497207469
2009-05-13,140881.531487,-0.023964219154295918
2009-05-14,142749.11579799998,0.013256416872301724
2009-05-15,141784.86059199998,-0.006754894421654334
2009-05-18,146528.720119,0.03345815277592257
2009-05-19,146593.252497,0.00044040770947573193
2009-05-20,147181.70939600002,0.004014215449732683
2009-05-21,143291.046508,-0.026434418406787175
2009-05-22,142371.454591,-0.006417650923839613
2009-05-25,0.285,-0.999997998194225
2009-05-26,146884.173204,515382.0638736842
2009-05-27,145161.658893,-0.011727024589692658
2009-05-28,145690.308908,0.0036418019677610936
2009-05-29,146946.983199,0.008625654653485304
2009-06-01,149093.863699,0.014609898435904878
2009-06-02,149563.411605,0.003149344274476329
2009-06-03,146347.288305,-0.02150340959387753
2009-06-04,147866.515395,0.010380971916840842
2009-06-05,147400.320114,-0.003152811708280523
2009-06-08,147553.00469200002,0.0010358497042741721
2009-06-09,149046.743808,0.010123406969027693
2009-06-10,147674.693192,-0.009205505473956932
2009-06-11,149432.400682,0.011902564021004647
2009-06-12,148368.986701,-0.007116354794185598
2009-06-15,146687.21600000001,-0.011335055515268477
2009-06-16,145048.645295,-0.011170507898929816
2009-06-17,143274.61222399998,-0.01223060765160533
2009-06-18,143090.555005,-0.0012846464292796123
2009-06-19,142977.49291,-0.0007901436610966428
2009-06-22,140344.78328200002,-0.018413454974044008
2009-06-23,139444.144496,-0.006417329985043629
2009-06-24,140989.77880899998,0.011084253975571778
2009-06-25,142199.112805,0.008577458637184732
2009-06-26,142225.721199,0.0001871206751935528
2009-06-29,144865.968119,0.01856377944679788
2009-06-30,145941.785702,0.007426296161678669
2009-07-01,147114.512091,0.008035576537309241
2009-07-02,144229.42602,-0.019611158885639912
2009-07-03,0.29,-0.9999979893146079
2009-07-06,143111.224397,493485.98067931045
2009-07-07,140755.886013,-0.016458096797957178
2009-07-08,140261.018999,-0.0035157820253023386
2009-07-09,138886.55861,-0.009799304174524681
2009-07-10,138426.078696,-0.0033155110084701622
2009-07-13,143140.476417,0.03405714996343545
2009-07-14,144394.706897,0.008762234913527456
2009-07-15,147304.61671499998,0.020152468747179908
2009-07-16,147556.3899,0.0017092009104313632
2009-07-17,147623.957788,0.0004579123143753083
2009-07-20,149028.192815,0.00951224345994417
2009-07-21,149516.891906,0.0032792391947387145
2009-07-22,150020.252684,0.0033665813379564202
2009-07-23,153052.523911,0.02021241247598149
2009-07-24,155238.603396,0.014283197879645604
2009-07-27,155859.981507,0.0040027293302487
2009-07-28,155539.136895,-0.002058543885978703
2009-07-29,154985.659407,-0.003558445154377088
2009-07-30,157490.971296,0.016164798076065523
2009-07-31,157768.347618,0.0017612204669097409
2009-08-03,161873.396839,0.026019472745822503
2009-08-04,162599.759299,0.004487225660201988
2009-08-05,166917.805008,0.026556285984776107
2009-08-06,168490.468089,0.009421781462586543
2009-08-07,170990.46679900002,0.014837626949196103
2009-08-10,166577.770802,-0.025806678463467514
2009-08-11,162567.975809,-0.024071609157059748
2009-08-12,163594.842996,0.006316540400345794
2009-08-13,165099.890705,0.009199848121354215
2009-08-14,163383.289611,-0.010397348457772293
2009-08-17,159367.213892,-0.024580700563453406
2009-08-18,162205.905981,0.017812271543654612
2009-08-19,161734.808105,-0.0029043201180058986
2009-08-20,162334.604609,0.003708518351909884
2009-08-21,164951.601015,0.016121001509834088
2009-08-24,164385.83950499998,-0.0034298637086194184
2009-08-25,164894.80828599998,0.0030961838472987058
2009-08-26,164092.253674,-0.004867070227026149
2009-08-27,163490.340613,-0.003668138181561087
2009-08-28,163979.012913,0.002988997993200959
2009-08-31,163623.08689799998,-0.00217055834571267
2009-09-01,159872.773897,-0.02292043911467001
2009-09-02,159293.416415,-0.0036238658270435486
2009-09-03,159614.453417,0.002015381484214096
2009-09-04,160490.240402,0.005486890229871255
2009-09-07,0.295,-0.9999981618819982
2009-09-08,160600.242099,544406.6003355932
2009-09-09,162265.319201,0.010367836811687958
2009-09-10,163581.509,0.008111343850188968
2009-09-11,163469.1956,-0.0006865898272157001
2009-09-14,163695.904897,0.001386862498270025
2009-09-15,165472.569597,0.01085344621857165
2009-09-16,169671.49681100002,0.02537536719364608
2009-09-17,169510.351099,-0.0009497512253312523
2009-09-18,168942.084585,-0.0033524000765481343
2009-09-21,167148.602397,-0.010615958672497872
2009-09-22,169945.123295,0.016730746520738915
2009-09-23,168235.28151,-0.010061140630860943
2009-09-24,166347.326119,-0.011222113304977466
2009-09-25,164084.140904,-0.01360517940264927
2009-09-28,166567.616596,0.01513537919214869
2009-09-29,167850.763593,0.007703460151634367
2009-09-30,166858.669822,-0.00591057049585797
2009-10-01,163901.370107,-0.017723380619986795
2009-10-02,163242.777802,-0.004018223304479096
2009-10-05,164794.708101,0.009506884898040413
2009-10-06,166005.94509700002,0.007349975068724035
2009-10-07,166354.971895,0.002102495773847357
2009-10-08,167055.432596,0.0042106388106157855
2009-10-09,167160.872493,0.0006311671243579564
2009-10-12,167194.812511,0.00020303805246890683
2009-10-13,167599.646385,0.002421330350625306
2009-10-14,170185.65952400002,0.015429705221809309
2009-10-15,170644.21930300002,0.0026944677964204633
2009-10-16,168231.312393,-0.014139986223123069
2009-10-19,169345.844203,0.006624996227791113
2009-10-20,167988.84290000002,-0.008013195182831279
2009-10-21,167013.161401,-0.005808013688032965
2009-10-22,169043.65621800002,0.012157693441445572
2009-10-23,167516.318393,-0.009035167951114143
2009-10-26,166235.83208,-0.00764394970760951
2009-10-27,165544.985802,-0.004155820495231888
2009-10-28,163583.995896,-0.01184566174867685
2009-10-29,165264.563277,0.010273421747616585
2009-10-30,162422.361295,-0.017197891221460315
2009-11-02,162413.5717,-5.411567058821731e-05
2009-11-03,164718.81860600002,0.014193683950612934
2009-11-04,165437.237789,0.004361488195944396
2009-11-05,167422.252112,0.011998594449042166
2009-11-06,167864.548011,0.0026417987658184927
2009-11-09,169440.201487,0.00938645768072921
2009-11-10,168226.013584,-0.007165878536170012
2009-11-11,168806.571398,0.0034510584994045246
2009-11-12,168007.76518000002,-0.004732080104373537
2009-11-13,168598.906913,0.003518538160225182
2009-11-16,170908.529817,0.01369891979899851
2009-11-17,170919.799506,6.593988616065971e-05
2009-11-18,171487.262409,0.003320053642937193
2009-11-19,170365.125791,-0.006543556659757477
2009-11-20,169563.874292,-0.004703142707639385
2009-11-23,170565.878996,0.005909305317443492
2009-11-24,169735.801106,-0.0048666116276366855
2009-11-25,169159.85689599998,-0.003393180497262005
2009-11-26,0.285,-0.9999983152031148
2009-11-27,166775.610092,585176.5792701754
2009-11-30,166672.1295,-0.0006204779700275109
2009-12-01,167345.449411,0.004039787053899735
2009-12-02,167327.932803,-0.00010467334523678318
2009-12-03,165511.29129,-0.010856773776909079
2009-12-04,167148.89810599998,0.009894230195634623
2009-12-07,166905.097109,-0.001458585726633821
2009-12-08,166592.98931099998,-0.0018699716390098153
2009-12-09,165438.332216,-0.0069310065193946
2009-12-10,165354.632417,-0.0005059274829412042
2009-12-11,166360.5236,0.006083235578567159
2009-12-14,167554.470507,0.007176864325522114
2009-12-15,167346.213307,-0.0012429223724669258
2009-12-16,168069.638913,0.004322927849421232
2009-12-17,166626.920815,-0.008584049488836176
2009-12-18,168979.946107,0.014121519382888303
2009-12-21,167820.371493,-0.006862202531806472
2009-12-22,168413.608789,0.0035349540149522962
2009-12-23,168731.270803,0.0018862015741138993
2009-12-24,169254.77201000002,0.0031025737227525774
2009-12-28,168902.426113,-0.0020817486728185175
2009-12-29,168866.059986,-0.00021530849400386298
2009-12-30,169046.900284,0.0010709096784455863
2009-12-31,168819.043898,-0.0013478885777686855
2010-01-04,170360.507993,0.009130866159456241
2010-01-05,170434.589686,0.00043485250116193086
2010-01-06,170651.9412,0.0012752781838500926
2010-01-07,171052.06349200002,0.002344668857479304
2010-01-08,171603.666397,0.003224766154462433
2010-01-11,171332.168297,-0.0015821229563469652
2010-01-12,169905.457696,-0.008327161298319785
2010-01-13,170417.781021,0.0030153435442707988
2010-01-14,170445.38689300002,0.00016198938769540483
2010-01-15,168122.841506,-0.013626331749641563
2010-01-18,0.28,-0.9999983345511086
2010-01-19,171618.562097,612922.4360607142
2010-01-20,175125.080217,0.020432044629403956
2010-01-21,175285.260911,0.0009146645003759168
2010-01-22,170301.04379,-0.028434890047775885
2010-01-25,168618.338499,-0.009880769098954856
2010-01-26,166795.854699,-0.010808336840603006
2010-01-27,172467.452699,0.03400323113685877
2010-01-28,175621.300411,0.018286625462627493
2010-01-29,178568.254804,0.01678016496918855
2010-02-01,177947.988827,-0.0034735512069646868
2010-02-02,178209.550104,0.0014698748703154685
2010-02-03,176747.959107,-0.008201530143289393
2010-02-04,171929.760919,-0.027260276228044944
2010-02-05,173263.589404,0.007757984876326285
2010-02-08,173859.539789,0.0034395592694920207
2010-02-09,175267.243116,0.008096785075518032
2010-02-10,175135.13060099998,-0.0007537775607765473
2010-02-11,179391.461889,0.024303126810673703
2010-02-12,178698.2185,-0.0038644168551843494
2010-02-15,0.27,-0.999998489072794
2010-02-16,179731.29168999998,665670.4507037036
2010-02-17,180647.541697,0.005097888066037948
2010-02-18,181557.599394,0.005037753010369794
2010-02-19,184552.178591,0.016493824587873407
2010-02-22,186128.31212,0.008540313861550075
2010-02-23,184556.293597,-0.008445886093817245
2010-02-24,186177.923996,0.008786643724765009
2010-02-25,185468.98442,-0.0038078605711342473
2010-02-26,186441.206214,0.0052419642941397004
2010-03-01,190512.559885,0.021837198727017615
2010-03-02,189188.649508,-0.006949202602700599
2010-03-03,192701.312904,0.01856698805734358
2010-03-04,192679.615519,-0.00011259593758339292
2010-03-05,194713.898707,0.010557853681202545
2010-03-08,193649.186198,-0.005468086849835685
2010-03-09,193586.943,-0.00032142246100830274
2010-03-10,193597.658807,5.535397601685865e-05
2010-03-11,194048.717511,0.002329876852744661
2010-03-12,193852.86020300002,-0.0010093202908639798
2010-03-15,193510.73759499998,-0.0017648571583713801
2010-03-16,194673.613498,0.006009361121003032
2010-03-17,195326.76850500001,0.003355128593258039
2010-03-18,194712.139298,-0.0031466716605424994
2010-03-19,193522.709388,-0.006108658218682672
2010-03-22,195052.71417999998,0.007906073642925504
2010-03-23,195497.175794,0.0022786743361584705
2010-03-24,193722.533615,-0.009077584736415845
2010-03-25,193845.225397,0.0006333376903062682
2010-03-26,193135.503508,-0.003661281249236259
2010-03-29,194214.123206,0.0055847820748053945
2010-03-30,194185.369706,-0.00014805051005217784
2010-03-31,193150.161912,-0.005331028777128322
2010-04-01,194311.339007,0.006011784217551108
2010-04-02,0.305,-0.9999984303540825
2010-04-05,194654.721701,638211.2022983606
2010-04-06,194461.684802,-0.0009916887569596522
2010-04-07,192838.346996,-0.008347854270895905
2010-04-08,192290.565409,-0.0028406258170806664
2010-04-09,194391.216506,0.01092435862639407
2010-04-12,193967.25522,-0.002180969354584561
2010-04-13,194565.929283,0.0030864697359407334
2010-04-14,195965.359607,0.00719257646576188
2010-04-15,194749.823214,-0.006202812555431647
2010-04-16,192422.144605,-0.011952147481244402
2010-04-19,193058.1592,0.0033053087330752184
2010-04-20,194474.358598,0.00733561018020934
2010-04-21,193430.84669500001,-0.0053658071455940926
2010-04-22,194315.908006,0.004575595496387086
2010-04-23,195581.182284,0.0065114292030117316
2010-04-26,195067.675607,-0.0026255423502571373
2010-04-27,189515.965387,-0.02846043150267996
2010-04-28,190418.190592,0.00476068178824729
2010-04-29,192997.203106,0.013543939819940398
2010-04-30,189846.326916,-0.016326019959312377
2010-05-03,193090.035403,0.017085969160916203
2010-05-04,188380.213503,-0.024391843370736743
2010-05-05,187595.024503,-0.00416810760216868
2010-05-06,183840.257408,-0.020015280815403158
2010-05-07,180218.337303,-0.019701452533118502
2010-05-10,189515.458695,0.0515880988091062
2010-05-11,188671.854621,-0.004451373412011073
2010-05-12,190533.301005,0.009866052293487027
2010-05-13,188795.455592,-0.009120953680188282
2010-05-14,185534.614702,-0.017271818751013357
2010-05-17,185763.836489,0.0012354664242475444
2010-05-18,183676.013016,-0.011239127660477854
2010-05-19,183398.114912,-0.0015129798357274016
2010-05-20,175257.39051,-0.0443882665092068
2010-05-21,176665.401511,0.00803396077564944
2010-05-24,173000.670594,-0.02074390846003782
2010-05-25,172428.104309,-0.003309618876239595
2010-05-26,172060.836298,-0.0021299776650204327
2010-05-27,179155.99479199998,0.04123633620908107
2010-05-28,174537.097495,-0.025781427533934975
2010-05-31,0.26,-0.9999985103453436
2010-06-01,172054.694915,661747.8265961538
2010-06-02,177282.284492,0.030383300958934045
2010-06-03,177740.507685,0.0025847094328292908
2010-06-04,171378.235909,-0.0357952830160444
2010-06-07,170315.189794,-0.006202923663915394
2010-06-08,174583.058295,0.025058648651139492
2010-06-09,173064.187206,-0.00869999130404453
2010-06-10,178431.676507,0.031014442604529346
2010-06-11,179328.817092,0.005027922186029654
2010-06-14,180388.45980399998,0.005908937164607275
2010-06-15,185432.927308,0.02796446906570993
2010-06-16,186222.923584,0.004260280455411269
2010-06-17,188733.64499,0.01348234340691934
2010-06-18,189907.040204,0.006217202100145647
2010-06-21,188789.275406,-0.00588585234543848
2010-06-22,186804.6519,-0.010512374189328155
2010-06-23,186272.072901,-0.002850994306528798
2010-06-24,185077.538499,-0.006412847526719112
2010-06-25,190082.371499,0.02704181739496736
2010-06-28,188719.432908,-0.007170252455563353
2010-06-29,185370.134396,-0.017747501994840986
2010-06-30,184623.92439,-0.004025513648309165
2010-07-01,182303.974498,-0.012565813990061958
2010-07-02,179255.719609,-0.01672072645368161
2010-07-05,0.255,-0.9999985774512492
2010-07-06,179833.924414,705230.0761333334
2010-07-07,185172.874908,0.0296882276878363
2010-07-08,184932.006995,-0.0013007731997446426
2010-07-09,186380.931819,0.007834905636638467
2010-07-12,185399.889511,-0.0052636409659799765
2010-07-13,187763.060701,0.012746346269315367
2010-07-14,186738.397505,-0.005457213959841223
2010-07-15,187140.202999,0.002151702592334992
2010-07-16,181112.623104,-0.0322088989880609
2010-07-19,181743.158704,0.003481455843295622
2010-07-20,183961.29399,0.012204780096358947
2010-07-21,180462.746492,-0.019017845668068523
2010-07-22,185107.17318399998,0.025736207512534248
2010-07-23,186680.36610800002,0.008498822044223253
2010-07-26,187787.70609300002,0.005931743161245784
2010-07-27,187184.712295,-0.003211039798853399
2010-07-28,185269.549302,-0.010231407092592848
2010-07-29,185476.260707,0.001115733296587651
2010-07-30,185681.012991,0.0011039271722403932
2010-08-02,189856.923416,0.022489700792414524
2010-08-03,189092.860918,-0.004024412090181451
2010-08-04,191299.623011,0.01167025599108662
2010-08-05,191058.348103,-0.0012612408963613708
2010-08-06,189913.139286,-0.0059940265807313375
2010-08-09,191033.527592,0.005899477572811618
2010-08-10,188813.92501,-0.011618916375456978
2010-08-11,183275.715597,-0.029331572937253858
2010-08-12,182117.541408,-0.006319299778627996
2010-08-13,181151.603687,-0.005303924671572369
2010-08-16,181520.170403,0.002034576059491089
2010-08-17,183777.585109,0.01243616453746288
2010-08-18,185917.343609,0.011643196305636927
2010-08-19,182334.112712,-0.019273247064759302
2010-08-20,182643.319998,0.0016958279578127566
2010-08-23,181178.584104,-0.008019652150519474
2010-08-24,179367.731198,-0.00999485074328954
2010-08-25,180193.811099,0.0046055101186965874
2010-08-26,179066.391701,-0.0062567043292103275
2010-08-27,184190.405302,0.02861516084802762
2010-08-30,181622.311314,-0.013942604576982931
2010-08-31,183508.059294,0.010382799152576672
2010-09-01,188245.834417,0.025817804085702667
2010-09-02,188771.266203,0.002791200068927191
2010-09-03,190937.116109,0.011473408795546813
2010-09-06,0.28,-0.9999985335486065
2010-09-07,188669.014605,673816.9093035713
2010-09-08,190388.954993,0.009116178359233285
2010-09-09,191555.886007,0.006129194910717839
2010-09-10,192290.102007,0.0038329075410044045
2010-09-13,194497.083699,0.011477354627019043
2010-09-14,193898.64491099998,-0.003076852241785555
2010-09-15,195018.297807,0.005774423521700989
2010-09-16,194569.146495,-0.002303123948115382
2010-09-17,194660.709514,0.00047059372284574685
2010-09-20,196230.69591,0.00806524542071041
2010-09-21,195476.711494,-0.003842336758291043
2010-09-22,193869.423399,-0.008222401956303305
2010-09-23,191190.669196,-0.013817311446204128
2010-09-24,196167.274798,0.026029542251867044
2010-09-27,195156.551988,-0.005152351792829801
2010-09-28,196046.747219,0.004561441683263334
2010-09-29,195352.453203,-0.0035414717451263122
2010-09-30,196166.623902,0.004167701432210569
2010-10-01,195873.656789,-0.00149346054477828
2010-10-04,194340.105494,-0.007829288124497458
2010-10-05,197953.94231,0.0185954247931166
2010-10-06,197702.901311,-0.0012681788302396635
2010-10-07,197007.723399,-0.0035162757217529483
2010-10-08,197806.053996,0.004052280708727096
2010-10-11,197511.95509,-0.001486804372559547
2010-10-12,198361.847102,0.004302990224630765
2010-10-13,199625.503405,0.006370460456290417
2010-10-14,199533.65660000002,-0.0004600955460768441
2010-10-15,198884.491709,-0.003253410487541908
2010-10-18,199825.4732,0.004731296457125556
2010-10-19,196869.637705,-0.014792085551783463
2010-10-20,198402.493217,0.007786144831012143
2010-10-21,198533.38711,0.0006597391538665232
2010-10-22,199507.628603,0.004907192221831114
2010-10-25,199923.729199,0.0020856375213000877
2010-10-26,198317.540499,-0.008034007300860346
2010-10-27,195233.959205,-0.01554870681756737
2010-10-28,194426.586413,-0.004135411663460764
2010-10-29,193983.97200500002,-0.002276511747522969
2010-11-01,194235.335092,0.0012957930719836863
2010-11-02,196347.61060800002,0.010874826225617085
2010-11-03,197694.286101,0.006858629391159665
2010-11-04,201959.249803,0.02157353045510413
2010-11-05,203437.500715,0.007319550421394094
2010-11-08,201119.085799,-0.011396202312020765
2010-11-09,198243.954202,-0.014295667592052586
2010-11-10,200275.624513,0.010248334276715676
2010-11-11,198959.575118,-0.006571191068309723
2010-11-12,196686.066588,-0.01142698725935476
2010-11-15,196549.843316,-0.0006925923852314497
2010-11-16,195102.083097,-0.007365868090123073
2010-11-17,194593.842599,-0.0026049978038794608
2010-11-18,197731.478884,0.016124026552400972
2010-11-19,198173.20788899998,0.0022339842269580856
2010-11-22,197104.311618,-0.0053937476331245016
2010-11-23,194824.103514,-0.01156853488024756
2010-11-24,198204.803105,0.017352573578027997
2010-11-25,0.27,-0.9999986377726686
2010-11-26,196769.234905,728773.9440925925
2010-11-29,196919.689296,0.0007646235503870891
2010-11-30,196905.157707,-7.379449486200063e-05
2010-12-01,199488.157598,0.013117990006354052
2010-12-02,201261.798104,0.008890956372328507
2010-12-03,201071.953804,-0.0009432704158883753
2010-12-06,200557.885102,-0.0025566405074129994
2010-12-07,199853.305998,-0.0035130960003973977
2010-12-08,200888.86271,0.005181584096539016
2010-12-09,201150.04879,0.001300152116332498
2010-12-10,201938.1058,0.003917756991561605
2010-12-13,201136.054899,-0.003971765991478304
2010-12-14,201024.633401,-0.0005539608403672958
2010-12-15,199767.040712,-0.006255913356107867
2010-12-16,200971.261992,0.006028127941966721
2010-12-17,200683.271114,-0.0014329953205521884
2010-12-20,201321.90621299998,0.003182303614321702
2010-12-21,203211.724197,0.009387045948196837
2010-12-22,202724.995414,-0.0023951806172765044
2010-12-23,202129.771083,-0.0029361171264769004
2010-12-24,0.26,-0.9999987136976478
2010-12-27,202722.955509,779702.6750346153
2010-12-28,202332.220606,-0.0019274329442313665
2010-12-29,202240.977483,-0.00045095695943386804
2010-12-30,201589.64650600002,-0.0032205687744696343
2010-12-31,202544.06561299998,0.004734464907013791
2011-01-03,203754.00119799998,0.005973690620547867
2011-01-04,202565.980311,-0.005830662858225422
2011-01-05,204314.108498,0.00862991991210027
2011-01-06,203378.084307,-0.004581299832307706
2011-01-07,202216.951295,-0.005709233696228888
2011-01-10,202234.772716,8.813020315989739e-05
2011-01-11,202152.78759700002,-0.00040539575810294437
2011-01-12,204696.213291,0.01258169983324886
2011-01-13,204962.923007,0.0013029538344260239
2011-01-14,206861.422397,0.009262647907959165
2011-01-17,0.27,-0.9999986947783841
2011-01-18,207299.857306,767776.2492814814
2011-01-19,204206.088696,-0.014924123201074946
2011-01-20,203372.305713,-0.004083046633546861
2011-01-21,202685.31919500002,-0.003377974771891834
2011-01-24,207146.99420699998,0.022012817848477084
2011-01-25,207523.107005,0.0018156806930260672
2011-01-26,208397.968398,0.0042157300246035145
2011-01-27,208430.320999,0.0001552443205117271
2011-01-28,204962.935611,-0.016635705262943112
2011-01-31,205415.883594,0.0022099019105565887
2011-02-01,209674.951505,0.020733878201054434
2011-02-02,207893.22659099998,-0.008497557296239688
2011-02-03,209110.679298,0.005856144170561128
2011-02-04,209528.50769499998,0.0019981207961383696
2011-02-07,211588.757208,0.009832788557817773
2011-02-08,212237.622493,0.003066634038415117
2011-02-09,211352.263496,-0.00417154596155167
2011-02-10,212517.445105,0.0055129838201237735
2011-02-11,214074.46839999998,0.007326566975387472
2011-02-14,214917.187607,0.0039365703593639
2011-02-15,214160.10280599998,-0.003522681500859881
2011-02-16,214609.60230199998,0.0020988946592315205
2011-02-17,215245.174099,0.002961525440532853
2011-02-18,215623.039576,0.0017555119578487322
2011-02-22,210985.6839,-0.02150677258385225
2011-02-23,208946.411803,-0.00966545245774375
2011-02-24,210031.1157,0.005191301863669562
2011-02-25,214039.983702,0.019087019504891334
2011-02-28,218039.22891099998,0.01868457070417273
2011-03-01,213270.376397,-0.02187153448403789
2011-03-02,212791.474186,-0.0022455167899574358
2011-03-03,217002.07370500002,0.019787444657296538
2011-03-04,214713.697114,-0.010545413469692955
2011-03-07,213105.681606,-0.007489114712352252
2011-03-08,215952.898603,0.013360586989248358
2011-03-09,215382.178397,-0.0026427994701251345
2011-03-10,212123.712283,-0.015128763847832793
2011-03-11,212874.219188,0.0035380622794245475
2011-03-14,210738.35799699998,-0.010033442279422822
2011-03-15,207168.059078,-0.01694185601963749
2011-03-16,204203.496008,-0.014309942773967022
2011-03-17,207276.049897,0.01504652931544137
2011-03-18,208633.789199,0.006550391628336705
2011-03-21,213356.615403,0.02263691908262877
2011-03-22,212806.175407,-0.002579905923986936
2011-03-23,212759.382307,-0.0002198860061768393
2011-03-24,213995.996105,0.005812264467921935
2011-03-25,214674.951701,0.0031727490624025023
2011-03-28,213148.508217,-0.007110487143027533
2011-03-29,214250.152794,0.005168436721492142
2011-03-30,216310.38890400002,0.009616030995230673
2011-03-31,213811.311297,-0.011553201950504244
2011-04-01,214339.718901,0.002471373477832328
2011-04-04,213815.0851,-0.0024476742047156996
2011-04-05,212460.62420299998,-0.006334730294481061
2011-04-06,212330.197609,-0.0006138859588182832
2011-04-07,211924.529189,-0.0019105545257722678
2011-04-08,211116.597003,-0.0038123580554446646
2011-04-11,211228.882601,0.0005318653274730689
2011-04-12,209470.965115,-0.008322334826343813
2011-04-13,208118.142988,-0.006458279916060405
2011-04-14,208328.395545,0.0010102557805935497
2011-04-15,208943.349802,0.002951850396539779
2011-04-18,207110.729906,-0.008770893630913101
2011-04-19,207657.53576,0.0026401618798224114
2011-04-20,210843.82140400002,0.015343944212468097
2011-04-21,212558.041115,0.008130281928989236
2011-04-25,212151.982331,-0.0019103430849756187
2011-04-26,213890.045099,0.008192536072032963
2011-04-27,214389.519597,0.002335192821941723
2011-04-28,215160.292202,0.003595197220689128
2011-04-29,215361.559613,0.0009354300876809329
2011-05-02,212829.889748,-0.011755439873064488
2011-05-03,212558.204287,-0.0012765380902168832
2011-05-04,210563.22061,-0.009385587743799051
2011-05-05,207193.501205,-0.016003361818070272
2011-05-06,208437.860691,0.006005784345372911
2011-05-09,210147.815948,0.008203669195851804
2011-05-10,211993.182004,0.008781276396689464
2011-05-11,209144.602401,-0.013437128383431918
2011-05-12,210553.658005,0.006737231503103125
2011-05-13,208048.738097,-0.011896824456692823
2011-05-16,206673.54360900001,-0.00660996312969131
2011-05-17,205596.171899,-0.005212915456843659
2011-05-18,207668.912109,0.010081608966037603
2011-05-19,207469.0681,-0.0009623202961409616
2011-05-20,206138.671187,-0.006412507296551517
2011-05-23,203710.950803,-0.011777122507002358
2011-05-24,202834.75160299998,-0.004301188505311915
2011-05-25,204350.08778899998,0.007470791735756821
2011-05-26,205475.627398,0.005507898827830093
2011-05-27,205502.800709,0.00013224590840321682
2011-05-30,0.255,-0.999998759140999
2011-05-31,208115.417079,816137.8905058823
2011-06-01,202663.986142,-0.026194267649717884
2011-06-02,202708.439995,0.00021934757055874776
2011-06-03,200182.222606,-0.01246231971921008
2011-06-06,197773.227612,-0.012034010626115421
2011-06-07,196985.326297,-0.003983862348374778
2011-06-08,195772.911096,-0.006154850332212081
2011-06-09,197412.721295,0.008376083237562337
2011-06-10,194635.330302,-0.01406895652306861
2011-06-13,194817.290715,0.0009348786405720677
2011-06-14,197439.981607,0.013462310672602174
2011-06-15,194046.675402,-0.017186520062356436
2011-06-16,196463.297611,0.01245381918547972
2011-06-17,196881.400104,0.002128145552294791
2011-06-20,198552.37088899998,0.008487194748296734
2011-06-21,200644.275088,0.010535780507851422
2011-06-22,199394.572819,-0.006228447178230678
2011-06-23,198701.920604,-0.0034737766690807748
2011-06-24,197861.347998,-0.004230319482795619
2011-06-27,199000.757006,0.005758623498367754
2011-06-28,201323.579398,0.011672429929148187
2011-06-29,202658.950109,0.006632957326673017
2011-06-30,204084.087498,0.007032195657943996
2011-07-01,206295.98281,0.01083815665942911
2011-07-04,0.26,-0.999998739674925
2011-07-05,205191.320396,789196.3861384615
2011-07-06,204443.804907,-0.0036430171001256006
2011-07-07,207408.305608,0.01450032052743544
2011-07-08,205260.406791,-0.010355895877475207
2011-07-11,201326.231506,-0.019166751866597553
2011-07-12,201736.591414,0.002038283361936122
2011-07-13,203560.06251299998,0.009038871362993861
2011-07-14,201745.852098,-0.008912408419427198
2011-07-15,201262.61660799998,-0.002395268527083716
2011-07-18,199810.371788,-0.007215670969977217
2011-07-19,203210.802522,0.017018289408959664
2011-07-20,202948.314713,-0.0012917020440957883
2011-07-21,205789.847358,0.014001262582635121
2011-07-22,205594.647197,-0.0009485412594743003
2011-07-25,202977.21830500002,-0.012731016724827349
2011-07-26,201798.51603,-0.005807066846432285
2011-07-27,198303.814158,-0.017317777854622407
2011-07-28,198494.667002,0.000962426490939583
2011-07-29,197427.949991,-0.005374033605594297
2011-08-01,197737.87099999998,0.0015697929751796735
2011-08-02,193396.194109,-0.021956729224620664
2011-08-03,194652.357297,0.006495283910768368
2011-08-04,185967.899787,-0.044615218796191014
2011-08-05,185887.799715,-0.0004307198827956382
2011-08-08,173418.096012,-0.06708188338405396
2011-08-09,185908.129605,0.07202266591680107
2011-08-10,175880.0678,-0.05394095366516072
2011-08-11,184109.203798,0.0467883376492535
2011-08-12,184769.964694,0.0035889617812099317
2011-08-15,187548.7291,0.015039048205707894
2011-08-16,185545.81289899998,-0.010679444273557714
2011-08-17,185990.037502,0.002394150512260884
2011-08-18,178134.460812,-0.042236545545701665
2011-08-19,174873.151307,-0.018308133587031983
2011-08-22,174188.723702,-0.003913851839945748
2011-08-23,179200.914199,0.028774483161004172
2011-08-24,182728.076097,0.019682722678987963
2011-08-25,178076.015307,-0.02545892721778842
2011-08-26,181014.471497,0.01650113399569353
2011-08-29,188420.69741,0.04091510392373654
2011-08-30,188122.663004,-0.0015817498294864452
2011-08-31,189274.631093,0.006123494482828562
2011-09-01,185209.500781,-0.02147741770001177
2011-09-02,179580.75881200001,-0.0303912161377492
2011-09-05,0.238,-0.999998674690977
2011-09-06,177669.115192,746507.8873613445
2011-09-07,183935.3551,0.03526915694507915
2011-09-08,180978.645696,-0.016074720395067743
2011-09-09,176660.963093,-0.023857414704343882
2011-09-12,178607.752997,0.011019921265656984
2011-09-13,179432.702891,0.004618779869056677
2011-09-14,181694.410205,0.012604766453158334
2011-09-15,184507.195003,0.015480854886104733
2011-09-16,185403.928693,0.004860155670272981
2011-09-19,181707.822205,-0.019935427010935536
2011-09-20,181024.32159,-0.003761536551953659
2011-09-21,175204.229591,-0.032150884189925955
2011-09-22,171495.145704,-0.021170059054273827
2011-09-23,172580.626606,0.006329513862004754
2011-09-26,182060.0835,0.05492770005779102
2011-09-27,182914.834696,0.004694885224525436
2011-09-28,178881.951809,-0.022047872135152802
2011-09-29,182261.490714,0.018892565017450735
2011-09-30,177956.519887,-0.023619749899638776
2011-10-03,173987.400301,-0.022303872814102843
2011-10-04,181325.395907,0.04217544255104233
2011-10-05,182291.480205,0.005327903977088155
2011-10-06,184576.847007,0.012536882137497374
2011-10-07,180564.625604,-0.021737403515446507
2011-10-10,186764.832801,0.034337884157873866
2011-10-11,185597.092494,-0.006252463536560171
2011-10-12,188424.271702,0.015232885224704562
2011-10-13,187962.704284,-0.002449617630630785
2011-10-14,190081.358713,0.011271674543471333
2011-10-17,185386.73019,-0.024697995399371675
2011-10-18,190333.615002,0.026684136490945365
2011-10-19,187932.225802,-0.012616737195764283
2011-10-20,190365.636207,0.012948340257321167
2011-10-21,194800.738897,0.023297811403195423
2011-10-24,196623.09458900001,0.009354973201429084
2011-10-25,191999.249594,-0.023516286348077342
2011-10-26,196589.579194,0.023908060108082108
2011-10-27,203376.045834,0.03452098869036657
2011-10-28,202918.208811,-0.002251184602997447
2011-10-31,197869.95569899998,-0.024878265689315282
2011-11-01,191867.405205,-0.03033583584124855
2011-11-02,196439.291192,0.0238283619988251
2011-11-03,200083.214811,0.018549871550078256
2011-11-04,197068.670701,-0.015066451790309188
2011-11-07,196935.787003,-0.0006743014885486343
2011-11-08,199560.699489,0.01332877343395178
2011-11-09,192231.765003,-0.03672533973255576
2011-11-10,193694.529604,0.0076093802758205875
2011-11-11,196941.333597,0.01676249711149791
2011-11-14,194438.2764,-0.012709659020193165
2011-11-15,195318.41771100002,0.004526584617472018
2011-11-16,192164.13418700002,-0.01614944233608928
2011-11-17,190415.921083,-0.00909749944440097
2011-11-18,191726.890515,0.006884767957131999
2011-11-21,189325.81178800002,-0.012523432266336898
2011-11-22,188816.843184,-0.0026883212552651914
2011-11-23,185086.141877,-0.01975830780818888
2011-11-24,1.672,-0.9999909663685079
2011-11-25,185391.016096,110878.79431578948
2011-11-28,190559.887514,0.02788091638336687
2011-11-29,189576.239846,-0.005161882077243218
2011-11-30,198990.440702,0.04965918125418822
2011-12-01,196861.675415,-0.010697826888015904
2011-12-02,196659.819588,-0.0010253688361356872
2011-12-05,198701.290004,0.0103807194589971
2011-12-06,198515.105007,-0.0009370095030397652
2011-12-07,199209.479412,0.0034978416628572706
2011-12-08,194648.78759700002,-0.022893949768161725
2011-12-09,197067.237906,0.012424687247511335
2011-12-12,194263.113798,-0.014229275945591424
2011-12-13,192045.281091,-0.011416643456596431
2011-12-14,190660.2015,-0.007212255271941359
2011-12-15,190418.774293,-0.0012662695470821994
2011-12-16,190904.836999,0.0025525986489760566
2011-12-19,188644.321395,-0.011841059868021198
2011-12-20,194152.475794,0.029198622880709735
2011-12-21,194602.992914,0.0023204294364909117
2011-12-22,196031.879905,0.007342574590471385
2011-12-23,197749.651399,0.008762714997338383
2011-12-26,1.598,-0.9999919190755144
2011-12-27,197347.256893,123495.40606570714
2011-12-28,194760.741888,-0.013106414782356968
2011-12-29,196261.59140200002,0.007706119310549431
2011-12-30,195278.628999,-0.0050084298001366045
2012-01-02,1.66,-0.9999914993258171
2012-01-03,197988.463697,119269.15885361447
2012-01-04,196458.409602,-0.007727996199523912
2012-01-05,197256.180387,0.0040607616981944705
2012-01-06,195846.580811,-0.00714603503542699
2012-01-09,196043.545797,0.001005710618915856
2012-01-10,198433.51549700001,0.012191014451834015
2012-01-11,199572.998002,0.00574238934459248
2012-01-12,200806.948707,0.006182954193971746
2012-01-13,199046.497195,-0.008766885425706583
2012-01-16,1.64,-0.9999917607191128
2012-01-17,199775.935497,121813.59481524391
2012-01-18,202226.725202,0.0122676922968874
2012-01-19,203856.613403,0.00805970723885241
2012-01-20,204170.199486,0.0015382678921487258
2012-01-23,203200.43639699998,-0.004749777839476055
2012-01-24,202276.097505,-0.004548902100751651
2012-01-25,205497.359797,0.01592507632752005
2012-01-26,204573.796413,-0.004494283454115178
2012-01-27,204779.564714,0.0010058389911511423
2012-01-30,202994.270813,-0.008718125285076095
2012-01-31,203014.585393,0.00010007464702632696
2012-02-01,204339.335893,0.006525395687386526
2012-02-02,204953.283104,0.003004547354120257
2012-02-03,208302.35051299998,0.016340638014081366
2012-02-06,208131.380538,-0.0008207779440746465
2012-02-07,208157.885289,0.00012734625087040818
2012-02-08,207976.41568099998,-0.0008717882954473177
2012-02-09,207300.759156,-0.0032487170373988183
2012-02-10,205593.60420499998,-0.008235160150645293
2012-02-13,207762.937948,0.010551562396060588
2012-02-14,206709.95268400002,-0.0050682054961290746
2012-02-15,204675.588993,-0.009841633963846741
2012-02-16,207356.587791,0.013098771627776618
2012-02-17,208314.94070500002,0.004621762559894993
2012-02-20,1.956,-0.9999906103710402
2012-02-21,208189.053889,106435.12162014315
2012-02-22,206457.389402,-0.008317749923217765
2012-02-23,208183.230501,0.00835930893052006
2012-02-24,209144.796288,0.0046188436248488784
2012-02-27,209515.640896,0.0017731476688969128
2012-02-28,208323.992307,-0.005687635461982032
2012-02-29,206119.21549600002,-0.01058340322007123
2012-03-01,207054.742087,0.0045387645627736894
2012-03-02,205205.362899,-0.008931836911143631
2012-03-05,206582.5608,0.006711315345485636
2012-03-06,203935.780482,-0.012812215647585279
2012-03-07,204969.385212,0.005068285357072044
2012-03-08,206422.672883,0.007090267014739027
2012-03-09,207837.345405,0.006853280709148812
2012-03-12,207808.159293,-0.00014042765963506731
2012-03-13,211484.657829,0.017691791065895135
2012-03-14,210749.86851,-0.0034744332120495436
2012-03-15,212429.803004,0.007971224399223154
2012-03-16,212571.50629400002,0.000667059367359002
2012-03-19,212925.67450300002,0.0016661132772430864
2012-03-20,212405.524585,-0.002442870824357457
2012-03-21,212072.65831600002,-0.0015671262301221178
2012-03-22,211034.973218,-0.004893064038711703
2012-03-23,212398.078502,0.006459144013972962
2012-03-26,215266.587508,0.013505343486301724
2012-03-27,213913.897116,-0.006283791682021755
2012-03-28,213569.51530199999,-0.0016099085596728013
2012-03-29,213095.810807,-0.0022180342280130327
2012-03-30,212491.247986,-0.0028370469541869614
2012-04-02,214162.957015,0.007867190036505045
2012-04-03,213503.493323,-0.0030792612372914085
2012-04-04,211619.294097,-0.008825144716248179
2012-04-05,211162.78460400001,-0.0021572205641643416
2012-04-06,3.7,-0.9999824779730626
2012-04-09,208303.56411,56297.26057027027
2012-04-10,204963.426598,-0.016034951328226743
2012-04-11,206584.509514,0.007909132584807299
2012-04-12,209456.694412,0.013903195862831064
2012-04-13,206573.560408,-0.013764821468675081
2012-04-16,207804.84649,0.0059605211798068325
2012-04-17,210882.420294,0.01480992313693763
2012-04-18,208849.091894,-0.00964200049091457
2012-04-19,207726.74618,-0.005373955442284917
2012-04-20,207693.78859,-0.00015865838466178062
2012-04-23,206309.23898999998,-0.006666302393535717
2012-04-24,208057.315896,0.008473090757145973
2012-04-25,209504.405687,0.006955245888701889
2012-04-26,211254.91828800002,0.008355493027747185
2012-04-27,212150.7709,0.004240623694160339
2012-04-30,211327.094095,-0.0038825067733939678
2012-05-01,212800.191106,0.006970696385659725
2012-05-02,212509.13699899998,-0.0013677342369258216
2012-05-03,211500.351587,-0.004747021357508596
2012-05-04,210185.614263,-0.006216241789362753
2012-05-07,211982.721499,0.008550096267536889
2012-05-08,211795.956599,-0.000881038316138838
2012-05-09,210144.293504,-0.007798369343410716
2012-05-10,210734.485114,0.0028085064798049064
2012-05-11,210500.531197,-0.0011101833516875548
2012-05-14,208324.114908,-0.010339243690378974
2012-05-15,207816.368602,-0.002437290115089308
2012-05-16,207703.217794,-0.0005444749552750983
2012-05-17,204943.349606,-0.013287556241604492
2012-05-18,203222.754811,-0.008395465372786348
2012-05-21,205336.924198,0.010403211928537326
2012-05-22,205364.292488,0.0001332847957420391
2012-05-23,205670.86889399998,0.0014928418289557044
2012-05-24,205552.987818,-0.0005731539747650949
2012-05-25,204682.902986,-0.0042328980047245945
2012-05-28,3.418,-0.999983300999008
2012-05-29,206315.005498,60360.32401930954
2012-05-30,203947.15780400002,-0.01147685641325269
2012-05-31,203388.69079,-0.002738292702939904
2012-06-01,201979.444803,-0.006928831595927165
2012-06-04,201300.045087,-0.0033637072161607495
2012-06-05,201847.124605,0.002717731721140648
2012-06-06,205584.497204,0.01851585751500684
2012-06-07,205759.180112,0.0008496891077669488
2012-06-08,207326.580102,0.0076176430580001675
2012-06-11,204449.956602,-0.013874841800722182
2012-06-12,206370.35419800002,0.00939299586029474
2012-06-13,204509.223302,-0.00901840239230478
2012-06-14,207205.05789,0.013181970692925926
2012-06-15,208928.967799,0.008319825425860072
2012-06-18,209083.497706,0.0007396289209098406
2012-06-19,211424.223505,0.011195172381760043
2012-06-20,210481.329517,-0.00445972543906592
2012-06-21,206365.304203,-0.01955529891152441
2012-06-22,208187.601412,0.008830443741683514
2012-06-25,204919.073792,-0.015699914874044874
2012-06-26,206829.406197,0.009322374777757547
2012-06-27,208328.449908,0.007247730091011428
2012-06-28,208679.62579,0.0016856837467713603
2012-06-29,212564.304305,0.018615514093883068
2012-07-02,213712.841992,0.005403248164150831
2012-07-03,214679.473807,0.004523040384424748
2012-07-04,2.978,-0.9999861281567949
2012-07-05,213823.658499,71800.09419039624
2012-07-06,211961.672094,-0.008708046705732997
2012-07-09,212630.713804,0.0031564277795623763
2012-07-10,211780.559093,-0.003998268621642653
2012-07-11,212605.025998,0.003893024499184383
2012-07-12,211822.50151499998,-0.0036806490313515683
2012-07-13,214464.626655,0.01247329778990891
2012-07-16,213330.309538,-0.005289063910873915
2012-07-17,215463.707403,0.01000044423889035
2012-07-18,215866.954705,0.001871532365521622
2012-07-19,215370.797714,-0.0022984388308904258
2012-07-20,213034.309899,-0.010848675121232998
2012-07-23,211377.66409500001,-0.007776427209238879
2012-07-24,210337.62469,-0.004920289991153459
2012-07-25,211087.829508,0.0035666696298661815
2012-07-26,213112.76600200002,0.009592862358382748
2012-07-27,215569.401404,0.011527396730315775
2012-07-30,215357.122904,-0.0009847339122224241
2012-07-31,214287.408798,-0.004967163804824981
2012-08-01,213235.036604,-0.0049110314035857305
2012-08-02,211802.065289,-0.006720149454900182
2012-08-03,216025.55581,0.019940742859315908
2012-08-06,215766.455502,-0.0011993965576363452
2012-08-07,215758.238296,-3.808379750636082e-05
2012-08-08,215598.548005,-0.0007401353119176335
2012-08-09,215555.451304,-0.00019989328035274756
2012-08-10,215947.235795,0.0018175577960561906
2012-08-13,215914.837594,-0.00015002832002319888
2012-08-14,215692.531098,-0.001029602682600328
2012-08-15,215825.355701,0.0006158052961955374
2012-08-16,217279.689789,0.006738476502338386
2012-08-17,219021.225098,0.008015177629769221
2012-08-20,218475.161197,-0.002493200833643683
2012-08-21,217662.234613,-0.0037209107870481706
2012-08-22,218054.924303,0.0018041241315849277
2012-08-23,216474.670975,-0.007247042611173371
2012-08-24,217163.382703,0.003181488739066207
2012-08-27,217208.924711,0.00020971310832029744
2012-08-28,216768.914292,-0.002025747420762891
2012-08-29,216229.987797,-0.002486179795475829
2012-08-30,214865.53140100001,-0.00631020891182299
2012-08-31,215632.322001,0.0035686998980255513
2012-09-03,3.24399,-0.9999849559195491
2012-09-04,215881.592197,66547.16821167759
2012-09-05,217351.095095,0.00680698563988269
2012-09-06,220855.309802,0.016122369687018967
2012-09-07,221655.238796,0.003621959529599428
2012-09-10,221072.401407,-0.00262947716537576
2012-09-11,221820.0442,0.003381891128162895
2012-09-12,222009.839884,0.0008556290964798485
2012-09-13,225943.210796,0.017717101701686833
2012-09-14,226837.59661900002,0.0039584540728137
2012-09-17,226063.643186,-0.0034119274958637202
2012-09-18,226076.44252900002,5.6618316946588365e-05
2012-09-19,226503.304894,0.0018881328820681276
2012-09-20,226590.422506,0.00038461960650315596
2012-09-21,227636.323193,0.004615820366248302
2012-09-24,225769.52469299998,-0.008200793589594468
2012-09-25,224142.97179699998,-0.007204483856764088
2012-09-26,223669.51289,-0.0021123076186781997
2012-09-27,224532.419202,0.00385795230136865
2012-09-28,224422.181293,-0.0004909665579330147
2012-10-01,224926.86788600002,0.0022488266983784477
2012-10-02,225214.395214,0.0012783147282595664
2012-10-03,226195.24738800002,0.004355193073107166
2012-10-04,228132.251487,0.008563416434994142
2012-10-05,228288.567705,0.0006851999968486844
2012-10-08,227832.83129,-0.0019963172907935256
2012-10-09,225239.853893,-0.011381052424790816
2012-10-10,224129.227297,-0.0049308618204289
2012-10-11,224424.412297,0.0013170303737710665
2012-10-12,223509.622515,-0.00407615986441523
2012-10-15,225316.04970499998,0.008082100312610807
2012-10-16,227364.649286,0.009092115646808896
2012-10-17,228746.113006,0.006075982895046517
2012-10-18,227961.726007,-0.003429072471187511
2012-10-19,224843.772589,-0.013677530314471498
2012-10-22,223529.194189,-0.005846630239579542
2012-10-23,220789.171902,-0.0122580063733565
2012-10-24,220474.97309699998,-0.001423071622096983
2012-10-25,220891.320687,0.0018884120231499324
2012-10-26,219948.310596,-0.004269113372436406
2012-10-29,29.630000000000003,-0.9998652865306412
2012-10-30,29.633990000000004,0.00013466081673985109
2012-10-31,220205.81141700002,7429.852592479109
2012-11-01,223316.464697,0.014126118016519529
2012-11-02,221419.08321,-0.00849637974331352
2012-11-05,221615.60590700002,0.0008875598893778314
2012-11-06,222764.15319799999,0.005182610160955781
2012-11-07,218364.620202,-0.019749735012749348
2012-11-08,215653.832795,-0.012414041269562581
2012-11-09,216482.34169,0.0038418463713909556
2012-11-12,217005.449502,0.0024163994527972577
2012-11-13,217467.042004,0.0021271009693963894
2012-11-14,215147.381788,-0.010666720780417527
2012-11-15,214844.144207,-0.0014094411862227707
2012-11-16,216689.96951,0.0085914620098817
2012-11-19,218934.943395,0.010360303663693227
2012-11-20,219296.174911,0.0016499491145562928
2012-11-21,220800.993406,0.006862037131339482
2012-11-22,2.868,-0.9999870109280047
2012-11-23,223030.579398,77764.19504811715
2012-11-26,222867.668608,-0.0007304414956895711
2012-11-27,222319.85390400002,-0.0024580268076637157
2012-11-28,223165.29200299998,0.0038028007132688835
2012-11-29,223408.30601,0.0010889417651771538
2012-11-30,223518.196304,0.000491880968808367
2012-12-03,223339.999406,-0.0007972366498415484
2012-12-04,222346.672402,-0.004447600101378457
2012-12-05,222594.079984,0.0011127109721376094
2012-12-06,222597.209197,1.4057934515587789e-05
2012-12-07,222548.513306,-0.00021876236083839817
2012-12-10,222462.829099,-0.0003850136122104386
2012-12-11,223115.327991,0.0029330692891154087
2012-12-12,225958.024711,0.012740929749634589
2012-12-13,225654.194807,-0.0013446298461344819
2012-12-14,225073.387407,-0.002573882575046982
2012-12-17,227244.332509,0.009645498861552637
2012-12-18,229393.68240700001,0.009458321245106927
2012-12-19,228551.8877,-0.003669650786225609
2012-12-20,229741.1301,0.005203380343815178
2012-12-21,227904.31621299998,-0.007995146041984369
2012-12-24,227679.24700099998,-0.000987560111804342
2012-12-25,2.21,-0.9999902933621351
2012-12-26,226170.092012,102338.40815022626
2012-12-27,226025.089506,-0.0006411214883015326
2012-12-28,224473.389103,-0.006865168846482472
2012-12-31,227102.038805,0.011710295427463047
2013-01-01,2.41,-0.9999893880301001
2013-01-02,235015.882802,97515.96381825725
2013-01-03,235899.363985,0.0037592403222566073
2013-01-04,236769.93319500002,0.0036904262703114643
2013-01-07,235738.10612,-0.0043579311827157685
2013-01-08,236467.948591,0.0030959885230792406
2013-01-09,235950.849205,-0.002186763107140499
2013-01-10,238153.21049599999,0.009333983320765737
2013-01-11,237872.88118800003,-0.001177096489340279
2013-01-14,239229.785192,0.0057043240794127925
2013-01-15,239726.178315,0.0020749637115695663
2013-01-16,239128.404522,-0.0024935691095635537
2013-01-17,240456.690004,0.005554695539641719
2013-01-18,240736.908512,0.0011653595830305452
2013-01-21,3.028,-0.9999874219536227
2013-01-22,242715.778313,80156.12625924703
2013-01-23,243420.929088,0.0029052531314659458
2013-01-24,244504.579487,0.004451755249887501
2013-01-25,246230.705209,0.007059686675896293
2013-01-28,245653.14269,-0.002345615338711582
2013-01-29,245701.8014,0.00019807892326206833
2013-01-30,243987.480889,-0.0069772403019915386
2013-01-31,244647.028395,0.0027032022446269455
2013-02-01,246736.855909,0.008542214993209951
2013-02-04,243558.9943,-0.012879557848350154
2013-02-05,246289.401311,0.01121045444799651
2013-02-06,246530.013118,0.0009769474679754975
2013-02-07,245842.694914,-0.002787969688992864
2013-02-08,246649.55009499998,0.003281997788391555
2013-02-11,246011.901602,-0.0025852408518660663
2013-02-12,247654.041706,0.00667504333451574
2013-02-13,248551.60011,0.0036242429068269466
2013-02-14,250228.941601,0.006748463861257159
2013-02-15,251084.583292,0.0034194353599765748
2013-02-18,2.7100000000000004,-0.9999892068243917
2013-02-19,254221.16678099998,93807.54862767525
2013-02-20,250998.599797,-0.012676233945445148
2013-02-21,249753.36589999998,-0.004961118898699546
2013-02-22,252245.133392,0.009976912555395678
2013-02-25,248091.424316,-0.01646695426842959
2013-02-26,247126.217997,-0.003890526734896649
2013-02-27,251959.683295,0.019558690847033766
2013-02-28,252658.57990500002,0.0027738430246466717
2013-03-01,253088.942791,0.0017033377064092914
2013-03-04,253663.21220200002,0.002269041881747702
2013-03-05,256171.394305,0.009887843338523217
2013-03-06,257014.955812,0.0032929574720417243
2013-03-07,257428.94980499998,0.0016107778307765663
2013-03-08,258303.633113,0.003397765902640515
2013-03-11,258951.032297,0.002506349508900607
2013-03-12,257033.700293,-0.007404226146513038
2013-03-13,258556.949908,0.005926264195176056
2013-03-14,259835.334088,0.004944304070940042
2013-03-15,257164.093508,-0.010280513192618135
2013-03-18,256438.805197,-0.0028203327342719575
2013-03-19,255472.286005,-0.0037690052067490543
2013-03-20,257162.059108,0.0066143108100849
2013-03-21,255936.00400000002,-0.004767636066738246
2013-03-22,257105.58170399998,0.004569805286168238
2013-03-25,256968.448016,-0.0005333749936158316
2013-03-26,259458.571394,0.009690385715544814
2013-03-27,258496.320296,-0.00370868880079811
2013-03-28,260478.22852099998,0.00766706552236629
2013-03-29,2.35,-0.9999909781327471
2013-04-01,258467.617596,109985.22025361702
2013-04-02,260602.44980499998,0.008259573206330417
2013-04-03,258072.062004,-0.009709762141120959
2013-04-04,259860.197394,0.006928822035654036
2013-04-05,258252.205212,-0.006187912570396303
2013-04-08,260654.041407,0.009300351154904352
2013-04-09,260213.60081200002,-0.0016897516440662619
2013-04-10,263483.22890600003,0.012565169859673375
2013-04-11,264336.342302,0.003237828075593807
2013-04-12,264580.19380300003,0.0009225046351040156
2013-04-15,257831.49439,-0.02550719808613089
2013-04-16,263441.57771,0.0217587201023397
2013-04-17,258562.88479799998,-0.018519069595652526
2013-04-18,254724.605397,-0.014844664979657085
2013-04-19,259122.981097,0.01726718034618191
2013-04-22,258826.412111,-0.0011445105514936715
2013-04-23,262837.031403,0.015495401954109589
2013-04-24,263175.46519,0.0012876183587735568
2013-04-25,264920.73020499997,0.006631564282559399
2013-04-26,264065.597794,-0.0032278803185324945
2013-04-29,263857.338688,-0.0007886642854646464
2013-04-30,263726.306099,-0.0004966039210868578
2013-05-01,262614.125305,-0.004217178067865923
2013-05-02,265120.35949400003,0.009543409693173688
2013-05-03,268595.246804,0.01310682935340024
2013-05-06,271121.34531,0.009404851858169083
2013-05-07,271590.309302,0.0017297199210331016
2013-05-08,273658.335317,0.00761450590897339
2013-05-09,273290.511803,-0.0013440976083330947
2013-05-10,275770.355613,0.009074020878513167
2013-05-13,275176.504608,-0.0021534258230183623
2013-05-14,278359.576001,0.011567380716367648
2013-05-15,278512.543991,0.0005495337800034417
2013-05-16,276296.592511,-0.007956379444337025
2013-05-17,279550.812394,0.011777994992357543
2013-05-20,279479.996305,-0.00025332099160646493
2013-05-21,279600.319515,0.00043052530267218003
2013-05-22,276445.457506,-0.011283470685843455
2013-05-23,275862.756798,-0.0021078324572844087
2013-05-24,274819.346502,-0.00378235289210882
2013-05-27,2.36,-0.9999914125405287
2013-05-28,278358.777213,117947.63441228814
2013-05-29,278262.250996,-0.00034676907969788395
2013-05-30,281630.706592,0.012105327201023641
2013-05-31,279631.261695,-0.007099527324968102
2013-06-03,279519.155116,-0.00040090860485508806
2013-06-04,277808.257405,-0.006120860340644518
2013-06-05,273907.390606,-0.014041579740782018
2013-06-06,277428.57221199997,0.01285537275284776
2013-06-07,281560.08380799997,0.014892163280294302
2013-06-10,281868.397915,0.0010950206536031182
2013-06-11,278073.515305,-0.013463313511095865
2013-06-12,276205.554802,-0.006717505983808492
2013-06-13,281292.89241000003,0.01841866508313683
2013-06-14,279266.616989,-0.007203436260474816
2013-06-17,281623.131192,0.008438223760532049
2013-06-18,282571.178519,0.0033663688170333383
2013-06-19,279615.649997,-0.010459412518610045
2013-06-20,273958.265701,-0.020232716931476102
2013-06-21,274326.377514,0.0013436784323994644
2013-06-24,271263.616808,-0.011164659898021179
2013-06-25,274235.81849000003,0.010956875518266518
2013-06-26,275877.355604,0.005985859626355783
2013-06-27,277146.502818,0.004600403723681312
2013-06-28,276273.49400999997,-0.0031499903449018207
2013-07-01,278389.120099,0.007657723722578558
2013-07-02,277438.429621,-0.003414969944450008
2013-07-03,277725.821213,0.0010358752116372827
2013-07-04,2.63,-0.9999905302287396
2013-07-05,282319.679488,107344.88573688213
2013-07-08,283093.865114,0.002742230465138107
2013-07-09,285151.361495,0.007267894626298288
2013-07-10,284234.387313,-0.0032157454104111416
2013-07-11,288704.797398,0.015727900227910263
2013-07-12,288873.319787,0.0005837186999275712
2013-07-15,289626.990711,0.0026090014978041864
2013-07-16,288999.579105,-0.0021662746433257496
2013-07-17,289953.971302,0.003302399954891344
2013-07-18,292127.238908,0.0074952158656120815
2013-07-19,292914.47390700004,0.0026948359966116886
2013-07-22,293110.421988,0.000668960049622358
2013-07-23,291914.30930100003,-0.004080757957657721
2013-07-24,288570.586,-0.011454468638439463
2013-07-25,290270.129112,0.005889523029904309
2013-07-26,290265.587003,-1.5647869155088756e-05
2013-07-29,288195.198216,-0.00713273939352177
2013-07-30,287507.217994,-0.0023872022374374913
2013-07-31,288153.186109,0.0022467892093529507
2013-08-01,291785.000617,0.012603763147793767
2013-08-02,292651.179403,0.0029685514477042485
2013-08-05,293640.431603,0.0033803116803357014
2013-08-06,292203.032598,-0.004895099074582854
2013-08-07,289791.085287,-0.00825435413710529
2013-08-08,291826.12950000004,0.007022452781749955
2013-08-09,290254.224609,-0.005386443269124741
2013-08-12,291090.85409,0.0028824024254150427
2013-08-13,291075.288498,-5.347331178995329e-05
2013-08-14,289500.457492,-0.0054103906041849115
2013-08-15,285627.979214,-0.013376415054912383
2013-08-16,285551.09981,-0.0002691592196659709
2013-08-19,283050.345497,-0.008757642028568546
2013-08-20,285819.516388,0.009783315707097007
2013-08-21,282925.96701,-0.010123694191938815
2013-08-22,285777.745606,0.010079592997906728
2013-08-23,285055.021902,-0.0025289712551530563
2013-08-26,284608.226898,-0.001567399167426764
2013-08-27,278586.406602,-0.02115827908993695
2013-08-28,280075.7098,0.0053459291720852065
2013-08-29,280323.506205,0.0008847479318250251
2013-08-30,278125.605515,-0.007840586470093114
2013-09-02,2.41,-0.9999913348503259
2013-09-03,279654.004613,116038.00606348547
2013-09-04,280812.972008,0.004144290358379932
2013-09-05,281017.865211,0.0007296429418301997
2013-09-06,280378.518291,-0.0022751112977105192
2013-09-09,283257.308502,0.010267513461969857
2013-09-10,285842.928708,0.009128167670850118
2013-09-11,286835.907088,0.0034738602227741833
2013-09-12,284962.161098,-0.0065324666253346875
2013-09-13,285539.103006,0.0020246263776808604
2013-09-16,288475.68270199996,0.010284334667599815
2013-09-17,290023.84881399997,0.005366712706939891
2013-09-18,293014.47301899997,0.01031164925653405
2013-09-19,293678.072902,0.002264734148326397
2013-09-20,292475.931397,-0.004093398915080648
2013-09-23,290733.225797,-0.005958458159876723
2013-09-24,289894.35200199997,-0.0028853729830856656
2013-09-25,290757.086102,0.0029760293501477353
2013-09-26,291613.575501,0.0029457214972210544
2013-09-27,289781.012101,-0.006284218410791076
2013-09-30,287755.115504,-0.006991129550937947
2013-10-01,289689.787405,0.006723327568343818
2013-10-02,289958.85159700003,0.0009288010958559134
2013-10-03,287219.44781,-0.009447560479400097
2013-10-04,288961.506803,0.006065254307404677
2013-10-07,286499.561487,-0.00851997673751892
2013-10-08,282550.081112,-0.013785292914590519
2013-10-09,283022.51799799997,0.0016720465417694452
2013-10-10,290031.858604,0.024766017402366503
2013-10-11,292403.023811,0.008175533606594287
2013-10-14,293425.048511,0.003495260365913966
2013-10-15,290199.15660399996,-0.010993921355282987
2013-10-16,294528.53491,0.014918645376725825
2013-10-17,295904.206709,0.004670758978991163
2013-10-18,297229.27091900003,0.004478017479836449
2013-10-21,296807.451988,-0.001419170224035482
2013-10-22,298393.176813,0.005342604487788005
2013-10-23,296385.588903,-0.006727995363171924
2013-10-24,297540.809503,0.00389769490573344
2013-10-25,298245.380208,0.0023679800635647563
2013-10-28,298089.5708,-0.0005224201893466729
2013-10-29,299244.567094,0.0038746618705924885
2013-10-30,296512.217808,-0.00913082336810389
2013-10-31,294621.14279,-0.0063777305096563985
2013-11-01,294697.7597,0.0002600523142175515
2013-11-04,294480.866897,-0.0007359838881055847
2013-11-05,293810.269904,-0.0022772175322159915
2013-11-06,294025.70701,0.000733252469596879
2013-11-07,291138.953091,-0.009818032403887234
2013-11-08,295123.04731399997,0.013684511058040139
2013-11-11,295493.940699,0.0012567415129915993
2013-11-12,293095.962916,-0.008115150440403451
2013-11-13,295163.6138,0.007054518470432036
2013-11-14,296717.30871099996,0.005263842961526821
2013-11-15,298241.95689800003,0.0051383864110370325
2013-11-18,296911.062497,-0.004462465358136103
2013-11-19,296278.741917,-0.002129663255663883
2013-11-20,294857.81179,-0.004795923318042239
2013-11-21,298600.077991,0.01269176549293971
2013-11-22,299483.047697,0.00295703106288725
2013-11-25,297828.259513,-0.005525481982119329
2013-11-26,300019.823401,0.007358482004305333
2013-11-27,300425.767802,0.0013530585959229402
2013-11-28,11.120000000000001,-0.9999629858647567
2013-11-29,300575.437799,27029.165269694244
2013-12-02,297855.660109,-0.009048569337254952
2013-12-03,296682.263497,-0.003939480658418981
2013-12-04,297795.48909700004,0.0037522485735359545
2013-12-05,297283.946396,-0.0017177651097106672
2013-12-06,300312.453703,0.010187254790293476
2013-12-09,301047.14820399997,0.0024464336791261143
2013-12-10,298203.744591,-0.00944504417319092
2013-12-11,294687.21450299997,-0.011792374012013607
2013-12-12,294645.895418,-0.00014021336171521348
2013-12-13,294696.572199,0.0001719921498586352
2013-12-16,295816.44101199997,0.003800074105523521
2013-12-17,294684.414802,-0.003826785982980807
2013-12-18,300121.829809,0.018451654495041714
2013-12-19,299871.338992,-0.0008346304471069654
2013-12-20,302368.573986,0.00832768814250251
2013-12-23,303465.530707,0.003627879400756928
2013-12-24,304083.773508,0.002037275204072264
2013-12-25,1.67,-0.9999945080923565
2013-12-26,305255.830516,182786.92246467067
2013-12-27,305400.14889,0.00047277843557025356
2013-12-30,305225.795408,-0.0005709017583446219
2013-12-31,306540.643499,0.004307788236713073
2014-01-01,1.65,-0.999994617353245
2014-01-02,303574.802896,183983.72902787878
2014-01-03,303915.738313,0.0011230688902623687
2014-01-06,301272.009199,-0.008698888477033151
2014-01-07,302120.427998,0.00281612221877392
2014-01-08,301146.026799,-0.003225207926047524
2014-01-09,301164.07389400003,5.992805281840319e-05
2014-01-10,301474.437205,0.0010305455992378754
2014-01-13,297843.504902,-0.012043914358586205
2014-01-14,300905.888793,0.010281855540236196
2014-01-15,302999.906801,0.006959046286530102
2014-01-16,302165.92089999997,-0.002752429562784542
2014-01-17,301349.341691,-0.0027024199372577273
2014-01-20,17.689999999999998,-0.9999412973663697
2014-01-21,302112.663196,17077.160723346526
2014-01-22,302206.618807,0.0003109952757560652
2014-01-23,298431.09889100003,-0.01249317414325446
2014-01-24,293713.712615,-0.015807287824661342
2014-01-27,292201.56981,-0.0051483561715149895
2014-01-28,294483.447214,0.007809257854034524
2014-01-29,292415.62431600003,-0.007021864616034823
2014-01-30,295940.27491,0.012053564518806459
2014-01-31,294388.417709,-0.005243818880251827
2014-02-03,286581.313903,-0.026519738333310672
2014-02-04,287200.055209,0.002159042742784889
2014-02-05,285928.88309899997,-0.004426085883148523
2014-02-06,289198.39969399996,0.011434719569299201
2014-02-07,293778.862985,0.015838480765614893
2014-02-10,294097.950208,0.001086147654592473
2014-02-11,296692.407606,0.008821745939286751
2014-02-12,296654.778607,-0.0001268283179325369
2014-02-13,300093.504394,0.01159167502086822
2014-02-14,300578.443499,0.001615960018792384
2014-02-17,7.61,-0.9999746821498194
2014-02-18,301392.008001,39603.73166898817
2014-02-19,298062.20388499997,-0.01104808365054244
2014-02-20,298993.308901,0.0031238614083364258
2014-02-21,299453.249701,0.0015382979695786059
2014-02-24,300198.023597,0.002487112418194215
2014-02-25,300891.574818,0.0023103124154177923
2014-02-26,301062.207299,0.0005670895939946519
2014-02-27,302977.75801,0.006362640891347526
2014-02-28,304829.514807,0.006111857217383276
2014-03-03,304747.22121,-0.0002699659744304084
2014-03-04,310958.635895,0.020382186457148288
2014-03-05,311435.148397,0.0015323983546187137
2014-03-06,314988.636899,0.0114100432153863
2014-03-07,316657.859913,0.005299311843224519
2014-03-10,318994.64290800004,0.007379519951413949
2014-03-11,318503.9476,-0.0015382556381724477
2014-03-12,319674.094102,0.003673883827240765
2014-03-13,315994.893897,-0.011509222276316344
2014-03-14,314427.815306,-0.004959189598521818
2014-03-17,316656.177893,0.007087040263379363
2014-03-18,317817.350901,0.0036669835899818537
2014-03-19,315866.847407,-0.0061371837895898285
2014-03-20,318973.504605,0.009835337970739877
2014-03-21,319803.671004,0.002602618672130852
2014-03-24,316992.637098,-0.008789873790926106
2014-03-25,317168.298018,0.0005541482654238816
2014-03-26,313236.33709,-0.012397080517097758
2014-03-27,314196.241995,0.003064474939011408
2014-03-28,314502.915988,0.0009760587556768563
2014-03-31,318417.667618,0.012447425543581803
2014-04-01,319757.493506,0.004207762395921355
2014-04-02,319629.270299,-0.00040100141389676214
2014-04-03,317726.18689,-0.005954033581529461
2014-04-04,314673.067708,-0.00960927776172571
2014-04-07,311700.89380099997,-0.00944527578622667
2014-04-08,312431.883006,0.002345162364105091
2014-04-09,315345.096404,0.00932431533546163
2014-04-10,309665.208299,-0.01801165824288986
2014-04-11,307441.977689,-0.007179465275457431
2014-04-14,308451.22119,0.0032827121025773565
2014-04-15,311250.156022,0.009074157078068135
2014-04-16,315986.360399,0.015216713262194315
2014-04-17,318168.235506,0.006904966101210608
2014-04-18,4.45,-0.9999860136886609
2014-04-21,317386.205205,71321.74274269663
2014-04-22,319375.084998,0.006266434269615928
2014-04-23,319014.444902,-0.001129205479514006
2014-04-24,318593.866803,-0.0013183669445727686
2014-04-25,316839.677804,-0.005506035055234393
2014-04-28,317086.635904,0.0007794418354156729
2014-04-29,318758.36480499996,0.00527215187178709
2014-04-30,319998.701709,0.003891150918529762
2014-05-01,319973.577897,-7.851223103660931e-05
2014-05-02,318997.782113,-0.0030496136287669895
2014-05-05,316606.25110500003,-0.007497014531445245
2014-05-06,312531.818889,-0.012869083291248029
2014-05-07,316788.879607,0.01362120738020578
2014-05-08,314393.734,-0.007560699763108247
2014-05-09,313579.575711,-0.0025896135989783575
2014-05-12,318543.595707,0.015830176390617012
2014-05-13,318339.831804,-0.0006396735195625114
2014-05-14,316753.237888,-0.00498396291475367
2014-05-15,313751.72939,-0.009475857351965766
2014-05-16,315336.383303,0.005050661923301281
2014-05-19,315421.46928900003,0.00026982609843106964
2014-05-20,313893.480501,-0.004844276426218874
2014-05-21,315484.347915,0.005068176030482707
2014-05-22,316842.431796,0.004304758350059057
2014-05-23,317534.19608900003,0.0021833069803145477
2014-05-26,83.53,-0.9997369417183131
2014-05-27,319913.592612,3828.9244895486654
2014-05-28,319642.963807,-0.0008459434398844223
2014-05-29,321205.375309,0.00488798966006132
2014-05-30,320393.856004,-0.0025264810846310493
2014-06-02,320253.524599,-0.00043799655446030705
2014-06-03,318663.829103,-0.004963865731034578
2014-06-04,319540.453304,0.002750937260333597
2014-06-05,322538.100407,0.009381119266761884
2014-06-06,324350.604705,0.005619504473154846
2014-06-09,323314.431595,-0.0031946082263125675
2014-06-10,323400.0516,0.00026481962026148054
2014-06-11,322982.67429600004,-0.0012905913339685826
2014-06-12,320840.403901,-0.00663277186514577
2014-06-13,319713.949411,-0.0035109496070437896
2014-06-16,319714.74370399996,2.484386437906494e-06
2014-06-17,320171.443506,0.001428460247747676
2014-06-18,322630.962497,0.007681881194860241
2014-06-19,322523.401305,-0.0003333876921406409
2014-06-20,322922.936306,0.0012387783316911705
2014-06-23,321983.270298,-0.0029098769469554364
2014-06-24,321134.54800400004,-0.0026359204725588947
2014-06-25,322514.472103,0.004297027858188418
2014-06-26,322145.331802,-0.0011445697261054377
2014-06-27,322571.6122,0.0013232549284991624
2014-06-30,322063.212605,-0.0015760828782563907
2014-07-01,323768.878599,0.005296059677861731
2014-07-02,324154.10869900003,0.0011898305410544818
2014-07-03,326904.445397,0.008484657834628484
2014-07-04,2.92,-0.9999910677262389
2014-07-07,324769.287103,111221.35859691781
2014-07-08,322842.17690099997,-0.005933782160222667
2014-07-09,323825.199104,0.0030449001813708243
2014-07-10,322117.287898,-0.005274176347997872
2014-07-11,322497.90600200003,0.001181613400770276
2014-07-14,323631.833403,0.003516076786535649
2014-07-15,322204.493396,-0.0044103819824875545
2014-07-16,321420.337499,-0.0024337211710956375
2014-07-17,317542.831299,-0.012063661653059055
2014-07-18,321690.914703,0.013063067388519034
2014-07-21,321825.20609500003,0.00041745472396703676
2014-07-22,322292.96409900003,0.0014534535988517394
2014-07-23,322175.888896,-0.00036325708607176654
2014-07-24,322241.722303,0.00020433995612023637
2014-07-25,320071.199295,-0.006735698259330514
2014-07-28,321068.07900100003,0.0031145560993797172
2014-07-29,319437.595402,-0.005078311129755653
2014-07-30,320419.333401,0.0030733326732081956
2014-07-31,313976.567401,-0.020107294811505527
2014-08-01,315025.808303,0.0033417809191471637
2014-08-04,320866.118797,0.018539149301642688
2014-08-05,318500.6904,-0.007372010500418358
2014-08-06,319831.6909,0.004178956404547796
2014-08-07,319469.600301,-0.0011321285829464234
2014-08-08,323106.462203,0.01138406251666324
2014-08-11,325670.228301,0.007934741015452884
2014-08-12,326665.884297,0.003057252120325149
2014-08-13,327596.81079899997,0.0028497818313759637
2014-08-14,331225.433403,0.0110764894052231
2014-08-15,329430.036104,-0.0054204693176914676
2014-08-18,332058.323697,0.007978287663394035
2014-08-19,332679.87920100003,0.0018718263017167835
2014-08-20,332285.011198,-0.0011869308235544773
2014-08-21,335233.454303,0.008873235342063301
2014-08-22,333588.76189799997,-0.00490611060408519
2014-08-25,335156.4728,0.004699531522226019
2014-08-26,335744.079605,0.0017532312596888477
2014-08-27,335705.657,-0.00011444015645833971
2014-08-28,334445.42289700004,-0.0037539853044536997
2014-08-29,336995.308197,0.007624219455337755
2014-09-01,2.19,-0.9999935013932042
2014-09-02,338145.221598,154403.21077534245
2014-09-03,337286.27480199997,-0.0025401713262154235
2014-09-04,337279.924802,-1.882673703135218e-05
2014-09-05,337415.712899,0.00040259762593253257
2014-09-08,337921.002695,0.00149752894332833
2014-09-09,334792.490604,-0.009258116737489996
2014-09-10,336767.680901,0.005899744923897554
2014-09-11,337127.382805,0.0010681010215638498
2014-09-12,334936.026305,-0.006500084572683695
2014-09-15,335400.698695,0.0013873466975955484
2014-09-16,336667.790605,0.0037778451712535688
2014-09-17,338150.6669,0.0044045683501092725
2014-09-18,341712.969501,0.01053466087663657
2014-09-19,340777.96149899997,-0.0027362379700290873
2014-09-22,336098.326896,-0.013732210212231366
2014-09-23,334556.327897,-0.004587940122287915
2014-09-24,337111.760998,0.007638274598072314
2014-09-25,331398.948599,-0.01694634557420227
2014-09-26,334634.484403,0.009763265145162014
2014-09-29,333697.628499,-0.0027996394504032907
2014-09-30,332025.361203,-0.005011325083495444
2014-10-01,328179.242501,-0.011583810007960493
2014-10-02,329336.867197,0.0035274159547018513
2014-10-03,333982.440497,0.01410584044094021
2014-10-06,333224.145998,-0.0022704621772078326
2014-10-07,327721.974102,-0.01651192436706861
2014-10-08,334614.4824,0.0210315720112646
2014-10-09,327749.800302,-0.02051519721669992
2014-10-10,325309.128502,-0.00744675297361308
2014-10-13,323873.698803,-0.004412509742994231
2014-10-14,326233.0012,0.007284637208021971
2014-10-15,324330.3111,-0.005832304190567017
2014-10-16,323450.15189700003,-0.00271377411508289
2014-10-17,327360.153698,0.012088421594697696
2014-10-20,329007.668002,0.005032727060361397
2014-10-21,333660.305501,0.014141425721943213
2014-10-22,330196.809697,-0.01038030519932387
2014-10-23,333658.7174,0.010484376593997924
2014-10-24,335286.334401,0.004878089245451189
2014-10-27,334657.825403,-0.001874544034497716
2014-10-28,339106.686398,0.01329376054375131
2014-10-29,337792.213103,-0.003876282443623702
2014-10-30,338147.696899,0.0010523741584640423
2014-10-31,340859.480598,0.008019524379046628
2014-11-03,341642.240504,0.00229642990896628
2014-11-04,343044.75929899997,0.004105226546140539
2014-11-05,343806.836498,0.0022215095212569924
2014-11-06,346011.664402,0.006412984472496941
2014-11-07,346292.34230099997,0.0008111804539452372
2014-11-10,349472.057798,0.009182170982678484
2014-11-11,349323.21510000003,-0.00042590729266833716
2014-11-12,350364.976304,0.0029822272295922936
2014-11-13,350652.5299,0.0008207258585986033
2014-11-14,349236.579802,-0.004038043297174609
2014-11-17,349341.56299999997,0.00030060767992701187
2014-11-18,350215.5247,0.002501739823039806
2014-11-19,349178.148504,-0.0029621079673399775
2014-11-20,349589.203403,0.001177206823397059
2014-11-21,351806.04780400003,0.006341283939608644
2014-11-24,353979.735301,0.006178653012272717
2014-11-25,354532.754,0.0015622891477946599
2014-11-26,355464.051199,0.0026268297879183944
2014-11-28,354807.4988,-0.001847028966179276
2014-12-01,352504.879303,-0.006489771227461971
2014-12-02,356183.353002,0.010435241935582207
2014-12-03,356206.282901,6.437667231429245e-05
2014-12-04,356888.445201,0.0019150765518349822
2014-12-05,357899.793298,0.0028337933340216725
2014-12-08,358646.01799799997,0.0020850101452241088
2014-12-09,357593.331504,-0.002935168498109042
2014-12-10,353331.525302,-0.011918024824666862
2014-12-11,354920.72509900003,0.004497758289871534
2014-12-12,347326.763195,-0.02139621996399843
2014-12-15,346402.836602,-0.002660107687933344
2014-12-16,345466.951401,-0.0027017249921520436
2014-12-17,353057.246998,0.021971119281362306
2014-12-18,361818.22580300004,0.024814612586183893
2014-12-19,360545.652204,-0.003517162785748984
2014-12-22,360958.977803,0.0011463890813088184
2014-12-23,361096.7616,0.0003817159441181772
2014-12-24,360205.147701,-0.0024691827615660467
2014-12-26,360884.773298,0.0018867736936512003
2014-12-29,362469.61,0.004391531090427447
2014-12-30,362359.196598,-0.00030461423234895424
2014-12-31,359270.284698,-0.008524447368799204
2015-01-02,356256.497796,-0.008388633934847678
2015-01-05,351589.313502,-0.01310062924570854
2015-01-06,349203.779604,-0.006785001154440584
2015-01-07,353461.566101,0.01219284196129955
2015-01-08,359206.729502,0.01625399746958145
2015-01-09,355319.5526,-0.01082155923801631
2015-01-12,353161.652098,-0.006073126249906302
2015-01-13,352918.6519,-0.0006880707363225991
2015-01-14,351757.5769,-0.0032899224615904332
2015-01-15,349580.191504,-0.006190017042956297
2015-01-16,353006.760999,0.009801955540609697
2015-01-20,352462.366599,-0.0015421642306775452
2015-01-21,350886.300698,-0.004471586331919242
2015-01-22,357054.42869900004,0.01757870851250143
2015-01-23,355487.476903,-0.004388551632616866
2015-01-26,356930.034998,0.004057971626926449
2015-01-27,352404.737802,-0.012678387225175225
2015-01-28,346911.511801,-0.01558783243171502
2015-01-29,351119.865697,0.0121309145209747
2015-01-30,344969.093798,-0.017517584448804246
2015-02-02,350355.905103,0.01561534468404946
2015-02-03,354469.538204,0.011741298037464487
2015-02-04,352728.278996,-0.004912295755574503
2015-02-05,357705.217996,0.014109838355365945
2015-02-06,357732.2745,7.563910907304461e-05
2015-02-09,356028.472096,-0.004762786378113115
2015-02-10,358019.6705,0.005592806643461623
2015-02-11,357141.018503,-0.002454200339810586
2015-02-12,358633.159502,0.004178016306428445
2015-02-13,357264.741002,-0.0038156496791881267
2015-02-17,358319.491998,0.002952295244814218
2015-02-18,358014.385901,-0.0008514917659062649
2015-02-19,356601.89069800003,-0.003945358786198505
2015-02-20,358742.584296,0.006003034907666516
2015-02-23,356553.051199,-0.006103354307091191
2015-02-24,359266.7783,0.007611005127776682
2015-02-25,358702.391097,-0.001570941810068338
2015-02-26,358144.116202,-0.0015563734975188037
2015-02-27,356482.42440099997,-0.004639729443615459
2015-03-02,356718.596999,0.0006625083926561359
2015-03-03,354565.19469599996,-0.006036697612953668
2015-03-04,352555.759002,-0.005667323595376694
2015-03-05,354840.745301,0.006481205428237269
2015-03-06,352341.436298,-0.007043466783612895
2015-03-09,354643.858698,0.0065346342008230085
2015-03-10,349714.228902,-0.013900226029848972
2015-03-11,350272.632005,0.0015967411584973945
2015-03-12,354635.762098,0.012456383098002677
2015-03-13,351193.415001,-0.009706711688170722
2015-03-16,354889.832198,0.010525303263415386
2015-03-17,353886.584,-0.0028269285479001205
2015-03-18,356293.23960000003,0.006800640964677029
2015-03-19,354351.257698,-0.00545051571615629
2015-03-20,356151.660001,0.005080840730455005
2015-03-23,355964.003801,-0.0005268996921127256
2015-03-24,353853.163598,-0.005929926005046493
2015-03-25,351376.693597,-0.0069985809249778486
2015-03-26,350483.605103,-0.0025416839257537127
2015-03-27,351859.934299,0.003926943160709406
2015-03-30,356230.940699,0.012422574933711239
2015-03-31,353293.631599,-0.008245519309008964
2015-04-01,351786.273203,-0.0042665880762631225
2015-04-02,352215.279997,0.0012195097611225059
2015-04-06,352555.1815,0.0009650390607780501
2015-04-07,351104.744702,-0.004114070290582306
2015-04-08,351292.828602,0.000535691706928354
2015-04-09,351819.117395,0.0014981484110974108
2015-04-10,351904.787298,0.000243505536692723
2015-04-13,352351.853599,0.0012704183550120707
2015-04-14,350813.523299,-0.00436589245746033
2015-04-15,351776.17220200005,0.002744047304526376
2015-04-16,351285.494502,-0.0013948576929715406
2015-04-17,348079.801202,-0.009125606807490083
2015-04-20,350590.381097,0.0072126560815375385
2015-04-21,349884.614903,-0.002013079171743426
2015-04-22,351439.741396,0.004444683837930841
2015-04-23,351971.974502,0.00151443631242687
2015-04-24,351597.114402,-0.0010650282612143513
2015-04-27,348531.7843,-0.008718302785884702
2015-04-28,351479.475902,0.008457454197241088
2015-04-29,349652.25589800003,-0.0051986534898254
2015-04-30,346444.394896,-0.009174432447922931
2015-05-01,349889.1473,0.009943161023096225
2015-05-04,353631.010999,0.010694426300086546
2015-05-05,350597.952404,-0.008576902196534397
2015-05-06,349216.636998,-0.003939884407562877
2015-05-07,351927.3331,0.007762219249638935
2015-05-08,356965.191596,0.014315053200395944
2015-05-11,353332.303199,-0.010177150272712154
2015-05-12,351123.856699,-0.006250338505721653
2015-05-13,350377.60899599997,-0.002125311877169689
2015-05-14,353818.0605,0.009819267600628345
2015-05-15,353187.5272,-0.0017820834219399728
2015-05-18,354507.7943,0.003738147579748441
2015-05-19,355642.433495,0.003200604368206905
2015-05-20,354953.70579700003,-0.0019365734601229923
2015-05-21,353771.13120099995,-0.003331630510364114
2015-05-22,352128.375097,-0.004643556127440496
2015-05-26,349082.713495,-0.008649293318554685
2015-05-27,352033.403998,0.008452697280417754
2015-05-28,352047.142598,3.902641011888086e-05
2015-05-29,348587.264497,-0.009827882923483355
2015-06-01,349262.471097,0.001936980115938125
2015-06-02,348844.540805,-0.0011966080715380967
2015-06-03,349537.59450199996,0.0019867121767209728
2015-06-04,346330.08449800004,-0.009176437826579953
2015-06-05,345882.1727,-0.0012933089501863115
2015-06-08,343456.604898,-0.007012699680546408
2015-06-09,342946.0591,-0.0014864928806701538
2015-06-10,346225.987303,0.0095639769461342
2015-06-11,346985.29820200003,0.0021931077586487824
2015-06-12,345137.340296,-0.0053257527496862744
2015-06-15,342868.289299,-0.006574342246057796
2015-06-16,343945.872302,0.0031428482499886723
2015-06-17,344434.480998,0.0014205976444194857
2015-06-18,349525.69760200003,0.01478137899912979
2015-06-19,347392.164705,-0.00610408021967368
2015-06-22,348521.0298,0.003249541036593806
2015-06-23,347893.199899,-0.0018014118154083825
2015-06-24,345318.826396,-0.007399896013338014
2015-06-25,344314.039201,-0.002909737663268075
2015-06-26,344556.89029999997,0.0007053186084526875
2015-06-29,336571.252699,-0.023176543049384435
2015-06-30,337140.717602,0.001691959424440892
2015-07-01,338772.895802,0.004841237248379038
2015-07-02,337740.7111,-0.0030468337779987475
2015-07-06,337061.9356,-0.002009753274306969
2015-07-07,340214.5697,0.009353278335591408
2015-07-08,336172.63300000003,-0.011880551451879717
2015-07-09,337989.1604,0.005403555262036841
2015-07-10,341792.0534,0.01125152355625647
2015-07-13,344362.4228,0.007520272558800389
2015-07-14,345610.2455,0.00362357393659285
2015-07-15,346415.9616,0.00233128534379623
2015-07-16,349416.7109,0.00866227204468406
2015-07-17,349093.7474,-0.0009242932290448591
2015-07-20,349195.2324,0.0002907098759454829
2015-07-21,347925.5054,-0.0036361521641438133
2015-07-22,347870.653,-0.00015765558761482446
2015-07-23,344943.03119999997,-0.008415834376233056
2015-07-24,341914.4468,-0.008779955314545895
2015-07-27,339482.9547,-0.007111404980855496
2015-07-28,345206.15530000004,0.016858580145968194
2015-07-29,345185.6323,-5.945143122432217e-05
2015-07-30,345986.7221,0.0023207507064018085
2015-07-31,345652.0322,-0.0009673489721471196
2015-08-03,344533.5146,-0.0032359641946292372
2015-08-04,345106.5527,0.0016632289043498893
2015-08-05,346670.753,0.004532514053303904
2015-08-06,345812.88550000003,-0.002474588619248208
2015-08-07,345149.6876,-0.00191779406669923
2015-08-10,346502.0756,0.003918265171855673
2015-08-11,344656.395,-0.005326607630860458
2015-08-12,343039.3036,-0.004691894372074623
2015-08-13,342956.2528,-0.00024210287022041754
2015-08-14,344527.7669,0.004582258195235278
2015-08-17,344816.5622,0.0008382351953764022
2015-08-18,342656.6567,-0.006263926205340442
2015-08-19,340300.7746,-0.0068753431574586354
2015-08-20,334597.2071,-0.01676037178200418
2015-08-21,326411.95160000003,-0.024463012022553077
2015-08-24,315177.1179,-0.034419186077376485
2015-08-25,312676.9539,-0.007932568254505168
2015-08-26,322148.4626,0.030291675103849114
2015-08-27,328954.9864,0.02112853106628476
2015-08-28,329656.83999999997,0.0021335855330264497
2015-08-31,326012.77369999996,-0.01105412009652218
2015-09-01,318455.0912,-0.023182166803545567
2015-09-02,321675.9947,0.010114152949676436
2015-09-03,321896.2416,0.0006846855333593194
2015-09-04,317451.9642,-0.013806552626739355
2015-09-08,324197.47119999997,0.021248906167580683
2015-09-09,319034.6033,-0.015925071472303154
2015-09-10,320262.161,0.0038477258808371495
2015-09-11,321645.83780000004,0.004320450457461433
2015-09-14,320323.4834,-0.004111212534397057
2015-09-15,323277.8357,0.009223027511569448
2015-09-16,324185.027,0.0028062279557015124
2015-09-17,323115.2167,-0.0032999991082253155
2015-09-18,315608.2837,-0.023232991242779666
2015-09-21,320443.2693,0.015319577621086156
2015-09-22,317179.74319999997,-0.010184411447084263
2015-09-23,315939.4705,-0.003910314976255935
2015-09-24,314821.9997,-0.003536977504683181
2015-09-25,314649.448,-0.0005480928911081318
2015-09-28,309948.3923,-0.014940613212199194
2015-09-29,310048.1037,0.00032170323343194696
2015-09-30,313551.0872,0.011298193597047312
2015-10-01,313980.0903,0.0013682079811330183
2015-10-02,315241.728,0.004018209239937898
2015-10-05,320637.2816,0.01711560723331651
2015-10-06,317863.3694,-0.00865124662409178
2015-10-07,321651.3335,0.011916956984223015
2015-10-08,324352.1928,0.00839685404257784
2015-10-09,323580.3077,-0.002379774569540083
2015-10-12,324115.0784,0.001652667629254534
2015-10-13,321306.89290000004,-0.00866416185838259
2015-10-14,318502.0685,-0.008729424926694596
2015-10-15,324202.6588,0.017898126460676345
2015-10-16,324220.7338,5.5752164608735555e-05
2015-10-19,324608.0736,0.0011946793021540003
2015-10-20,325306.9012,0.002152834931829606
2015-10-21,322366.1461,-0.009039940711838779
2015-10-22,329744.8353,0.022889156598072224
2015-10-23,331400.9166,0.005022311565527016
2015-10-26,329929.9167,-0.004438732140790935
2015-10-27,326860.0087,-0.00930472759398604
2015-10-28,332842.54469999997,0.018303052807818077
2015-10-29,332094.9898,-0.0022459715919843637
2015-10-30,329682.9862,-0.007262993041396326
2015-11-02,334454.0831,0.014471771670697242
2015-11-03,333511.5057,-0.002818256518991813
2015-11-04,332700.3821,-0.0024320708165601612
2015-11-05,331396.6678,-0.003918583717190116
2015-11-06,330095.7856,-0.003925453471321783
2015-11-09,326458.25659999996,-0.011019616604278304
2015-11-10,327553.43,0.003354711905301677
2015-11-11,327309.4333,-0.000744906563793335
2015-11-12,322210.1357,-0.015579439763125147
2015-11-13,319709.8192,-0.007759894003855683
2015-11-16,322928.175,0.010066490319418975
2015-11-17,323043.6606,0.0003576200806882923
2015-11-18,328927.1083,0.01821254653031268
2015-11-19,329077.9198,0.0004584951990713737
2015-11-20,329484.1899,0.0012345711321104513
2015-11-23,329090.6656,-0.0011943647436297722
2015-11-24,329103.3216,3.845748701780671e-05
2015-11-25,328617.2743,-0.0014768836049330325
2015-11-27,328386.7223,-0.0007015821079128237
2015-11-30,327483.509,-0.00275045621112191
2015-12-01,331795.00810000004,0.013165545688592184
2015-12-02,328512.6765,-0.00989264913536847
2015-12-03,322390.8451,-0.01863499291784565
2015-12-04,329736.7232,0.022785628722557183
2015-12-07,327389.0363,-0.0071198830303655924
2015-12-08,323429.9286,-0.012092975820888863
2015-12-09,319677.413,-0.011602252198005147
2015-12-10,319623.2529,-0.00016942110326689797
2015-12-11,315580.1287,-0.012649656003798304
2015-12-14,317425.8317,0.00584860335662829
2015-12-15,323111.7514,0.017912592902564528
2015-12-16,326041.9139,0.009068572985364787
2015-12-17,321617.4103,-0.013570352189004264
2015-12-18,313723.6567,-0.024543925009024914
2015-12-21,316558.7718,0.009036982195802734
2015-12-22,320358.5667,0.012003442136175435
2015-12-23,322026.58,0.005206707337912508
2015-12-24,322995.512,0.003008857219177319
2015-12-28,321301.19419999997,-0.005245638831043675
2015-12-29,322591.9608,0.0040173103097667084
2015-12-30,321623.245,-0.0030029136423538327
2015-12-31,318221.9828,-0.010575299680220529
2016-01-04,314303.2301,-0.0123145254313336
2016-01-05,315216.2296,0.0029048365163462098
2016-01-06,313840.1026,-0.004365660365097002
2016-01-07,309442.6533,-0.014011750772350062
2016-01-08,306126.664,-0.010716005904930048
2016-01-11,305045.9827,-0.0035301769727579257
2016-01-12,306540.69789999997,0.004899966840310688
2016-01-13,299937.9634,-0.02153950371103386
2016-01-14,303056.92470000003,0.010398687997492884
2016-01-15,298793.9362,-0.014066626275641148
2016-01-19,299993.0336,0.004013124949086677
2016-01-20,296657.32749999996,-0.01111927853780692
2016-01-21,297676.1029,0.0034341824912449415
2016-01-22,301804.8097,0.013869795928452389
2016-01-25,295316.12169999996,-0.021499617605332144
2016-01-26,299731.5688,0.014951595173952281
2016-01-27,297773.3726,-0.006533166352279185
2016-01-28,296999.8062,-0.002597836043047197
2016-01-29,306241.2977,0.031116153300708715
2016-02-01,306235.10949999996,-2.0206941540923395e-05
2016-02-02,299455.1597,-0.022139688068653518
2016-02-03,299512.1362,0.0001902672174929343
2016-02-04,302037.1123,0.008430296454878583
2016-02-05,297694.5723,-0.014377504694478516
2016-02-08,296300.49340000004,-0.0046829167533329885
2016-02-09,297284.0796,0.003319556402736623
2016-02-10,295433.9155,-0.0062235559418096775
2016-02-11,293737.7136,-0.005741391935754181
2016-02-12,299756.7841,0.02049130983635461
2016-02-16,301329.0881,0.005245265773452745
2016-02-17,305873.9554,0.01508273671372784
2016-02-18,305417.6173,-0.0014919155159949238
2016-02-19,307043.4393,0.005323275108924275
2016-02-22,309602.4144,0.008334244515479483
2016-02-23,306378.97479999997,-0.010411545421074808
2016-02-24,307282.2381,0.002948189576617244
2016-02-25,310702.3076,0.01113005919622001
2016-02-26,310289.4359,-0.001328833709634214
2016-02-29,314080.7267,0.012218562288475399
2016-03-01,319204.9391,0.016314953336485694
2016-03-02,319859.9741,0.0020520829090140413
2016-03-03,321091.0936,0.003848932657060544
2016-03-04,323454.5868,0.007360818307045047
2016-03-07,324617.6154,0.0035956472638278836
2016-03-08,322084.2351,-0.007804198477887048
2016-03-09,323817.1631,0.005380356475572334
2016-03-10,322930.3646,-0.002738577818144128
2016-03-11,327949.80590000004,0.015543416941350197
2016-03-14,326367.1941,-0.004825774467701938
2016-03-15,325978.5322,-0.001190873062691833
2016-03-16,325984.4212,1.806560683670355e-05
2016-03-17,330538.93090000004,0.01397155631926883
2016-03-18,330703.963,0.0004992818835305446
2016-03-21,330731.05299999996,8.19161637926058e-05
2016-03-22,330741.1443,3.0512103137869673e-05
2016-03-23,327189.2734,-0.010739126235767782
2016-03-24,326283.1586,-0.0027693902999449405
2016-03-28,328103.1596,0.005577980205319744
2016-03-29,330828.3019,0.008305748421692405
2016-03-30,332337.3054,0.004561289017092962
2016-03-31,331815.5495,-0.0015699588686620691
2016-04-01,334712.4986,0.008730600794222276
2016-04-04,333134.6012,-0.004714187269970083
2016-04-05,329227.0124,-0.011729759640470405
2016-04-06,331136.29469999997,0.005799288114549439
2016-04-07,328074.8871,-0.009245158712588464
2016-04-08,328776.5045,0.002138589168472871
2016-04-11,328375.1443,-0.0012207691076051574
2016-04-12,331491.63430000003,0.009490639148841407
2016-04-13,335785.0058,0.01295167375510431
2016-04-14,334817.0884,-0.0028825509873317
2016-04-15,334743.138,-0.00022086805770105133
2016-04-18,336904.8716,0.006457887719269806
2016-04-19,339456.3895,0.007573407555321321
2016-04-20,339517.5058,0.00018004168397012243
2016-04-21,337256.0051,-0.006660925169885479
2016-04-22,339465.7248,0.006552054423300202
2016-04-25,339046.7743,-0.001234146688143145
2016-04-26,341005.9116,0.005778368793051714
2016-04-27,342528.132,0.004463912056121622
2016-04-28,338793.0423,-0.010904475723471418
2016-04-29,337942.5874,-0.0025102490128674493
2016-05-02,340143.5705,0.006512890597581977
2016-05-03,335686.21520000004,-0.013104335011970836
2016-05-04,334102.6135,-0.004717505897751995
2016-05-05,333185.4799,-0.002745065626372334
2016-05-06,334774.1644,0.0047681684702372
2016-05-09,332459.2487,-0.006914857674722108
2016-05-10,336181.8939,0.011197297757714608
2016-05-11,332312.8553,-0.011508765552825762
2016-05-12,332399.7431,0.0002614638543596559
2016-05-13,328930.1237,-0.010438092904771601
2016-05-16,330450.2933,0.004621557864327608
2016-05-17,327195.4294,-0.009849783661850298
2016-05-18,328713.7787,0.004640496668258276
2016-05-19,326948.00789999997,-0.005371757785704423
2016-05-20,329881.4065,0.00897206445404386
2016-05-23,329036.1062,-0.0025624369344381392
2016-05-24,334572.7712,0.016826922321511617
2016-05-25,335604.5286,0.0030838056435358308
2016-05-26,333928.1579,-0.0049950777094490695
2016-05-27,334344.8163,0.0012477486253938963
2016-05-31,331831.8391,-0.007516124304870919
2016-06-01,333048.9193,0.003667761970343131
2016-06-02,333515.494,0.001400919423430791
2016-06-03,332214.7789,-0.0039000140125424743
2016-06-06,334279.3151,0.006214462242877694
2016-06-07,333908.3563,-0.0011097270553190874
2016-06-08,335839.1141,0.005782298536624042
2016-06-09,334997.2695,-0.00250669015208671
2016-06-10,332789.8413,-0.006589391618907037
2016-06-13,330530.3273,-0.00678961230058428
2016-06-14,330846.0903,0.0009553223227027896
2016-06-15,328870.0609,-0.005972654530111532
2016-06-16,331851.55960000004,0.009065886666121958
2016-06-17,329777.4974,-0.006249969722908699
2016-06-20,332447.2628,0.008095656680788599
2016-06-21,335018.603,0.007734580752276843
2016-06-22,335584.3459,0.0016886910008397926
2016-06-23,340079.217,0.013394162018926181
2016-06-24,326718.70139999996,-0.0392864807142862
2016-06-27,321851.3478,-0.014897688987937308
2016-06-28,326101.8374,0.013206375020810235
2016-06-29,330487.21510000003,0.01344787792354829
2016-06-30,336740.88430000003,0.01892257525940222
2016-07-01,336157.4424,-0.0017326137906089611
2016-07-05,331587.881,-0.013593515488979135
2016-07-06,332987.68789999996,0.0042215261178377705
2016-07-07,331898.0061,-0.0032724387104883235
2016-07-08,336423.7801,0.013636038532380823
2016-07-11,338278.09229999996,0.005511834506611857
2016-07-12,340479.1752,0.006506726122979423
2016-07-13,341986.0983,0.004425889187245735
2016-07-14,341946.3352,-0.0001162711004853989
2016-07-15,342333.1305,0.0011311579045694131
2016-07-18,343419.1057,0.003172276076270686
2016-07-19,343384.5036,-0.00010075764401484832
2016-07-20,343030.8777,-0.0010298248648166197
2016-07-21,339641.6505,-0.009880239419624792
2016-07-22,340856.2109,0.0035760054699180976
2016-07-25,339651.5984,-0.003534078187454215
2016-07-26,340695.7815,0.003074277008908055
2016-07-27,340285.9631,-0.0012028866286387663
2016-07-28,340931.1425,0.0018959918126579822
2016-07-29,340425.1153,-0.0014842504450880423
2016-08-01,340230.7715,-0.0005708856111534821
2016-08-02,337828.4624,-0.0070608225393862245
2016-08-03,338961.1813,0.0033529409924579756
2016-08-04,338333.13409999997,-0.001852858777489863
2016-08-05,342812.6759,0.01324003282124897
2016-08-08,343080.38769999996,0.000780927365935824
2016-08-09,345502.8055,0.007060787753680353
2016-08-10,344454.7062,-0.0030335478708580776
2016-08-11,346927.8333,0.007179832516394757
2016-08-12,346616.5629,-0.0008972194506250419
2016-08-15,347567.8662,0.002744540803361506
2016-08-16,345402.5713,-0.0062298477810202035
2016-08-17,348273.0285,0.008310468532982895
2016-08-18,348246.1022,-7.731376763786546e-05
2016-08-19,348000.1685,-0.0007062066120664401
2016-08-22,347687.5501,-0.0008983283006658294
2016-08-23,349233.6003,0.004446665402759731
2016-08-24,347667.4497,-0.004484535848368054
2016-08-25,348047.6715,0.0010936364630282913
2016-08-26,346741.8834,-0.0037517507138385975
2016-08-29,348738.3543,0.005757801395157358
2016-08-30,349997.78239999997,0.003611383962994097
2016-08-31,350464.613,0.0013338101653070922
2016-09-01,350104.9379,-0.0010262807902947646
2016-09-02,351540.7208,0.004101007282593994
2016-09-06,351484.8306,-0.00015898641805378588
2016-09-07,350417.2954,-0.0030372155696667402
2016-09-08,350517.3689,0.0002855837919921722
2016-09-09,342396.24569999997,-0.02316896085773401
2016-09-12,347448.7161,0.014756208525799508
2016-09-13,340993.14379999996,-0.018579928492647113
2016-09-14,340227.7055,-0.0022447322297157735
2016-09-15,343259.4242,0.008910851911794193
2016-09-16,341126.5481,-0.006213598082473237
2016-09-19,341079.5326,-0.00013782421878894002
2016-09-20,340455.8002,-0.001828700758574886
2016-09-21,343518.843,0.008996888283884674
2016-09-22,345385.4579,0.005433806436056177
2016-09-23,342114.9851,-0.00946905182367841
2016-09-26,339654.99470000004,-0.007190536828665661
2016-09-27,341973.4181,0.006825818657687277
2016-09-28,342311.5931,0.0009888926510104312
2016-09-29,338669.2377,-0.010640467554763666
2016-09-30,340722.8424,0.006063747371761963
2016-10-03,339643.7663,-0.0031670201281462917
2016-10-04,337784.2034,-0.00547503909834024
2016-10-05,340364.3386,0.0076384128506585824
2016-10-06,339832.3231,-0.0015630765026334315
2016-10-07,339862.5819,8.904038239787582e-05
2016-10-10,341988.0626,0.006253941484577474
2016-10-11,338301.1215,-0.010780905836214383
2016-10-12,339825.8285,0.004506952247866014
2016-10-13,336443.31,-0.009953682787828488
2016-10-14,338062.8207,0.0048136213497602665
2016-10-17,337555.7914,-0.0014998079319995528
2016-10-18,338267.7527,0.002109166301212495
2016-10-19,339726.6446,0.004312831738631173
2016-10-20,338898.0283,-0.002439067742171397
2016-10-21,337383.97500000003,-0.004467577777288456
2016-10-24,338023.1504,0.0018945043255238492
2016-10-25,336873.73219999997,-0.0034004126600200024
2016-10-26,336687.3518,-0.0005532648650958816
2016-10-27,336587.52650000004,-0.0002964925752817482
2016-10-28,335951.7498,-0.0018888896644838615
2016-10-31,335784.40140000003,-0.0004981322469658211
2016-11-01,334372.7292,-0.004204102972366397
2016-11-02,332774.7967,-0.004778896005733224
2016-11-03,332268.743,-0.0015207092154163604
2016-11-04,331821.2094,-0.0013469024981384026
2016-11-07,339939.5565,0.02446602830084199
2016-11-08,341460.34729999996,0.004473709431341177
2016-11-09,349575.808,0.02376691983174828
2016-11-10,357169.7813,0.021723394829426868
2016-11-11,359682.0223,0.007033744542598752
2016-11-14,362490.7235,0.007808845107241336
2016-11-15,362412.7813,-0.00021501846791416312
2016-11-16,361759.9287,-0.0018014061139294268
2016-11-17,364544.0282,0.007695986423938095
2016-11-18,363504.2747,-0.0028522028056088278
2016-11-21,365425.4976,0.0052852828253135975
2016-11-22,366345.1461,0.002516651153354088
2016-11-23,366056.8919,-0.0007868377759844281
2016-11-25,366688.3665,0.0017250722878685565
2016-11-28,363918.29230000003,-0.007554300744362363
2016-11-29,365011.9303,0.0030051745766559446
2016-11-30,365087.3139,0.0002065236605774956
2016-12-01,367269.5235,0.005977226589137796
2016-12-02,366372.667,-0.0024419573163957375
2016-12-05,368816.51039999997,0.006670375877139145
2016-12-06,371671.3523,0.007740547994730118
2016-12-07,377419.9966,0.015467009400713438
2016-12-08,378264.6776,0.0022380398696659753
2016-12-09,379437.15,0.0030996084737255902
2016-12-12,380325.174,0.0023403717848924366
2016-12-13,381398.2964,0.0028215918202669776
2016-12-14,377514.895,-0.010182010346284187
2016-12-15,379083.5833,0.004155301739816153
2016-12-16,377136.4353,-0.005136460890892924
2016-12-19,379447.4859,0.006127890025162008
2016-12-20,380878.8211,0.0037721562355461646
2016-12-21,379917.43179999996,-0.002524134309236481
2016-12-22,379379.26489600004,-0.001416536486494313
2016-12-23,378926.8714,-0.0011924570946808544
2016-12-27,378792.7801,-0.0003538711823328766
2016-12-28,375501.40849999996,-0.00868910859159222
2016-12-29,374752.92480000004,-0.0019932913247645567
2016-12-30,373756.5063,-0.002658867840809487
2017-01-03,376190.5272,0.006512317134210077
2017-01-04,378638.5788,0.00650747805432772
2017-01-05,375820.3677,-0.00744301098142619
2017-01-06,376302.2736,0.0012822772298086704
2017-01-09,373092.3822,-0.008530087711912326
2017-01-10,372838.7063,-0.0006799278465674519
2017-01-11,374181.3388,0.0036011081395601607
2017-01-12,373044.4033,-0.0030384612542307954
2017-01-13,373331.6288,0.0007699498972753016
2017-01-17,368917.7865,-0.011822845854736252
2017-01-18,370924.6624,0.005439900090043359
2017-01-19,368541.2235,-0.006425668448623356
2017-01-20,370134.0588,0.004322000358258471
2017-01-23,367528.72729999997,-0.0070388861496472055
2017-01-24,372061.56799999997,0.012333296320262921
2017-01-25,378473.8673,0.01723451130539777
2017-01-26,379338.3704,0.00228418174857703
2017-01-27,378506.2277,-0.002193668674019378
2017-01-30,376778.8869,-0.004563572997190124
2017-01-31,376619.2083,-0.000423799224297694
2017-02-01,375899.1639,-0.0019118631873562553
2017-02-02,374639.5634,-0.0033508999778862902
2017-02-03,377411.1773,0.007398081171263726
2017-02-06,375832.28369999997,-0.0041834839426203585
2017-02-07,375010.6898,-0.0021860652627058164
2017-02-08,374769.2623,-0.0006437883147510925
2017-02-09,377877.2073,0.008292955993579154
2017-02-10,378642.4075,0.0020249969704906334
2017-02-13,381489.7863,0.007519968032106972
2017-02-14,383740.9997,0.005901110543047761
2017-02-15,385031.4983,0.0033629416742253504
2017-02-16,385268.5303,0.0006156171665085974
2017-02-17,386697.2407,0.0037083495994014726
2017-02-21,388353.2405,0.004282419489216593
2017-02-22,388492.6396,0.0003589492386377735
2017-02-23,388703.33780000004,0.0005423479842938672
2017-02-24,389031.7732,0.0008449513242125839
2017-02-27,390253.1709,0.003139583407168356
2017-02-28,390223.7069,-7.549970684950225e-05
2017-03-01,401245.9341,0.028245918956493865
2017-03-02,397611.98579999997,-0.009056660743867795
2017-03-03,397277.08609999996,-0.0008422776776363383
2017-03-06,396255.124,-0.002572416421073642
2017-03-07,395678.22500000003,-0.0014558777036784987
2017-03-08,394749.9745,-0.0023459731704973397
2017-03-09,394856.9111,0.0002708970409319722
2017-03-10,394947.7537,0.0002300646068138512
2017-03-13,395550.0719,0.0015250579205914327
2017-03-14,393933.5949,-0.004086655811324502
2017-03-15,395350.92235,0.0035978841823829377
2017-03-16,394557.4044,-0.002007123052308213
2017-03-17,392997.8257,-0.003952729520743992
2017-03-20,391450.907,-0.003936201675529993
2017-03-21,384584.8019,-0.017540143546020626
2017-03-22,384637.4521,0.00013690140572353293
2017-03-23,385767.6458,0.0029383350316758428
2017-03-24,383254.606,-0.006514387163776947
2017-03-27,382009.1091,-0.003249789775520706
2017-03-28,384499.5445,0.006519308939693547
2017-03-29,382010.9587,-0.006472272426840342
2017-03-30,384771.0163,0.007225074404652254
2017-03-31,383045.3016,-0.004485043381371789
2017-04-03,382620.38,-0.001109324662709854
2017-04-04,382440.3667,-0.00047047493915508554
2017-04-05,379782.9563,-0.00694856147882672
2017-04-06,381953.5599,0.005715379176429725
2017-04-07,381113.3883,-0.0021996695101361707
2017-04-10,382376.790984,0.0033150309665992417
2017-04-11,381020.5476,-0.003546876839752522
2017-04-12,379096.8158,-0.005048892539043726
2017-04-13,375019.4877,-0.010755374168457954
2017-04-14,486.32,-0.9987032140570011
2017-04-17,378115.10240000003,776.5026780720514
2017-04-18,377037.3194,-0.002850409817431454
2017-04-19,375858.1008,-0.0031275911940932266
2017-04-20,380218.9135,0.01160228472053193
2017-04-21,378221.2751,-0.005253916438851758
2017-04-24,383143.2634,0.01301351516701077
2017-04-25,386245.9131,0.008097883993749999
2017-04-26,386244.8226,-2.82333084444808e-06
2017-04-27,384870.4799,-0.003558216497890343
2017-04-28,381762.6423,-0.00807502201989474
2017-05-01,382578.6762,0.0021375425711736007
2017-05-02,383176.1052,0.001561584680918493
2017-05-03,383550.3794,0.0009767681098085124
2017-05-04,383091.91719999997,-0.0011953115539011794
2017-05-05,384181.0341,0.0028429649676775526
2017-05-08,381008.1842,-0.008258736424698432
2017-05-09,379868.2202,-0.002991967226094183
2017-05-10,379879.52050000004,2.974794783860979e-05
2017-05-11,378574.49027899996,-0.0034353792467738398
2017-05-12,378001.506,-0.001513531137762869
2017-05-15,379430.9521,0.003781588372825162
2017-05-16,379176.4852,-0.0006706540375570613
2017-05-17,373919.921,-0.013863107036364397
2017-05-18,373885.3406,-9.248076408308048e-05
2017-05-19,377101.50419999997,0.00860200508219644
2017-05-22,380899.5059,0.010071563379353998
2017-05-23,381241.7071,0.000898402845630919
2017-05-24,380934.3876,-0.0008061014686395751
2017-05-25,381667.1638,0.0019236283828736322
2017-05-26,382399.32660000003,0.0019183279816643584
2017-05-30,381395.3984,-0.0026253398742256406
2017-05-31,381893.2416,0.0013053204157378318
2017-06-01,385127.8687,0.008469977333057876
2017-06-02,385474.8374,0.0009009181838002256
2017-06-05,385199.5975,-0.0007140281888605715
2017-06-06,384039.75141900004,-0.0030110262018120393
2017-06-07,384635.1888,0.0015504576773623935
2017-06-08,386078.3575,0.003752045423879302
2017-06-09,390846.2223,0.012349474419839801
2017-06-12,391705.1726,0.0021976681645925478
2017-06-13,393735.215,0.00518257746387496
2017-06-14,393324.8785,-0.0010421635768597115
2017-06-15,391207.0813,-0.005384345907831989
2017-06-16,391815.6667,0.0015556604905453408
2017-06-19,393543.1045,0.004408802268038636
2017-06-20,390805.4159,-0.006956515229705862
2017-06-21,389075.7094,-0.004426004424776475
2017-06-22,387442.924309,-0.004196574218210403
2017-06-23,386985.9756,-0.0011793961905872674
2017-06-26,386840.54089999996,-0.0003758138774268005
2017-06-27,385496.819594,-0.0034735793277347327
2017-06-28,390428.7354,0.012793661465726913
2017-06-29,388663.8714,-0.0045203230192364385
2017-06-30,389785.79620000004,0.002886619731231388
2017-07-03,393605.7988,0.00980026116200472
2017-07-05,392697.4655,-0.002307723368835668
2017-07-06,389381.7992,-0.008443309650033815
2017-07-07,391890.6668,0.006443207168785436
2017-07-10,390133.9784,-0.004482598206138166
2017-07-11,390350.11919999996,0.0005540168556616987
2017-07-12,391876.2271,0.0039095873804975145
2017-07-13,391899.22014,5.867424051242409e-05
2017-07-14,392338.411,0.0011206729624089196
2017-07-17,392737.31460000004,0.0010167334852158039
2017-07-18,392175.593699,-0.0014302712783279548
2017-07-19,394723.4607,0.006496750542196006
2017-07-20,394870.828332,0.0003733439905970748
2017-07-21,394884.32,3.416729480121283e-05
2017-07-24,395095.0076,0.0005335425827999174
2017-07-25,397331.6314,0.005660977124429811
2017-07-26,397006.5926,-0.0008180541751855452
2017-07-27,396527.4023,-0.0012070084198394504
2017-07-28,397686.480489,0.002923072106182145
2017-07-31,399214.45310000004,0.0038421537717883147
2017-08-01,401047.50800000003,0.004591654650190735
2017-08-02,402603.4568,0.003879711926797258
2017-08-03,404136.00099900004,0.003806584799795676
2017-08-04,406082.6343,0.004816777758447577
2017-08-07,400793.35349999997,-0.013025134180183806
2017-08-08,400388.2748,-0.001010692159594262
2017-08-09,402076.1699,0.0042156456775441775
2017-08-10,397529.112673,-0.011308944840304425
2017-08-11,396181.2288,-0.0033906544955584206
2017-08-14,401125.1662,0.012478979418017344
2017-08-15,400892.4193,-0.0005802350976999993
2017-08-16,402095.972557,0.0030021851226360585
2017-08-17,399268.67850000004,-0.007031391135356779
2017-08-18,399321.86990000005,0.00013322207041088774
2017-08-21,400369.3585,0.002623168624003025
2017-08-22,404001.12210000004,0.00907103284229005
2017-08-23,403012.751155,-0.002446455940177783
2017-08-24,401083.731425,-0.004786498006506212
2017-08-25,402627.7006,0.0038494933950934396
2017-08-28,400948.89609999995,-0.00416961996777232
2017-08-29,400912.971409,-8.959917672646256e-05
2017-08-30,404015.39212,0.0077383894566858125
2017-08-31,406251.2067,0.005533983664008257
2017-09-01,406294.9604,0.00010770109547597606
2017-09-05,399840.88859999995,-0.015885187927622724
2017-09-06,399754.86140000005,-0.0002151535834694629
2017-09-07,394618.588654,-0.012848556057610039
2017-09-08,398072.41949999996,0.008752326791752418
2017-09-11,402757.552901,0.011769550392074057
2017-09-12,404372.6853,0.0040101852525580295
2017-09-13,404794.8194,0.001043923378966083
2017-09-14,404340.93470000004,-0.0011212710199026699
2017-09-15,406511.2883,0.005367632643007658
2017-09-18,409347.9678,0.006978107574485248
2017-09-19,411601.0014,0.005503956968709867
2017-09-20,412790.50693100004,0.0028899480976822822
2017-09-21,411407.22940999997,-0.003351040050035059
2017-09-22,410410.6806,-0.002422292898034639
2017-09-25,410736.57660000003,0.0007940729016202575
2017-09-26,410129.07891700004,-0.0014790445205263847
2017-09-27,413641.529674,0.008564256809770798
2017-09-28,413730.9027,0.00021606395777151732
2017-09-29,414092.53119999997,0.0008740669300746351
2017-10-02,418287.6803,0.010130946066191804
2017-10-03,419288.8576,0.0023935137159236675
2017-10-04,419300.826,2.854452195211188e-05
2017-10-05,421399.43069999997,0.005005009696785079
2017-10-06,421285.6605,-0.0002699818550085942
2017-10-09,420857.624,-0.0010160243752231901
2017-10-10,422102.1736,0.0029571748948522547
2017-10-11,421435.1972,-0.001580130218974074
2017-10-12,419795.2703,-0.0038912907865684687
2017-10-13,421179.5984,0.0032976267193547404
2017-10-16,422252.38791,0.002547107015808292
2017-10-17,420973.4126,-0.0030289356475412532
2017-10-18,421565.7858,0.0014071510985489422
2017-10-19,421161.8689,-0.000958134918927267
2017-10-20,424418.52509999997,0.007732552352153199
2017-10-23,424543.56,0.000294602833301294
2017-10-24,425108.96745,0.0013318007933038611
2017-10-25,423010.58351,-0.004936108387896487
2017-10-26,423186.86500000005,0.00041673068446024253
2017-10-27,422748.83430000005,-0.0010350763131554697
2017-10-30,422061.8532,-0.0016250336943862687
2017-10-31,421464.9717,-0.0014142038553699443
2017-11-01,420494.60620000004,-0.0023023633401512145
2017-11-02,424108.7606,0.008595007752087325
2017-11-03,421322.2323,-0.006570315350378109
2017-11-06,421086.0471,-0.000560580909083841
2017-11-07,419262.6913,-0.004330126378105814
2017-11-09,416165.13000999996,-0.007388115742890222
2017-11-10,414888.237,-0.003068236423290127
2017-11-13,415799.1667,0.0021956026196037204
2017-11-14,414363.5324,-0.0034527108637419923
2017-11-15,411730.6,-0.00635416052361093
2017-11-16,412875.4202,0.0027805079340714745
2017-11-17,412060.1813,-0.001974539679802434
2017-11-20,413241.24090000003,0.002866230841024109
2017-11-21,417283.5947,0.009782067712303055
2017-11-22,416858.4629,-0.0010188078453112759
2017-11-24,416499.37580000004,-0.0008614125223747049
2017-11-27,418383.1347,0.004522837270480196
2017-11-28,424238.86137500004,0.013996086814538788
2017-11-29,428953.0713,0.011112159573785307
2017-11-30,436095.41311,0.016650636836225807
2017-12-01,435016.7833,-0.0024733803144312283
2017-12-04,439224.587,0.0096727387575255
2017-12-05,437516.38169999997,-0.003889138610539633
2017-12-06,436980.8576,-0.001224009254051639
2017-12-07,437616.9054,0.0014555507156384095
2017-12-08,438224.13200000004,0.0013875757369223862
2017-12-11,439201.5919,0.002230502221634678
2017-12-12,442077.0578,0.0065470297763736696
2017-12-13,439788.2271,-0.0051774473694481404
2017-12-14,438493.4692,-0.0029440485675066297
2017-12-15,440492.7074,0.004559334038993779
2017-12-18,444210.1464,0.00843927478832085
2017-12-19,441129.0612,-0.006936098207053543
2017-12-20,440620.1998,-0.0011535431345550684
2017-12-21,442658.65271,0.004626326507330525
2017-12-22,440625.9496,-0.004592032930014089
2017-12-26,440669.4273,9.86725816749523e-05
2017-12-27,442405.52859999996,0.0039396908259261565
2017-12-28,443849.5726,0.0032640731334658835
2017-12-29,441153.6081,-0.006074050007995879
2018-01-02,440065.7038,-0.002466044207788509
2018-01-03,444966.6438,0.01113683697157053
2018-01-04,445922.5016,0.002148156077131924
2018-01-05,447548.1387,0.003645559697407208
2018-01-08,450580.9824,0.006776575384291661
2018-01-09,450936.7183,0.0007895049145332234
2018-01-10,454358.7,0.007588607361362465
2018-01-11,457629.1736,0.007197999289988211
2018-01-12,463484.79880000005,0.012795567979060563
2018-01-16,462531.5527,-0.0020566933424096545
2018-01-17,470023.1741,0.016196995332033337
2018-01-18,468004.9418,-0.004293899559026038
2018-01-19,469671.9559,0.0035619583280221967
2018-01-22,473990.886,0.009195631218227529
2018-01-23,473354.89650000003,-0.0013417757994611534
2018-01-24,473450.1602,0.00020125216978694738
2018-01-25,472832.8801,-0.0013037910890962845
2018-01-26,476788.00930000003,0.008364750774445984
2018-01-29,473186.9425,-0.007552762925575607
2018-01-30,471401.5848,-0.003773049379949822
2018-01-31,471451.0169,0.00010486197245374029
2018-02-01,473798.698787,0.004979694184216621
2018-02-02,459501.64800000004,-0.030175369463028567
2018-02-05,435904.0433,-0.051354777077970426
2018-02-06,444331.5053,0.0193332962369428
2018-02-07,442276.3489,-0.004625277243423098
2018-02-08,424768.1362,-0.039586590473456806
2018-02-09,432132.53761,0.017337461976037805
2018-02-12,438453.01851,0.014626255488551676
2018-02-13,437213.7813,-0.002826385399766096
2018-02-14,442696.2538,0.012539569278211316
2018-02-15,449300.4161,0.014918044242099082
2018-02-16,449750.0931,0.0010008381561346091
2018-02-20,447784.3848,-0.004370667911263615
2018-02-21,444108.38971,-0.008209297185836073
2018-02-22,443777.40249999997,-0.0007452847495544868
2018-02-23,447922.8712,0.00934132444925484
2018-02-26,460977.946561,0.029145811032209812
2018-02-27,455325.8089,-0.012261188855489213
2018-02-28,449549.2904,-0.012686560671698377
2018-03-01,442250.4825,-0.016235834547766004
2018-03-02,443654.0392,0.003173669120869693
2018-03-05,446369.07879999996,0.00611972248668291
2018-03-06,450041.84239999996,0.008228086967568826
2018-03-07,450307.5868,0.0005904882056806393
2018-03-08,452485.119,0.004835655147349627
2018-03-09,466615.8829,0.031229234524285054
2018-03-12,464869.3435,-0.0037429917497564524
2018-03-13,460503.83239999996,-0.00939083456683154
2018-03-14,456350.47721000004,-0.009019154451666456
2018-03-15,456965.77129999996,0.0013482928598249622
2018-03-16,456764.2613,-0.0004409739474068308
2018-03-19,450669.6129,-0.013343093837188569
2018-03-20,451826.25680000003,0.0025665007510871085
2018-03-21,452600.625687,0.0017138642904117596
2018-03-22,438778.6216,-0.030539074191555993
2018-03-23,427984.38269999996,-0.024600649094158267
2018-03-26,441770.281,0.032211218112749185
2018-03-27,434760.7565,-0.01586689915884132
2025-07-25,1468.27,-0.9966228092622247
2025-07-28,1477.51,0.006293120475116876
2025-07-29,1471.8,-0.0038646100534006633
2025-07-30,1468.05,-0.002547900529963343
2025-07-31,1475.35,0.00497258267770162
2025-08-01,1433.0,-0.028705053038262096
2025-08-04,1454.94,0.015310537334263907
2025-08-05,1447.81,-0.004900545726971628
2025-08-06,1476.5,0.019816136095205827
2025-08-07,1482.79,0.0042600745005079155
2025-08-08,1505.15,0.01507968087187006
2025-08-11,1510.28,0.003408298176261315
2025-08-12,1524.54,0.009441957782662769
2025-08-13,1519.81,-0.003102575203012048
2025-08-14,1524.76,0.003256986070627299
2025-08-15,1517.25,-0.004925365303392049
2025-08-18,1518.14,0.0005865875762069983
2025-08-19,1499.22,-0.012462618730815334
2025-08-20,1478.76,-0.013647096490174926
2025-08-21,1470.95,-0.005281452027374289
2025-08-22,1509.93,0.026499881029266703
2025-08-25,1514.45,0.0029935162557204187
2025-08-26,1518.8700000000001,0.0029185512892468957
2025-08-27,1523.43,0.0030022319224158878
2025-08-28,1531.42,0.005244743768994864
2025-08-29,1514.6100000000001,-0.010976740541458252
2025-09-02,1500.8899999999999,-0.009058437485557458
2025-09-03,1534.56,0.022433356208649613
2025-09-04,1554.26,0.012837556042122777
2025-09-05,1552.86,-0.0009007501962349229
2025-09-08,1552.36,-0.0003219865280836842
2025-09-09,1557.6,0.0033755056816717754
2025-09-10,1544.45,-0.008442475603492428
2025-09-11,1570.17,0.016653177506555705
2025-09-12,1608.86,0.02464064400669974
2025-09-15,1645.14,0.022550128662531366
2025-09-16,1654.02,0.005397716911630601
2025-09-17,1656.02,0.0012091752215812601
2025-09-18,1646.44,-0.005784954287991639
2025-09-19,1675.6999999999998,0.017771677072957237
2025-09-22,1684.9,0.00549024288357125
2025-09-23,1661.88,-0.013662531901002972
2025-09-24,1672.6,0.006450525910414617
2025-09-25,1651.23,-0.012776515604448146
2025-09-26,1673.6399999999999,0.01357170109554695
2025-09-29,1678.46,0.0028799502879950367
2025-09-30,1679.97,0.0008996341884823789
2025-10-01,1700.15,0.01201211926403456
2025-10-02,1676.97,-0.013634091109608004
2025-10-03,1670.06,-0.004120526902687605
2025-10-06,1709.8400000000001,0.02381950349089257
2025-10-07,1681.09,-0.016814438777897456
2025-10-08,1691.44,0.006156719747306916
2025-10-09,1681.25,-0.0060244525374828495
2025-10-10,1622.6599999999999,-0.03484907063197029
2025-10-13,1661.83,0.024139376086179443
2025-10-14,1652.42,-0.0056624323787630715
2025-10-15,1664.52,0.007322593529490051
2025-10-16,1653.74,-0.006476341527887897
2025-10-17,1671.52,0.010751387763493714
2025-10-20,1699.49,0.016733272709868796
2025-10-21,1695.52,-0.0023359949161219085
2025-10-22,1687.6,-0.004671133339624434
2025-10-23,1703.29,0.009297226831002536
2025-10-24,1704.2800000000002,0.0005812280938655157
2025-10-27,1748.99,0.026233952167484142
2025-10-28,1768.3400000000001,0.011063528093356867
2025-10-29,1777.6299999999999,0.005253514595609188
2025-10-30,1741.6,-0.020268559824035304
2025-10-31,1770.1499999999999,0.016392971979788618
2025-11-03,1792.17,0.012439623760698293
2025-11-04,1755.49,-0.020466808394292935
2025-11-05,1773.88,0.010475707637183973
2025-11-06,1740.57,-0.01877804586556031
2025-11-07,1718.05,-0.012938290330179236
2025-11-10,1759.16,0.023928290794796414
2025-11-11,1763.96,0.0027285750017054244
2025-11-12,1746.12,-0.010113608018322506
2025-11-13,1694.38,-0.029631411357753046
2025-11-14,1698.04,0.002160082153944032
2025-11-17,1701.76,0.002190761112812467
2025-11-18,1669.31,-0.01906849379465969
2025-11-19,1675.17,0.003510432454127743
2025-11-20,1646.5,-0.01711468089805812
2025-11-21,1655.05,0.00519283328272091
2025-11-24,1712.56,0.03474819491858261
2025-11-25,1726.47,0.008122343158779799
2025-11-26,1738.74,0.0071069870892630504
2025-11-28,1754.43,0.009023775837675663
2025-12-01,1748.75,-0.00323751873827971
2025-12-02,1755.6599999999999,0.003951393852751783
2025-12-03,1760.63,0.0028308442409124
2025-12-04,1762.8,0.0012325133616943873
2025-12-05,1767.74,0.0028023598820059448
2025-12-08,1749.1,-0.01054453709255887
2025-12-09,1759.37,0.005871591103996376
2025-12-10,1760.78,0.0008014232367268281
2025-12-11,1751.1,-0.005497563579777154
2025-12-12,1751.25,8.566044200786216e-05
2025-12-15,1755.0,0.0021413276231263545
